dataset,backbone,method,protocol,seed,n_test,ECE_10bin,BrierScore,status
bace,cmpnn,lora,scaffold,0,152,0.1323105149174923,0.17015184894653454,PASS
bace,cmpnn,lora,scaffold,1,152,0.1113241989278451,0.12511240660307996,PASS
bace,cmpnn,lora,scaffold,2,152,0.14039390514938674,0.17659355278288624,PASS
bace,cmpnn,lora,random,0,152,0.07500464798433196,0.11258318779358739,PASS
bace,cmpnn,lora,random,1,152,0.10447141324950707,0.154479656846853,PASS
bace,cmpnn,lora,random,2,152,0.11349632277051566,0.16796748899578334,PASS
bace,cmpnn,dora,scaffold,0,152,0.13825609311081316,0.17291405141822858,PASS
bace,cmpnn,dora,scaffold,1,152,0.10070043468355928,0.12468157689584619,PASS
bace,cmpnn,dora,scaffold,2,152,0.14275093392145782,0.17137832854815324,PASS
bace,cmpnn,dora,random,0,152,0.06760511757987855,0.11219359289759409,PASS
bace,cmpnn,dora,random,1,152,0.11292720866323505,0.15747358358788255,PASS
bace,cmpnn,dora,random,2,152,0.11472448348758377,0.14969012409891547,PASS
bace,chemberta2,lora,scaffold,0,152,0.08158011656058461,0.17584238678053596,PASS
bace,chemberta2,lora,scaffold,1,152,0.07289233328897114,0.14977744383577205,PASS
bace,chemberta2,lora,scaffold,2,152,0.09289133411489037,0.18422749897866172,PASS
bace,chemberta2,lora,random,0,152,0.07556028305062729,0.1241924689221479,PASS
bace,chemberta2,lora,random,1,152,0.10319956018908047,0.1568807733126851,PASS
bace,chemberta2,lora,random,2,152,0.1534336661111171,0.20287674302728315,PASS
bace,chemberta2,dora,scaffold,0,152,0.08229808281420876,0.17494888668215616,PASS
bace,chemberta2,dora,scaffold,1,152,0.06455939278423196,0.14906743673759976,PASS
bace,chemberta2,dora,scaffold,2,152,0.08216162202389615,0.18388558515282102,PASS
bace,chemberta2,dora,random,0,152,0.06655696495191045,0.12326187569322886,PASS
bace,chemberta2,dora,random,1,152,0.09691469302082337,0.15645479495183262,PASS
bace,chemberta2,dora,random,2,152,0.15214322631149305,0.2032527758240769,PASS
bace,molformer_c3,lora,scaffold,0,152,0.12707587684060756,0.18849778869896347,PASS
bace,molformer_c3,lora,scaffold,1,152,0.06391233516306352,0.1293269445683853,PASS
bace,molformer_c3,lora,scaffold,2,152,0.08974282586438534,0.17892312757536613,PASS
bace,molformer_c3,lora,random,0,152,0.05927568408629956,0.12202889452313564,PASS
bace,molformer_c3,lora,random,1,152,0.05461878193646524,0.13983598483922266,PASS
bace,molformer_c3,lora,random,2,152,0.11606884463138781,0.18522088143946963,PASS
bace,molformer_c3,dora,scaffold,0,152,0.17008796658542213,0.20431292083523825,PASS
bace,molformer_c3,dora,scaffold,1,152,0.055282270257042604,0.13348962204986903,PASS
bace,molformer_c3,dora,scaffold,2,152,0.13917122258594883,0.18785734834579076,PASS
bace,molformer_c3,dora,random,0,152,0.06689544568239637,0.11008744847644711,PASS
bace,molformer_c3,dora,random,1,152,0.09189560903790774,0.16307393796967198,PASS
bace,molformer_c3,dora,random,2,152,0.12138053425434538,0.1718694436051702,PASS
bbbp,cmpnn,lora,scaffold,0,205,0.05844617529726786,0.06163114994685513,PASS
bbbp,cmpnn,lora,scaffold,1,205,0.0621117031247151,0.08795571951651551,PASS
bbbp,cmpnn,lora,scaffold,2,205,0.08044890904963789,0.08224180830767124,PASS
bbbp,cmpnn,lora,random,0,204,0.08338074769548542,0.07821606790875307,PASS
bbbp,cmpnn,lora,random,1,204,0.09902343713203625,0.08586977362582256,PASS
bbbp,cmpnn,lora,random,2,204,0.06428103990722717,0.06687719056721687,PASS
bbbp,cmpnn,dora,scaffold,0,205,0.06293441431551443,0.0695509476469012,PASS
bbbp,cmpnn,dora,scaffold,1,205,0.06364999417124731,0.08938360744178281,PASS
bbbp,cmpnn,dora,scaffold,2,205,0.08135360057136362,0.08063801076945305,PASS
bbbp,cmpnn,dora,random,0,204,0.08327119869029362,0.08127423064370216,PASS
bbbp,cmpnn,dora,random,1,204,0.06089232256693089,0.07200616682916582,PASS
bbbp,cmpnn,dora,random,2,204,0.04994478368077092,0.05748507937388134,PASS
bbbp,chemberta2,lora,scaffold,0,205,0.07268375718012088,0.06882267069607148,PASS
bbbp,chemberta2,lora,scaffold,1,205,0.04393015578389171,0.06996174305319941,PASS
bbbp,chemberta2,lora,scaffold,2,205,0.06991411107705857,0.06670960909445708,PASS
bbbp,chemberta2,lora,random,0,204,0.042846105901487866,0.07755871345316206,PASS
bbbp,chemberta2,lora,random,1,204,0.0743198839436267,0.05845930464440008,PASS
bbbp,chemberta2,lora,random,2,204,0.042537332731573035,0.06457773783015323,PASS
bbbp,chemberta2,dora,scaffold,0,205,0.062001089533654616,0.06889563022596239,PASS
bbbp,chemberta2,dora,scaffold,1,205,0.042860885091671116,0.0697413037584503,PASS
bbbp,chemberta2,dora,scaffold,2,205,0.0693113887455405,0.06652294862058052,PASS
bbbp,chemberta2,dora,random,0,204,0.044101539524454676,0.07776229070518863,PASS
bbbp,chemberta2,dora,random,1,204,0.07489998897939334,0.05873864239233211,PASS
bbbp,chemberta2,dora,random,2,204,0.049607439067068666,0.0643505399344934,PASS
bbbp,molformer_c3,lora,scaffold,0,205,0.036115247174734015,0.06760760327360184,PASS
bbbp,molformer_c3,lora,scaffold,1,205,0.07384908475526951,0.09595359316702601,PASS
bbbp,molformer_c3,lora,scaffold,2,205,0.05656072123930222,0.05186889725068776,PASS
bbbp,molformer_c3,lora,random,0,204,0.06588452750378672,0.0771247819126428,PASS
bbbp,molformer_c3,lora,random,1,204,0.04155659801600609,0.047561754522028134,PASS
bbbp,molformer_c3,lora,random,2,204,0.050839276210514546,0.056577775472788416,PASS
bbbp,molformer_c3,dora,scaffold,0,205,0.06650540479799597,0.06920302943913935,PASS
bbbp,molformer_c3,dora,scaffold,1,205,0.07382692303962829,0.09596129948167892,PASS
bbbp,molformer_c3,dora,scaffold,2,205,0.05589771017250491,0.05160827498039093,PASS
bbbp,molformer_c3,dora,random,0,204,0.05541537578078443,0.07115619582049551,PASS
bbbp,molformer_c3,dora,random,1,204,0.032413176808725346,0.047376630662265364,PASS
bbbp,molformer_c3,dora,random,2,204,0.03889352042574944,0.0599118921397748,PASS
sider,cmpnn,lora,scaffold,0,144,0.029182660137351074,0.16756341552209433,PASS
sider,cmpnn,lora,scaffold,1,144,0.07971267477914004,0.17709436586579408,PASS
sider,cmpnn,lora,scaffold,2,144,0.021427254121957305,0.1624886339096791,PASS
sider,cmpnn,lora,random,0,143,0.056237027594968285,0.16691685678442789,PASS
sider,cmpnn,lora,random,1,143,0.02910433897764388,0.17248447056954636,PASS
sider,cmpnn,lora,random,2,143,0.05827097441298783,0.17965250936983937,PASS
sider,cmpnn,dora,scaffold,0,144,0.04374808916611762,0.16650377777379508,PASS
sider,cmpnn,dora,scaffold,1,144,0.07774410585222633,0.17799852984342762,PASS
sider,cmpnn,dora,scaffold,2,144,0.02731808432025277,0.16222921947713098,PASS
sider,cmpnn,dora,random,0,143,0.048409816874314476,0.16293678715716625,PASS
sider,cmpnn,dora,random,1,143,0.027186179177163688,0.17189030899019722,PASS
sider,cmpnn,dora,random,2,143,0.05946026922444542,0.1784916420615181,PASS
sider,chemberta2,lora,scaffold,0,144,0.029222950443276673,0.1695129022187341,PASS
sider,chemberta2,lora,scaffold,1,144,0.06610529822090912,0.1763285420003446,PASS
sider,chemberta2,lora,scaffold,2,144,0.01865758524691193,0.16557948993133279,PASS
sider,chemberta2,lora,random,0,143,0.040253938506923,0.17019606491063455,PASS
sider,chemberta2,lora,random,1,143,0.06429935338608081,0.1821327085445746,PASS
sider,chemberta2,lora,random,2,143,0.05072763571501207,0.1774119209599435,PASS
sider,chemberta2,dora,scaffold,0,144,0.029657942399098972,0.16953972317388472,PASS
sider,chemberta2,dora,scaffold,1,144,0.04275874383500854,0.17416542090857748,PASS
sider,chemberta2,dora,scaffold,2,144,0.018347727214829416,0.16562043990612832,PASS
sider,chemberta2,dora,random,0,143,0.04062293782662356,0.17010361918327405,PASS
sider,chemberta2,dora,random,1,143,0.03690632802816103,0.1760178527264184,PASS
sider,chemberta2,dora,random,2,143,0.0509214806007412,0.17723338089883411,PASS
sider,molformer_c3,lora,scaffold,0,144,0.053904270720807064,0.1692087365138843,PASS
sider,molformer_c3,lora,scaffold,1,144,0.04495690488660136,0.1701048509719399,PASS
sider,molformer_c3,lora,scaffold,2,144,0.04114507730111748,0.16768601936889746,PASS
sider,molformer_c3,lora,random,0,143,0.0369665043646717,0.16735305247052112,PASS
sider,molformer_c3,lora,random,1,143,0.03038436770372211,0.17333591687110472,PASS
sider,molformer_c3,lora,random,2,143,0.037940007142628074,0.17329609378091382,PASS
sider,molformer_c3,dora,scaffold,0,144,0.05391232117668222,0.16924774704732914,PASS
sider,molformer_c3,dora,scaffold,1,144,0.043890769686597816,0.1719607091156041,PASS
sider,molformer_c3,dora,scaffold,2,144,0.03924360971537572,0.16754841586915006,PASS
sider,molformer_c3,dora,random,0,143,0.03532864882251814,0.1672985144913375,PASS
sider,molformer_c3,dora,random,1,143,0.026934227665437138,0.1732113380166396,PASS
sider,molformer_c3,dora,random,2,143,0.04719814044971918,0.17590802726692376,PASS
