index,backbone,method_comparison,protocol,alt_bootstrap_seed,n_pairs,locked_lower,locked_upper,alt_lower,alt_upper,alt_bootstrap_mean,locked_includes_zero,alt_includes_zero,invariant,zero_inclusion_changed
1,cmpnn,lora_vs_dora,scaffold,0,36,-0.0071460013888888915,0.010377041666666661,-0.00729669236111111,0.010395631944444449,0.0017897712055555577,True,True,True,False
1,cmpnn,lora_vs_dora,scaffold,1,36,-0.0071460013888888915,0.010377041666666661,-0.007147415277777775,0.010602386805555565,0.0018688211777777802,True,True,True,False
1,cmpnn,lora_vs_dora,scaffold,2,36,-0.0071460013888888915,0.010377041666666661,-0.007321133333333329,0.010588588194444436,0.0017401925583333355,True,True,True,False
1,cmpnn,lora_vs_dora,scaffold,7,36,-0.0071460013888888915,0.010377041666666661,-0.007399487499999981,0.010272265277777769,0.00177831432777778,True,True,True,False
1,cmpnn,lora_vs_dora,scaffold,100,36,-0.0071460013888888915,0.010377041666666661,-0.007328004166666671,0.010450534027777791,0.0018336638666666687,True,True,True,False
2,cmpnn,lora_vs_dora,random,0,36,-0.007960666666666689,0.0034509215277777707,-0.007877336805555572,0.003487522916666661,-0.0019342095027777863,True,True,True,False
2,cmpnn,lora_vs_dora,random,1,36,-0.007960666666666689,0.0034509215277777707,-0.007995536111111125,0.003446235416666672,-0.001971498377777786,True,True,True,False
2,cmpnn,lora_vs_dora,random,2,36,-0.007960666666666689,0.0034509215277777707,-0.007894858333333343,0.003412727777777775,-0.0019204029527777862,True,True,True,False
2,cmpnn,lora_vs_dora,random,7,36,-0.007960666666666689,0.0034509215277777707,-0.007829507638888905,0.0035012763888888783,-0.0019058001277777862,True,True,True,False
2,cmpnn,lora_vs_dora,random,100,36,-0.007960666666666689,0.0034509215277777707,-0.008055675000000014,0.003453292361111112,-0.0019135823138888973,True,True,True,False
3,cmpnn,fullft_vs_lora,scaffold,0,35,-0.06466305571428571,-0.006417693571428581,-0.0639854142857143,-0.0074999249999999915,-0.03640296083428571,False,False,True,False
3,cmpnn,fullft_vs_lora,scaffold,1,35,-0.06466305571428571,-0.006417693571428581,-0.06469250357142856,-0.006336286428571432,-0.03634978578571428,False,False,True,False
3,cmpnn,fullft_vs_lora,scaffold,2,35,-0.06466305571428571,-0.006417693571428581,-0.06471255571428572,-0.006899986428571402,-0.03635902938571428,False,False,True,False
3,cmpnn,fullft_vs_lora,scaffold,7,35,-0.06466305571428571,-0.006417693571428581,-0.0645960792857143,-0.0069367000000000074,-0.03651984549428571,False,False,True,False
3,cmpnn,fullft_vs_lora,scaffold,100,35,-0.06466305571428571,-0.006417693571428581,-0.06479766071428568,-0.00696811928571429,-0.036541976771428564,False,False,True,False
4,cmpnn,fullft_vs_lora,random,0,36,-0.04944559097222223,-0.020680001388888897,-0.04967850138888891,-0.020532547222222235,-0.03418044312222223,False,False,True,False
4,cmpnn,fullft_vs_lora,random,1,36,-0.04944559097222223,-0.020680001388888897,-0.049087995138888896,-0.020771916666666692,-0.03400514398333334,False,False,True,False
4,cmpnn,fullft_vs_lora,random,2,36,-0.04944559097222223,-0.020680001388888897,-0.04900393541666667,-0.020748320138888908,-0.03392787801111112,False,False,True,False
4,cmpnn,fullft_vs_lora,random,7,36,-0.04944559097222223,-0.020680001388888897,-0.049266044444444455,-0.02094565347222224,-0.034190850213888895,False,False,True,False
4,cmpnn,fullft_vs_lora,random,100,36,-0.04944559097222223,-0.020680001388888897,-0.049202004861111114,-0.020436968055555577,-0.034129709413888897,False,False,True,False
5,cmpnn,fullft_vs_dora,scaffold,0,35,-0.06410729857142854,-0.010537010714285712,-0.06379527071428569,-0.011258036428571424,-0.03733175904571427,False,False,True,False
5,cmpnn,fullft_vs_dora,scaffold,1,35,-0.06410729857142854,-0.010537010714285712,-0.0640514964285714,-0.010446222142857143,-0.03727308119142856,False,False,True,False
5,cmpnn,fullft_vs_dora,scaffold,2,35,-0.06410729857142854,-0.010537010714285712,-0.06457117357142858,-0.010636491428571425,-0.037227569654285704,False,False,True,False
5,cmpnn,fullft_vs_dora,scaffold,7,35,-0.06410729857142854,-0.010537010714285712,-0.06405196714285714,-0.01073623928571428,-0.037396459399999984,False,False,True,False
5,cmpnn,fullft_vs_dora,scaffold,100,35,-0.06410729857142854,-0.010537010714285712,-0.0642430157142857,-0.010837824285714281,-0.037371411905714275,False,False,True,False
6,cmpnn,fullft_vs_dora,random,0,36,-0.04823410833333333,-0.01716823402777779,-0.04810593055555555,-0.01688861180555557,-0.03224623361944445,False,False,True,False
6,cmpnn,fullft_vs_dora,random,1,36,-0.04823410833333333,-0.01716823402777779,-0.04758328680555556,-0.017049277083333335,-0.03203364560555556,False,False,True,False
6,cmpnn,fullft_vs_dora,random,2,36,-0.04823410833333333,-0.01716823402777779,-0.04751988611111112,-0.017161948611111127,-0.03200747505833334,False,False,True,False
6,cmpnn,fullft_vs_dora,random,7,36,-0.04823410833333333,-0.01716823402777779,-0.047947222222222204,-0.017268693750000005,-0.03228505008611112,False,False,True,False
6,cmpnn,fullft_vs_dora,random,100,36,-0.04823410833333333,-0.01716823402777779,-0.04779181458333334,-0.017080345138888897,-0.032216127100000005,False,False,True,False
7,chemberta2,lora_vs_dora,scaffold,0,36,-0.0013251346846235336,0.008063715849201524,-0.0012908741345132768,0.008007508044991398,0.0027361359301256065,True,True,True,False
7,chemberta2,lora_vs_dora,scaffold,1,36,-0.0013251346846235336,0.008063715849201524,-0.0012782936228699013,0.007991767130379843,0.0027293067626070304,True,True,True,False
7,chemberta2,lora_vs_dora,scaffold,2,36,-0.0013251346846235336,0.008063715849201524,-0.001318250475875175,0.00803702329536587,0.002752464545488928,True,True,True,False
7,chemberta2,lora_vs_dora,scaffold,7,36,-0.0013251346846235336,0.008063715849201524,-0.0012826588910720177,0.008058402806933887,0.002732679357765603,True,True,True,False
7,chemberta2,lora_vs_dora,scaffold,100,36,-0.0013251346846235336,0.008063715849201524,-0.001314642298808791,0.007939401950483647,0.0027357892735470845,True,True,True,False
8,chemberta2,lora_vs_dora,random,0,36,-0.0034424259168730174,0.0014027683971275982,-0.0034592657543504757,0.001366043399178801,-0.001234214165523672,True,True,True,False
8,chemberta2,lora_vs_dora,random,1,36,-0.0034424259168730174,0.0014027683971275982,-0.003440546733702388,0.0014755381090827452,-0.0012104997888499982,True,True,True,False
8,chemberta2,lora_vs_dora,random,2,36,-0.0034424259168730174,0.0014027683971275982,-0.0034319154756707825,0.001432278000676843,-0.0012191549742193333,True,True,True,False
8,chemberta2,lora_vs_dora,random,7,36,-0.0034424259168730174,0.0014027683971275982,-0.0034692356778605153,0.0014368106804903008,-0.0012450555332612868,True,True,True,False
8,chemberta2,lora_vs_dora,random,100,36,-0.0034424259168730174,0.0014027683971275982,-0.0034328116298593205,0.0013831922548055294,-0.0012378052245405023,True,True,True,False
9,chemberta2,fullft_vs_lora,scaffold,0,36,0.08657824434194333,0.1587261733187385,0.08725843902272204,0.1586532442219644,0.12457602949368297,False,False,True,False
9,chemberta2,fullft_vs_lora,scaffold,1,36,0.08657824434194333,0.1587261733187385,0.08580609576672578,0.15963030595657116,0.12436429218689873,False,False,True,False
9,chemberta2,fullft_vs_lora,scaffold,2,36,0.08657824434194333,0.1587261733187385,0.08589860966757021,0.15911097962491974,0.12434374778406868,False,False,True,False
9,chemberta2,fullft_vs_lora,scaffold,7,36,0.08657824434194333,0.1587261733187385,0.08723703634099282,0.15884865514907126,0.1244986976219629,False,False,True,False
9,chemberta2,fullft_vs_lora,scaffold,100,36,0.08657824434194333,0.1587261733187385,0.08640868910359596,0.15907003795057598,0.12450678195725855,False,False,True,False
10,chemberta2,fullft_vs_lora,random,0,36,0.009952518384269304,0.07824863316485875,0.009356019035252412,0.07936581880305227,0.04294996386697667,False,False,True,False
10,chemberta2,fullft_vs_lora,random,1,36,0.009952518384269304,0.07824863316485875,0.00998080217009605,0.0778268188041926,0.04265285000159191,False,False,True,False
10,chemberta2,fullft_vs_lora,random,2,36,0.009952518384269304,0.07824863316485875,0.009719644645121577,0.07854801896546644,0.04271031145236309,False,False,True,False
10,chemberta2,fullft_vs_lora,random,7,36,0.009952518384269304,0.07824863316485875,0.010243546003040513,0.07838660517980074,0.04300862981371006,False,False,True,False
10,chemberta2,fullft_vs_lora,random,100,36,0.009952518384269304,0.07824863316485875,0.00957366088888028,0.07900000344263997,0.04306508978834198,False,False,True,False
11,chemberta2,fullft_vs_dora,scaffold,0,36,0.08476647095009814,0.15455168414648687,0.0854875397567216,0.15458452353032928,0.12183989356355737,False,False,True,False
11,chemberta2,fullft_vs_dora,scaffold,1,36,0.08476647095009814,0.15455168414648687,0.08399120319533439,0.1549962878728287,0.12163498542429167,False,False,True,False
11,chemberta2,fullft_vs_dora,scaffold,2,36,0.08476647095009814,0.15455168414648687,0.08409624708735107,0.15512940928398525,0.12159128323857976,False,False,True,False
11,chemberta2,fullft_vs_dora,scaffold,7,36,0.08476647095009814,0.15455168414648687,0.08575103942860243,0.15462765698140074,0.1217660182641973,False,False,True,False
11,chemberta2,fullft_vs_dora,scaffold,100,36,0.08476647095009814,0.15455168414648687,0.08451349550839847,0.1550772791609364,0.12177099268371146,False,False,True,False
12,chemberta2,fullft_vs_dora,random,0,36,0.01147454532957968,0.07970885584958359,0.010867260869694773,0.08039522530669425,0.04418417803250035,False,False,True,False
12,chemberta2,fullft_vs_dora,random,1,36,0.01147454532957968,0.07970885584958359,0.011449113322732135,0.07897767668313521,0.04386334979044191,False,False,True,False
12,chemberta2,fullft_vs_dora,random,2,36,0.01147454532957968,0.07970885584958359,0.011090402497064552,0.07974493556762356,0.04392946642658243,False,False,True,False
12,chemberta2,fullft_vs_dora,random,7,36,0.01147454532957968,0.07970885584958359,0.01150311612131543,0.0794529165915065,0.04425368534697135,False,False,True,False
12,chemberta2,fullft_vs_dora,random,100,36,0.01147454532957968,0.07970885584958359,0.01095947776472207,0.08020737385649786,0.044302895012882475,False,False,True,False
13,molformer_c3,lora_vs_dora,scaffold,0,36,-0.02354112327978977,0.02977137119371154,-0.0238367153737921,0.029687482671504846,0.003983924667484842,True,True,True,False
13,molformer_c3,lora_vs_dora,scaffold,1,36,-0.02354112327978977,0.02977137119371154,-0.023300295654556175,0.02907567003433294,0.0038560392211601986,True,True,True,False
13,molformer_c3,lora_vs_dora,scaffold,2,36,-0.02354112327978977,0.02977137119371154,-0.023088649499414096,0.029359198643022083,0.004082881717808987,True,True,True,False
13,molformer_c3,lora_vs_dora,scaffold,7,36,-0.02354112327978977,0.02977137119371154,-0.022896527344635983,0.029613514349857453,0.004112582795728975,True,True,True,False
13,molformer_c3,lora_vs_dora,scaffold,100,36,-0.02354112327978977,0.02977137119371154,-0.02397318416768798,0.030011405952575006,0.003941317402821535,True,True,True,False
14,molformer_c3,lora_vs_dora,random,0,36,-0.025093487647540758,0.003561423151119793,-0.025305581614522503,0.0036838023544068545,-0.01082021392401976,True,True,True,False
14,molformer_c3,lora_vs_dora,random,1,36,-0.025093487647540758,0.003561423151119793,-0.025615548918730923,0.0032413939157208975,-0.010947643479097251,True,True,True,False
14,molformer_c3,lora_vs_dora,random,2,36,-0.025093487647540758,0.003561423151119793,-0.02546939096445021,0.003295539702841911,-0.01097299878600851,True,True,True,False
14,molformer_c3,lora_vs_dora,random,7,36,-0.025093487647540758,0.003561423151119793,-0.02533143231719659,0.0032201427014391997,-0.010933435539421811,True,True,True,False
14,molformer_c3,lora_vs_dora,random,100,36,-0.025093487647540758,0.003561423151119793,-0.025304325947342072,0.0034297687896987727,-0.010797092626626655,True,True,True,False
15,molformer_c3,fullft_vs_lora,scaffold,0,36,-0.04017423473444209,0.005945930404102099,-0.04089297644633265,0.00608562716495639,-0.015763545830308277,True,True,True,False
15,molformer_c3,fullft_vs_lora,scaffold,1,36,-0.04017423473444209,0.005945930404102099,-0.04069365991316738,0.006175945584496504,-0.01571345660356075,True,True,True,False
15,molformer_c3,fullft_vs_lora,scaffold,2,36,-0.04017423473444209,0.005945930404102099,-0.03998696993767388,0.006697368936283563,-0.015554112117801035,True,True,True,False
15,molformer_c3,fullft_vs_lora,scaffold,7,36,-0.04017423473444209,0.005945930404102099,-0.04059971043273283,0.006196094279307913,-0.01572955532052111,True,True,True,False
15,molformer_c3,fullft_vs_lora,scaffold,100,36,-0.04017423473444209,0.005945930404102099,-0.0406808008425197,0.006531124836400596,-0.015830068318188548,True,True,True,False
16,molformer_c3,fullft_vs_lora,random,0,36,-0.05277044680603733,-0.011208391350112852,-0.052771317713079025,-0.010499650809928889,-0.032048177570647506,False,False,True,False
16,molformer_c3,fullft_vs_lora,random,1,36,-0.05277044680603733,-0.011208391350112852,-0.05255535492204973,-0.011032420341019948,-0.03218127869492654,False,False,True,False
16,molformer_c3,fullft_vs_lora,random,2,36,-0.05277044680603733,-0.011208391350112852,-0.05244634951278347,-0.011204943497240851,-0.03230234494764788,False,False,True,False
16,molformer_c3,fullft_vs_lora,random,7,36,-0.05277044680603733,-0.011208391350112852,-0.052383401828465743,-0.011276162648011602,-0.032141627191080255,False,False,True,False
16,molformer_c3,fullft_vs_lora,random,100,36,-0.05277044680603733,-0.011208391350112852,-0.052657278654541465,-0.01058351185088649,-0.032041354949282966,False,False,True,False
17,molformer_c3,fullft_vs_dora,scaffold,0,36,-0.04043216422264503,-0.00019835400137668084,-0.04021533172756642,0.0002018370391279653,-0.01974747049779312,False,True,False,True
17,molformer_c3,fullft_vs_dora,scaffold,1,36,-0.04043216422264503,-0.00019835400137668084,-0.039349791365125744,2.018466159456657e-06,-0.01956949582472095,False,True,False,True
17,molformer_c3,fullft_vs_dora,scaffold,2,36,-0.04043216422264503,-0.00019835400137668084,-0.040088596810925185,8.847049329315624e-05,-0.01963699383561002,False,True,False,True
17,molformer_c3,fullft_vs_dora,scaffold,7,36,-0.04043216422264503,-0.00019835400137668084,-0.04017494425523968,-2.3052095837875605e-05,-0.019842138116250088,False,False,True,False
17,molformer_c3,fullft_vs_dora,scaffold,100,36,-0.04043216422264503,-0.00019835400137668084,-0.04028905568319652,1.6312690013636905e-05,-0.01977138572101008,False,True,False,True
18,molformer_c3,fullft_vs_dora,random,0,36,-0.033831447668974925,-0.00976781480690735,-0.03380938198872357,-0.009360453046320442,-0.021227963646627747,False,False,True,False
18,molformer_c3,fullft_vs_dora,random,1,36,-0.033831447668974925,-0.00976781480690735,-0.03394712689949393,-0.009606186366460313,-0.021233635215829286,False,False,True,False
18,molformer_c3,fullft_vs_dora,random,2,36,-0.033831447668974925,-0.00976781480690735,-0.03408519242314185,-0.00982318246818343,-0.02132934616163937,False,False,True,False
18,molformer_c3,fullft_vs_dora,random,7,36,-0.033831447668974925,-0.00976781480690735,-0.03375122660858702,-0.009568075350667758,-0.02120819165165844,False,False,True,False
18,molformer_c3,fullft_vs_dora,random,100,36,-0.033831447668974925,-0.00976781480690735,-0.03420606638302242,-0.009541197862615402,-0.021244262322656304,False,False,True,False
