backbone,protocol,dataset,seed,method_pair,task_type,metric_type,fullft_metric,peft_metric,fullft_bad_minus_peft_bad,direction
cmpnn,random,freesolv,0,fullft_vs_lora,regression,rmse,0.810636,0.929987,-0.11935099999999998,regression: fullft_rmse - peft_rmse; classification: peft_auc - fullft_auc; negative = Full FT better
cmpnn,random,freesolv,0,fullft_vs_dora,regression,rmse,0.810636,0.950326,-0.13968999999999998,regression: fullft_rmse - peft_rmse; classification: peft_auc - fullft_auc; negative = Full FT better
cmpnn,random,freesolv,1,fullft_vs_lora,regression,rmse,0.810504,0.811125,-0.0006209999999999827,regression: fullft_rmse - peft_rmse; classification: peft_auc - fullft_auc; negative = Full FT better
cmpnn,random,freesolv,1,fullft_vs_dora,regression,rmse,0.810504,0.818133,-0.007628999999999997,regression: fullft_rmse - peft_rmse; classification: peft_auc - fullft_auc; negative = Full FT better
cmpnn,random,freesolv,2,fullft_vs_lora,regression,rmse,1.548707,1.721812,-0.17310499999999984,regression: fullft_rmse - peft_rmse; classification: peft_auc - fullft_auc; negative = Full FT better
cmpnn,random,freesolv,2,fullft_vs_dora,regression,rmse,1.548707,1.724062,-0.17535499999999993,regression: fullft_rmse - peft_rmse; classification: peft_auc - fullft_auc; negative = Full FT better
cmpnn,random,freesolv,10,fullft_vs_lora,regression,rmse,1.362956,1.400268,-0.03731200000000001,regression: fullft_rmse - peft_rmse; classification: peft_auc - fullft_auc; negative = Full FT better
cmpnn,random,freesolv,10,fullft_vs_dora,regression,rmse,1.362956,1.324729,0.03822700000000001,regression: fullft_rmse - peft_rmse; classification: peft_auc - fullft_auc; negative = Full FT better
cmpnn,random,freesolv,100,fullft_vs_lora,regression,rmse,0.730876,1.032365,-0.301489,regression: fullft_rmse - peft_rmse; classification: peft_auc - fullft_auc; negative = Full FT better
cmpnn,random,freesolv,100,fullft_vs_dora,regression,rmse,0.730876,1.01386,-0.282984,regression: fullft_rmse - peft_rmse; classification: peft_auc - fullft_auc; negative = Full FT better
cmpnn,random,freesolv,1000,fullft_vs_lora,regression,rmse,0.85456,0.906204,-0.05164400000000002,regression: fullft_rmse - peft_rmse; classification: peft_auc - fullft_auc; negative = Full FT better
cmpnn,random,freesolv,1000,fullft_vs_dora,regression,rmse,0.85456,0.931601,-0.07704100000000003,regression: fullft_rmse - peft_rmse; classification: peft_auc - fullft_auc; negative = Full FT better
cmpnn,random,esol,0,fullft_vs_lora,regression,rmse,0.670813,0.67049,0.0003229999999999622,regression: fullft_rmse - peft_rmse; classification: peft_auc - fullft_auc; negative = Full FT better
cmpnn,random,esol,0,fullft_vs_dora,regression,rmse,0.670813,0.67649,-0.005677000000000043,regression: fullft_rmse - peft_rmse; classification: peft_auc - fullft_auc; negative = Full FT better
cmpnn,random,esol,1,fullft_vs_lora,regression,rmse,0.584602,0.611754,-0.027152000000000065,regression: fullft_rmse - peft_rmse; classification: peft_auc - fullft_auc; negative = Full FT better
cmpnn,random,esol,1,fullft_vs_dora,regression,rmse,0.584602,0.613644,-0.029042000000000012,regression: fullft_rmse - peft_rmse; classification: peft_auc - fullft_auc; negative = Full FT better
cmpnn,random,esol,2,fullft_vs_lora,regression,rmse,0.517642,0.570915,-0.053272999999999904,regression: fullft_rmse - peft_rmse; classification: peft_auc - fullft_auc; negative = Full FT better
cmpnn,random,esol,2,fullft_vs_dora,regression,rmse,0.517642,0.571751,-0.05410899999999996,regression: fullft_rmse - peft_rmse; classification: peft_auc - fullft_auc; negative = Full FT better
cmpnn,random,esol,10,fullft_vs_lora,regression,rmse,0.520173,0.555756,-0.03558300000000003,regression: fullft_rmse - peft_rmse; classification: peft_auc - fullft_auc; negative = Full FT better
cmpnn,random,esol,10,fullft_vs_dora,regression,rmse,0.520173,0.563684,-0.043510999999999966,regression: fullft_rmse - peft_rmse; classification: peft_auc - fullft_auc; negative = Full FT better
cmpnn,random,esol,100,fullft_vs_lora,regression,rmse,0.528745,0.600644,-0.07189899999999994,regression: fullft_rmse - peft_rmse; classification: peft_auc - fullft_auc; negative = Full FT better
cmpnn,random,esol,100,fullft_vs_dora,regression,rmse,0.528745,0.648422,-0.11967700000000003,regression: fullft_rmse - peft_rmse; classification: peft_auc - fullft_auc; negative = Full FT better
cmpnn,random,esol,1000,fullft_vs_lora,regression,rmse,0.533265,0.560811,-0.02754599999999996,regression: fullft_rmse - peft_rmse; classification: peft_auc - fullft_auc; negative = Full FT better
cmpnn,random,esol,1000,fullft_vs_dora,regression,rmse,0.533265,0.586412,-0.053147000000000055,regression: fullft_rmse - peft_rmse; classification: peft_auc - fullft_auc; negative = Full FT better
cmpnn,random,lipo,0,fullft_vs_lora,regression,rmse,0.537311,0.566544,-0.029233000000000064,regression: fullft_rmse - peft_rmse; classification: peft_auc - fullft_auc; negative = Full FT better
cmpnn,random,lipo,0,fullft_vs_dora,regression,rmse,0.537311,0.571157,-0.03384600000000004,regression: fullft_rmse - peft_rmse; classification: peft_auc - fullft_auc; negative = Full FT better
cmpnn,random,lipo,1,fullft_vs_lora,regression,rmse,0.618765,0.665256,-0.04649099999999995,regression: fullft_rmse - peft_rmse; classification: peft_auc - fullft_auc; negative = Full FT better
cmpnn,random,lipo,1,fullft_vs_dora,regression,rmse,0.618765,0.670496,-0.05173099999999997,regression: fullft_rmse - peft_rmse; classification: peft_auc - fullft_auc; negative = Full FT better
cmpnn,random,lipo,2,fullft_vs_lora,regression,rmse,0.531596,0.585901,-0.05430500000000005,regression: fullft_rmse - peft_rmse; classification: peft_auc - fullft_auc; negative = Full FT better
cmpnn,random,lipo,2,fullft_vs_dora,regression,rmse,0.531596,0.57863,-0.04703400000000002,regression: fullft_rmse - peft_rmse; classification: peft_auc - fullft_auc; negative = Full FT better
cmpnn,random,lipo,10,fullft_vs_lora,regression,rmse,0.571793,0.609627,-0.037834000000000034,regression: fullft_rmse - peft_rmse; classification: peft_auc - fullft_auc; negative = Full FT better
cmpnn,random,lipo,10,fullft_vs_dora,regression,rmse,0.571793,0.607475,-0.03568199999999999,regression: fullft_rmse - peft_rmse; classification: peft_auc - fullft_auc; negative = Full FT better
cmpnn,random,lipo,100,fullft_vs_lora,regression,rmse,0.559427,0.559952,-0.0005249999999999977,regression: fullft_rmse - peft_rmse; classification: peft_auc - fullft_auc; negative = Full FT better
cmpnn,random,lipo,100,fullft_vs_dora,regression,rmse,0.559427,0.558719,0.0007080000000000419,regression: fullft_rmse - peft_rmse; classification: peft_auc - fullft_auc; negative = Full FT better
cmpnn,random,lipo,1000,fullft_vs_lora,regression,rmse,0.650971,0.683101,-0.03212999999999999,regression: fullft_rmse - peft_rmse; classification: peft_auc - fullft_auc; negative = Full FT better
cmpnn,random,lipo,1000,fullft_vs_dora,regression,rmse,0.650971,0.690526,-0.03955500000000001,regression: fullft_rmse - peft_rmse; classification: peft_auc - fullft_auc; negative = Full FT better
cmpnn,random,bace,0,fullft_vs_lora,classification,auc,0.938638,0.938638,0.0,regression: fullft_rmse - peft_rmse; classification: peft_auc - fullft_auc; negative = Full FT better
cmpnn,random,bace,0,fullft_vs_dora,classification,auc,0.938638,0.93015,-0.00848799999999994,regression: fullft_rmse - peft_rmse; classification: peft_auc - fullft_auc; negative = Full FT better
cmpnn,random,bace,1,fullft_vs_lora,classification,auc,0.823027,0.859937,0.03691,regression: fullft_rmse - peft_rmse; classification: peft_auc - fullft_auc; negative = Full FT better
cmpnn,random,bace,1,fullft_vs_dora,classification,auc,0.823027,0.859056,0.03602900000000009,regression: fullft_rmse - peft_rmse; classification: peft_auc - fullft_auc; negative = Full FT better
cmpnn,random,bace,2,fullft_vs_lora,classification,auc,0.865025,0.836738,-0.028287000000000062,regression: fullft_rmse - peft_rmse; classification: peft_auc - fullft_auc; negative = Full FT better
cmpnn,random,bace,2,fullft_vs_dora,classification,auc,0.865025,0.871137,0.006112000000000006,regression: fullft_rmse - peft_rmse; classification: peft_auc - fullft_auc; negative = Full FT better
cmpnn,random,bace,10,fullft_vs_lora,classification,auc,0.907213,0.908789,0.0015759999999999108,regression: fullft_rmse - peft_rmse; classification: peft_auc - fullft_auc; negative = Full FT better
cmpnn,random,bace,10,fullft_vs_dora,classification,auc,0.907213,0.924545,0.017331999999999903,regression: fullft_rmse - peft_rmse; classification: peft_auc - fullft_auc; negative = Full FT better
cmpnn,random,bace,100,fullft_vs_lora,classification,auc,0.845122,0.841289,-0.0038330000000000863,regression: fullft_rmse - peft_rmse; classification: peft_auc - fullft_auc; negative = Full FT better
cmpnn,random,bace,100,fullft_vs_dora,classification,auc,0.845122,0.852787,0.007664999999999922,regression: fullft_rmse - peft_rmse; classification: peft_auc - fullft_auc; negative = Full FT better
cmpnn,random,bace,1000,fullft_vs_lora,classification,auc,0.89553,0.891026,-0.0045040000000000635,regression: fullft_rmse - peft_rmse; classification: peft_auc - fullft_auc; negative = Full FT better
cmpnn,random,bace,1000,fullft_vs_dora,classification,auc,0.89553,0.887734,-0.007796000000000025,regression: fullft_rmse - peft_rmse; classification: peft_auc - fullft_auc; negative = Full FT better
cmpnn,random,bbbp,0,fullft_vs_lora,classification,auc,0.945427,0.951677,0.006249999999999978,regression: fullft_rmse - peft_rmse; classification: peft_auc - fullft_auc; negative = Full FT better
cmpnn,random,bbbp,0,fullft_vs_dora,classification,auc,0.945427,0.952896,0.007468999999999948,regression: fullft_rmse - peft_rmse; classification: peft_auc - fullft_auc; negative = Full FT better
cmpnn,random,bbbp,1,fullft_vs_lora,classification,auc,0.960685,0.944515,-0.016170000000000018,regression: fullft_rmse - peft_rmse; classification: peft_auc - fullft_auc; negative = Full FT better
cmpnn,random,bbbp,1,fullft_vs_dora,classification,auc,0.960685,0.952124,-0.00856100000000004,regression: fullft_rmse - peft_rmse; classification: peft_auc - fullft_auc; negative = Full FT better
cmpnn,random,bbbp,2,fullft_vs_lora,classification,auc,0.971692,0.96761,-0.00408200000000003,regression: fullft_rmse - peft_rmse; classification: peft_auc - fullft_auc; negative = Full FT better
cmpnn,random,bbbp,2,fullft_vs_dora,classification,auc,0.971692,0.97235,0.0006580000000000474,regression: fullft_rmse - peft_rmse; classification: peft_auc - fullft_auc; negative = Full FT better
cmpnn,random,bbbp,10,fullft_vs_lora,classification,auc,0.973432,0.970843,-0.0025889999999999525,regression: fullft_rmse - peft_rmse; classification: peft_auc - fullft_auc; negative = Full FT better
cmpnn,random,bbbp,10,fullft_vs_dora,classification,auc,0.973432,0.970168,-0.0032639999999999336,regression: fullft_rmse - peft_rmse; classification: peft_auc - fullft_auc; negative = Full FT better
cmpnn,random,bbbp,100,fullft_vs_lora,classification,auc,0.935815,0.926596,-0.009218999999999977,regression: fullft_rmse - peft_rmse; classification: peft_auc - fullft_auc; negative = Full FT better
cmpnn,random,bbbp,100,fullft_vs_dora,classification,auc,0.935815,0.93664,0.0008250000000000757,regression: fullft_rmse - peft_rmse; classification: peft_auc - fullft_auc; negative = Full FT better
cmpnn,random,bbbp,1000,fullft_vs_lora,classification,auc,0.980256,0.966903,-0.01335300000000006,regression: fullft_rmse - peft_rmse; classification: peft_auc - fullft_auc; negative = Full FT better
cmpnn,random,bbbp,1000,fullft_vs_dora,classification,auc,0.980256,0.968608,-0.011647999999999992,regression: fullft_rmse - peft_rmse; classification: peft_auc - fullft_auc; negative = Full FT better
cmpnn,random,sider,0,fullft_vs_lora,classification,auc,0.69383,0.691534,-0.0022959999999999647,regression: fullft_rmse - peft_rmse; classification: peft_auc - fullft_auc; negative = Full FT better
cmpnn,random,sider,0,fullft_vs_dora,classification,auc,0.69383,0.691962,-0.0018679999999999808,regression: fullft_rmse - peft_rmse; classification: peft_auc - fullft_auc; negative = Full FT better
cmpnn,random,sider,1,fullft_vs_lora,classification,auc,0.621924,0.644994,0.023069999999999924,regression: fullft_rmse - peft_rmse; classification: peft_auc - fullft_auc; negative = Full FT better
cmpnn,random,sider,1,fullft_vs_dora,classification,auc,0.621924,0.645643,0.023718999999999935,regression: fullft_rmse - peft_rmse; classification: peft_auc - fullft_auc; negative = Full FT better
cmpnn,random,sider,2,fullft_vs_lora,classification,auc,0.620612,0.593275,-0.027337000000000056,regression: fullft_rmse - peft_rmse; classification: peft_auc - fullft_auc; negative = Full FT better
cmpnn,random,sider,2,fullft_vs_dora,classification,auc,0.620612,0.592096,-0.028516000000000097,regression: fullft_rmse - peft_rmse; classification: peft_auc - fullft_auc; negative = Full FT better
cmpnn,random,sider,10,fullft_vs_lora,classification,auc,0.638763,0.600819,-0.03794399999999998,regression: fullft_rmse - peft_rmse; classification: peft_auc - fullft_auc; negative = Full FT better
cmpnn,random,sider,10,fullft_vs_dora,classification,auc,0.638763,0.636511,-0.0022519999999999207,regression: fullft_rmse - peft_rmse; classification: peft_auc - fullft_auc; negative = Full FT better
cmpnn,random,sider,100,fullft_vs_lora,classification,auc,0.674919,0.645073,-0.02984600000000004,regression: fullft_rmse - peft_rmse; classification: peft_auc - fullft_auc; negative = Full FT better
cmpnn,random,sider,100,fullft_vs_dora,classification,auc,0.674919,0.650175,-0.0247440000000001,regression: fullft_rmse - peft_rmse; classification: peft_auc - fullft_auc; negative = Full FT better
cmpnn,random,sider,1000,fullft_vs_lora,classification,auc,0.630732,0.616057,-0.014674999999999994,regression: fullft_rmse - peft_rmse; classification: peft_auc - fullft_auc; negative = Full FT better
cmpnn,random,sider,1000,fullft_vs_dora,classification,auc,0.630732,0.629271,-0.0014609999999999346,regression: fullft_rmse - peft_rmse; classification: peft_auc - fullft_auc; negative = Full FT better
chemberta2,random,freesolv,0,fullft_vs_lora,regression,rmse,1.7820031431022694,1.2400031407378014,0.542000002364468,regression: fullft_rmse - peft_rmse; classification: peft_auc - fullft_auc; negative = Full FT better
chemberta2,random,freesolv,0,fullft_vs_dora,regression,rmse,1.7820031431022694,1.2407933214669495,0.5412098216353198,regression: fullft_rmse - peft_rmse; classification: peft_auc - fullft_auc; negative = Full FT better
chemberta2,random,freesolv,1,fullft_vs_lora,regression,rmse,1.1961039995567848,1.0145382275173243,0.18156577203946056,regression: fullft_rmse - peft_rmse; classification: peft_auc - fullft_auc; negative = Full FT better
chemberta2,random,freesolv,1,fullft_vs_dora,regression,rmse,1.1961039995567848,1.012080418810385,0.1840235807463999,regression: fullft_rmse - peft_rmse; classification: peft_auc - fullft_auc; negative = Full FT better
chemberta2,random,freesolv,2,fullft_vs_lora,regression,rmse,1.9163193457112817,1.7110530169782585,0.2052663287330232,regression: fullft_rmse - peft_rmse; classification: peft_auc - fullft_auc; negative = Full FT better
chemberta2,random,freesolv,2,fullft_vs_dora,regression,rmse,1.9163193457112817,1.703108061260018,0.2132112844512637,regression: fullft_rmse - peft_rmse; classification: peft_auc - fullft_auc; negative = Full FT better
chemberta2,random,freesolv,10,fullft_vs_lora,regression,rmse,1.3157534013371153,1.264076368635413,0.05167703270170221,regression: fullft_rmse - peft_rmse; classification: peft_auc - fullft_auc; negative = Full FT better
chemberta2,random,freesolv,10,fullft_vs_dora,regression,rmse,1.3157534013371153,1.2674236467978421,0.04832975453927313,regression: fullft_rmse - peft_rmse; classification: peft_auc - fullft_auc; negative = Full FT better
chemberta2,random,freesolv,100,fullft_vs_lora,regression,rmse,1.5565469634669393,0.9103476196282245,0.6461993438387148,regression: fullft_rmse - peft_rmse; classification: peft_auc - fullft_auc; negative = Full FT better
chemberta2,random,freesolv,100,fullft_vs_dora,regression,rmse,1.5565469634669393,0.9060015502268011,0.6505454132401383,regression: fullft_rmse - peft_rmse; classification: peft_auc - fullft_auc; negative = Full FT better
chemberta2,random,freesolv,1000,fullft_vs_lora,regression,rmse,1.483271700760922,1.5318901125389286,-0.04861841177800663,regression: fullft_rmse - peft_rmse; classification: peft_auc - fullft_auc; negative = Full FT better
chemberta2,random,freesolv,1000,fullft_vs_dora,regression,rmse,1.483271700760922,1.5241437008759378,-0.040872000115015794,regression: fullft_rmse - peft_rmse; classification: peft_auc - fullft_auc; negative = Full FT better
chemberta2,random,esol,0,fullft_vs_lora,regression,rmse,0.7796452635063968,0.7701278929579429,0.009517370548453918,regression: fullft_rmse - peft_rmse; classification: peft_auc - fullft_auc; negative = Full FT better
chemberta2,random,esol,0,fullft_vs_dora,regression,rmse,0.7796452635063968,0.8071259523350363,-0.02748068882863941,regression: fullft_rmse - peft_rmse; classification: peft_auc - fullft_auc; negative = Full FT better
chemberta2,random,esol,1,fullft_vs_lora,regression,rmse,0.7682828119373407,0.7244615429714457,0.043821268965895,regression: fullft_rmse - peft_rmse; classification: peft_auc - fullft_auc; negative = Full FT better
chemberta2,random,esol,1,fullft_vs_dora,regression,rmse,0.7682828119373407,0.7239197279335984,0.04436308400374234,regression: fullft_rmse - peft_rmse; classification: peft_auc - fullft_auc; negative = Full FT better
chemberta2,random,esol,2,fullft_vs_lora,regression,rmse,0.6785554996033459,0.7027191898386811,-0.024163690235335156,regression: fullft_rmse - peft_rmse; classification: peft_auc - fullft_auc; negative = Full FT better
chemberta2,random,esol,2,fullft_vs_dora,regression,rmse,0.6785554996033459,0.6964969191007258,-0.017941419497379818,regression: fullft_rmse - peft_rmse; classification: peft_auc - fullft_auc; negative = Full FT better
chemberta2,random,esol,10,fullft_vs_lora,regression,rmse,0.7785999365370749,0.7287414037285797,0.04985853280849528,regression: fullft_rmse - peft_rmse; classification: peft_auc - fullft_auc; negative = Full FT better
chemberta2,random,esol,10,fullft_vs_dora,regression,rmse,0.7785999365370749,0.7291323017923416,0.04946763474473337,regression: fullft_rmse - peft_rmse; classification: peft_auc - fullft_auc; negative = Full FT better
chemberta2,random,esol,100,fullft_vs_lora,regression,rmse,0.7234996101626154,0.8359654858619455,-0.11246587569933009,regression: fullft_rmse - peft_rmse; classification: peft_auc - fullft_auc; negative = Full FT better
chemberta2,random,esol,100,fullft_vs_dora,regression,rmse,0.7234996101626154,0.8349278493649449,-0.11142823920232947,regression: fullft_rmse - peft_rmse; classification: peft_auc - fullft_auc; negative = Full FT better
chemberta2,random,esol,1000,fullft_vs_lora,regression,rmse,0.6332308951988752,0.6901155482859098,-0.05688465308703461,regression: fullft_rmse - peft_rmse; classification: peft_auc - fullft_auc; negative = Full FT better
chemberta2,random,esol,1000,fullft_vs_dora,regression,rmse,0.6332308951988752,0.689606236214829,-0.05637534101595376,regression: fullft_rmse - peft_rmse; classification: peft_auc - fullft_auc; negative = Full FT better
chemberta2,random,lipo,0,fullft_vs_lora,regression,rmse,0.7130615029580074,0.7186797978490805,-0.005618294891073128,regression: fullft_rmse - peft_rmse; classification: peft_auc - fullft_auc; negative = Full FT better
chemberta2,random,lipo,0,fullft_vs_dora,regression,rmse,0.7130615029580074,0.7083470025333098,0.004714500424697565,regression: fullft_rmse - peft_rmse; classification: peft_auc - fullft_auc; negative = Full FT better
chemberta2,random,lipo,1,fullft_vs_lora,regression,rmse,0.7954158513454803,0.8041329926933086,-0.008717141347828306,regression: fullft_rmse - peft_rmse; classification: peft_auc - fullft_auc; negative = Full FT better
chemberta2,random,lipo,1,fullft_vs_dora,regression,rmse,0.7954158513454803,0.796070627881888,-0.0006547765364076641,regression: fullft_rmse - peft_rmse; classification: peft_auc - fullft_auc; negative = Full FT better
chemberta2,random,lipo,2,fullft_vs_lora,regression,rmse,0.7366382542765304,0.7146806374484348,0.021957616828095605,regression: fullft_rmse - peft_rmse; classification: peft_auc - fullft_auc; negative = Full FT better
chemberta2,random,lipo,2,fullft_vs_dora,regression,rmse,0.7366382542765304,0.7257291875753176,0.010909066701212833,regression: fullft_rmse - peft_rmse; classification: peft_auc - fullft_auc; negative = Full FT better
chemberta2,random,lipo,10,fullft_vs_lora,regression,rmse,0.7267764197009962,0.6889449021382047,0.03783151756279146,regression: fullft_rmse - peft_rmse; classification: peft_auc - fullft_auc; negative = Full FT better
chemberta2,random,lipo,10,fullft_vs_dora,regression,rmse,0.7267764197009962,0.6756346218260331,0.05114179787496309,regression: fullft_rmse - peft_rmse; classification: peft_auc - fullft_auc; negative = Full FT better
chemberta2,random,lipo,100,fullft_vs_lora,regression,rmse,0.7107369276220594,0.6430904120365065,0.0676465155855529,regression: fullft_rmse - peft_rmse; classification: peft_auc - fullft_auc; negative = Full FT better
chemberta2,random,lipo,100,fullft_vs_dora,regression,rmse,0.7107369276220594,0.6404776520027817,0.0702592756192777,regression: fullft_rmse - peft_rmse; classification: peft_auc - fullft_auc; negative = Full FT better
chemberta2,random,lipo,1000,fullft_vs_lora,regression,rmse,0.7869073499675892,0.7528093491706452,0.03409800079694392,regression: fullft_rmse - peft_rmse; classification: peft_auc - fullft_auc; negative = Full FT better
chemberta2,random,lipo,1000,fullft_vs_dora,regression,rmse,0.7869073499675892,0.7550652642494303,0.03184208571815883,regression: fullft_rmse - peft_rmse; classification: peft_auc - fullft_auc; negative = Full FT better
chemberta2,random,bace,0,fullft_vs_lora,classification,auc,0.9246684350132626,0.8961980548187445,-0.028470380194518086,regression: fullft_rmse - peft_rmse; classification: peft_auc - fullft_auc; negative = Full FT better
chemberta2,random,bace,0,fullft_vs_dora,classification,auc,0.9246684350132626,0.897789566755084,-0.026878868258178534,regression: fullft_rmse - peft_rmse; classification: peft_auc - fullft_auc; negative = Full FT better
chemberta2,random,bace,1,fullft_vs_lora,classification,auc,0.8444326990838619,0.8528893587033122,0.008456659619450302,regression: fullft_rmse - peft_rmse; classification: peft_auc - fullft_auc; negative = Full FT better
chemberta2,random,bace,1,fullft_vs_dora,classification,auc,0.8444326990838619,0.8548273431994362,0.010394644115574336,regression: fullft_rmse - peft_rmse; classification: peft_auc - fullft_auc; negative = Full FT better
chemberta2,random,bace,2,fullft_vs_lora,classification,auc,0.8314999126942553,0.7930853850183343,-0.03841452767592102,regression: fullft_rmse - peft_rmse; classification: peft_auc - fullft_auc; negative = Full FT better
chemberta2,random,bace,2,fullft_vs_dora,classification,auc,0.8314999126942553,0.7922123275711542,-0.03928758512310104,regression: fullft_rmse - peft_rmse; classification: peft_auc - fullft_auc; negative = Full FT better
chemberta2,random,bace,10,fullft_vs_lora,classification,auc,0.8764005602240896,0.876750700280112,0.0003501400560224077,regression: fullft_rmse - peft_rmse; classification: peft_auc - fullft_auc; negative = Full FT better
chemberta2,random,bace,10,fullft_vs_dora,classification,auc,0.8764005602240896,0.8765756302521008,0.00017507002801120386,regression: fullft_rmse - peft_rmse; classification: peft_auc - fullft_auc; negative = Full FT better
chemberta2,random,bace,100,fullft_vs_lora,classification,auc,0.8304878048780487,0.8045296167247387,-0.02595818815331008,regression: fullft_rmse - peft_rmse; classification: peft_auc - fullft_auc; negative = Full FT better
chemberta2,random,bace,100,fullft_vs_dora,classification,auc,0.8304878048780487,0.8212543554006969,-0.00923344947735183,regression: fullft_rmse - peft_rmse; classification: peft_auc - fullft_auc; negative = Full FT better
chemberta2,random,bace,1000,fullft_vs_lora,classification,auc,0.8832293832293833,0.8581081081081081,-0.025121275121275155,regression: fullft_rmse - peft_rmse; classification: peft_auc - fullft_auc; negative = Full FT better
chemberta2,random,bace,1000,fullft_vs_dora,classification,auc,0.8832293832293833,0.8607068607068608,-0.022522522522522515,regression: fullft_rmse - peft_rmse; classification: peft_auc - fullft_auc; negative = Full FT better
chemberta2,random,bbbp,0,fullft_vs_lora,classification,auc,0.9413109756097561,0.9428353658536586,0.0015243902439024959,regression: fullft_rmse - peft_rmse; classification: peft_auc - fullft_auc; negative = Full FT better
chemberta2,random,bbbp,0,fullft_vs_dora,classification,auc,0.9413109756097561,0.943140243902439,0.0018292682926829285,regression: fullft_rmse - peft_rmse; classification: peft_auc - fullft_auc; negative = Full FT better
chemberta2,random,bbbp,1,fullft_vs_lora,classification,auc,0.9765377298668357,0.9752694990488269,-0.0012682308180088642,regression: fullft_rmse - peft_rmse; classification: peft_auc - fullft_auc; negative = Full FT better
chemberta2,random,bbbp,1,fullft_vs_dora,classification,auc,0.9765377298668357,0.9751109701965758,-0.0014267596702599583,regression: fullft_rmse - peft_rmse; classification: peft_auc - fullft_auc; negative = Full FT better
chemberta2,random,bbbp,2,fullft_vs_lora,classification,auc,0.9698485845951283,0.9730085582620145,0.00315997366688614,regression: fullft_rmse - peft_rmse; classification: peft_auc - fullft_auc; negative = Full FT better
chemberta2,random,bbbp,2,fullft_vs_dora,classification,auc,0.9698485845951283,0.9735352205398289,0.0036866359447005337,regression: fullft_rmse - peft_rmse; classification: peft_auc - fullft_auc; negative = Full FT better
chemberta2,random,bbbp,10,fullft_vs_lora,classification,auc,0.9616120679950467,0.9595857255431723,-0.0020263424518743856,regression: fullft_rmse - peft_rmse; classification: peft_auc - fullft_auc; negative = Full FT better
chemberta2,random,bbbp,10,fullft_vs_dora,classification,auc,0.9616120679950467,0.9599234492851514,-0.0016886187098953398,regression: fullft_rmse - peft_rmse; classification: peft_auc - fullft_auc; negative = Full FT better
chemberta2,random,bbbp,100,fullft_vs_lora,classification,auc,0.9584479911942763,0.9585855806274078,0.00013758943313157967,regression: fullft_rmse - peft_rmse; classification: peft_auc - fullft_auc; negative = Full FT better
chemberta2,random,bbbp,100,fullft_vs_dora,classification,auc,0.9584479911942763,0.9580352228948816,-0.000412768299394628,regression: fullft_rmse - peft_rmse; classification: peft_auc - fullft_auc; negative = Full FT better
chemberta2,random,bbbp,1000,fullft_vs_lora,classification,auc,0.9696022727272727,0.9688920454545454,-0.0007102272727272929,regression: fullft_rmse - peft_rmse; classification: peft_auc - fullft_auc; negative = Full FT better
chemberta2,random,bbbp,1000,fullft_vs_dora,classification,auc,0.9696022727272727,0.9686079545454546,-0.0009943181818181657,regression: fullft_rmse - peft_rmse; classification: peft_auc - fullft_auc; negative = Full FT better
chemberta2,random,sider,0,fullft_vs_lora,classification,mean_auc,0.6326743262398066,0.6407640257191135,0.008089699479306933,regression: fullft_rmse - peft_rmse; classification: peft_auc - fullft_auc; negative = Full FT better
chemberta2,random,sider,0,fullft_vs_dora,classification,mean_auc,0.6326743262398066,0.641688592975528,0.009014266735721477,regression: fullft_rmse - peft_rmse; classification: peft_auc - fullft_auc; negative = Full FT better
chemberta2,random,sider,1,fullft_vs_lora,classification,mean_auc,0.5827047649741096,0.5996781943023831,0.016973429328273504,regression: fullft_rmse - peft_rmse; classification: peft_auc - fullft_auc; negative = Full FT better
chemberta2,random,sider,1,fullft_vs_dora,classification,mean_auc,0.5827047649741096,0.6015994214645294,0.01889465649041977,regression: fullft_rmse - peft_rmse; classification: peft_auc - fullft_auc; negative = Full FT better
chemberta2,random,sider,2,fullft_vs_lora,classification,mean_auc,0.5396532544780044,0.5494574475408543,0.009804193062849964,regression: fullft_rmse - peft_rmse; classification: peft_auc - fullft_auc; negative = Full FT better
chemberta2,random,sider,2,fullft_vs_dora,classification,mean_auc,0.5396532544780044,0.5557024269867524,0.016049172508748044,regression: fullft_rmse - peft_rmse; classification: peft_auc - fullft_auc; negative = Full FT better
chemberta2,random,sider,10,fullft_vs_lora,classification,mean_auc,0.5860660436011557,0.5652290321172547,-0.020837011483900936,regression: fullft_rmse - peft_rmse; classification: peft_auc - fullft_auc; negative = Full FT better
chemberta2,random,sider,10,fullft_vs_dora,classification,mean_auc,0.5860660436011557,0.56591889872558,-0.020147144875575673,regression: fullft_rmse - peft_rmse; classification: peft_auc - fullft_auc; negative = Full FT better
chemberta2,random,sider,100,fullft_vs_lora,classification,mean_auc,0.6428502173074644,0.6247420985508814,-0.018108118756583025,regression: fullft_rmse - peft_rmse; classification: peft_auc - fullft_auc; negative = Full FT better
chemberta2,random,sider,100,fullft_vs_dora,classification,mean_auc,0.6428502173074644,0.623915511014854,-0.018934706292610404,regression: fullft_rmse - peft_rmse; classification: peft_auc - fullft_auc; negative = Full FT better
chemberta2,random,sider,1000,fullft_vs_lora,classification,mean_auc,0.5632262716803258,0.5850258369205921,0.021799565240266272,regression: fullft_rmse - peft_rmse; classification: peft_auc - fullft_auc; negative = Full FT better
chemberta2,random,sider,1000,fullft_vs_dora,classification,mean_auc,0.5632262716803258,0.5877066023329618,0.024480330652635995,regression: fullft_rmse - peft_rmse; classification: peft_auc - fullft_auc; negative = Full FT better
molformer_c3,random,freesolv,0,fullft_vs_lora,regression,rmse,0.8918120521192998,1.0334410078083185,-0.14162895568901868,regression: fullft_rmse - peft_rmse; classification: peft_auc - fullft_auc; negative = Full FT better
molformer_c3,random,freesolv,0,fullft_vs_dora,regression,rmse,0.8918120521192998,0.9993806053228679,-0.10756855320356806,regression: fullft_rmse - peft_rmse; classification: peft_auc - fullft_auc; negative = Full FT better
molformer_c3,random,freesolv,1,fullft_vs_lora,regression,rmse,0.8466067871247949,1.0637826470319691,-0.21717585990717425,regression: fullft_rmse - peft_rmse; classification: peft_auc - fullft_auc; negative = Full FT better
molformer_c3,random,freesolv,1,fullft_vs_dora,regression,rmse,0.8466067871247949,0.8920719372518675,-0.04546515012707264,regression: fullft_rmse - peft_rmse; classification: peft_auc - fullft_auc; negative = Full FT better
molformer_c3,random,freesolv,2,fullft_vs_lora,regression,rmse,1.6361407804938335,1.5229076540045796,0.11323312648925388,regression: fullft_rmse - peft_rmse; classification: peft_auc - fullft_auc; negative = Full FT better
molformer_c3,random,freesolv,2,fullft_vs_dora,regression,rmse,1.6361407804938335,1.622880433657089,0.013260346836744485,regression: fullft_rmse - peft_rmse; classification: peft_auc - fullft_auc; negative = Full FT better
molformer_c3,random,freesolv,10,fullft_vs_lora,regression,rmse,1.0529887329143615,1.1324465982844416,-0.07945786537008015,regression: fullft_rmse - peft_rmse; classification: peft_auc - fullft_auc; negative = Full FT better
molformer_c3,random,freesolv,10,fullft_vs_dora,regression,rmse,1.0529887329143615,1.0930348919589314,-0.040046159044569984,regression: fullft_rmse - peft_rmse; classification: peft_auc - fullft_auc; negative = Full FT better
molformer_c3,random,freesolv,100,fullft_vs_lora,regression,rmse,1.0360951897696438,0.925972673286875,0.11012251648276872,regression: fullft_rmse - peft_rmse; classification: peft_auc - fullft_auc; negative = Full FT better
molformer_c3,random,freesolv,100,fullft_vs_dora,regression,rmse,1.0360951897696438,1.0037181395988446,0.03237705017079917,regression: fullft_rmse - peft_rmse; classification: peft_auc - fullft_auc; negative = Full FT better
molformer_c3,random,freesolv,1000,fullft_vs_lora,regression,rmse,1.0563448282143837,1.325263632332375,-0.2689188041179913,regression: fullft_rmse - peft_rmse; classification: peft_auc - fullft_auc; negative = Full FT better
molformer_c3,random,freesolv,1000,fullft_vs_dora,regression,rmse,1.0563448282143837,1.2533328447611514,-0.19698801654676767,regression: fullft_rmse - peft_rmse; classification: peft_auc - fullft_auc; negative = Full FT better
molformer_c3,random,esol,0,fullft_vs_lora,regression,rmse,0.7347053839787796,0.8281434255025666,-0.09343804152378699,regression: fullft_rmse - peft_rmse; classification: peft_auc - fullft_auc; negative = Full FT better
molformer_c3,random,esol,0,fullft_vs_dora,regression,rmse,0.7347053839787796,0.7560035903128893,-0.021298206334109726,regression: fullft_rmse - peft_rmse; classification: peft_auc - fullft_auc; negative = Full FT better
molformer_c3,random,esol,1,fullft_vs_lora,regression,rmse,0.6544478968083256,0.6928922987335012,-0.03844440192517562,regression: fullft_rmse - peft_rmse; classification: peft_auc - fullft_auc; negative = Full FT better
molformer_c3,random,esol,1,fullft_vs_dora,regression,rmse,0.6544478968083256,0.6783952376715828,-0.023947340863257227,regression: fullft_rmse - peft_rmse; classification: peft_auc - fullft_auc; negative = Full FT better
molformer_c3,random,esol,2,fullft_vs_lora,regression,rmse,0.6260777003432895,0.6687070324722078,-0.042629332128918285,regression: fullft_rmse - peft_rmse; classification: peft_auc - fullft_auc; negative = Full FT better
molformer_c3,random,esol,2,fullft_vs_dora,regression,rmse,0.6260777003432895,0.6874898346236111,-0.06141213428032166,regression: fullft_rmse - peft_rmse; classification: peft_auc - fullft_auc; negative = Full FT better
molformer_c3,random,esol,10,fullft_vs_lora,regression,rmse,0.6301055514378802,0.647930705561338,-0.017825154123457865,regression: fullft_rmse - peft_rmse; classification: peft_auc - fullft_auc; negative = Full FT better
molformer_c3,random,esol,10,fullft_vs_dora,regression,rmse,0.6301055514378802,0.6638632980461692,-0.03375774660828901,regression: fullft_rmse - peft_rmse; classification: peft_auc - fullft_auc; negative = Full FT better
molformer_c3,random,esol,100,fullft_vs_lora,regression,rmse,0.6214276262097617,0.762356886956734,-0.14092926074697232,regression: fullft_rmse - peft_rmse; classification: peft_auc - fullft_auc; negative = Full FT better
molformer_c3,random,esol,100,fullft_vs_dora,regression,rmse,0.6214276262097617,0.6410778352536456,-0.019650209043883926,regression: fullft_rmse - peft_rmse; classification: peft_auc - fullft_auc; negative = Full FT better
molformer_c3,random,esol,1000,fullft_vs_lora,regression,rmse,0.6206795853027696,0.6282900522218354,-0.007610466919065861,regression: fullft_rmse - peft_rmse; classification: peft_auc - fullft_auc; negative = Full FT better
molformer_c3,random,esol,1000,fullft_vs_dora,regression,rmse,0.6206795853027696,0.569729624711557,0.050949960591212595,regression: fullft_rmse - peft_rmse; classification: peft_auc - fullft_auc; negative = Full FT better
molformer_c3,random,lipo,0,fullft_vs_lora,regression,rmse,0.5799614117791876,0.6294550426388132,-0.04949363085962566,regression: fullft_rmse - peft_rmse; classification: peft_auc - fullft_auc; negative = Full FT better
molformer_c3,random,lipo,0,fullft_vs_dora,regression,rmse,0.5799614117791876,0.6428902514386271,-0.06292883965943952,regression: fullft_rmse - peft_rmse; classification: peft_auc - fullft_auc; negative = Full FT better
molformer_c3,random,lipo,1,fullft_vs_lora,regression,rmse,0.6356734371953275,0.6677710703528624,-0.03209763315753489,regression: fullft_rmse - peft_rmse; classification: peft_auc - fullft_auc; negative = Full FT better
molformer_c3,random,lipo,1,fullft_vs_dora,regression,rmse,0.6356734371953275,0.6780011094655325,-0.04232767227020495,regression: fullft_rmse - peft_rmse; classification: peft_auc - fullft_auc; negative = Full FT better
molformer_c3,random,lipo,2,fullft_vs_lora,regression,rmse,0.5862904566406981,0.632228982594937,-0.04593852595423886,regression: fullft_rmse - peft_rmse; classification: peft_auc - fullft_auc; negative = Full FT better
molformer_c3,random,lipo,2,fullft_vs_dora,regression,rmse,0.5862904566406981,0.6175437575060511,-0.03125330086535294,regression: fullft_rmse - peft_rmse; classification: peft_auc - fullft_auc; negative = Full FT better
molformer_c3,random,lipo,10,fullft_vs_lora,regression,rmse,0.6061584236352664,0.6693963082890737,-0.06323788465380731,regression: fullft_rmse - peft_rmse; classification: peft_auc - fullft_auc; negative = Full FT better
molformer_c3,random,lipo,10,fullft_vs_dora,regression,rmse,0.6061584236352664,0.6804913338593573,-0.07433291022409094,regression: fullft_rmse - peft_rmse; classification: peft_auc - fullft_auc; negative = Full FT better
molformer_c3,random,lipo,100,fullft_vs_lora,regression,rmse,0.6157002698321213,0.6611041424844372,-0.045403872652315824,regression: fullft_rmse - peft_rmse; classification: peft_auc - fullft_auc; negative = Full FT better
molformer_c3,random,lipo,100,fullft_vs_dora,regression,rmse,0.6157002698321213,0.629270649416191,-0.013570379584069703,regression: fullft_rmse - peft_rmse; classification: peft_auc - fullft_auc; negative = Full FT better
molformer_c3,random,lipo,1000,fullft_vs_lora,regression,rmse,0.7260696216019563,0.7130981561287341,0.012971465473222255,regression: fullft_rmse - peft_rmse; classification: peft_auc - fullft_auc; negative = Full FT better
molformer_c3,random,lipo,1000,fullft_vs_dora,regression,rmse,0.7260696216019563,0.7173845340449497,0.008685087557006588,regression: fullft_rmse - peft_rmse; classification: peft_auc - fullft_auc; negative = Full FT better
molformer_c3,random,bace,0,fullft_vs_lora,classification,auc,0.9190097259062776,0.8912466843501327,-0.02776304155614495,regression: fullft_rmse - peft_rmse; classification: peft_auc - fullft_auc; negative = Full FT better
molformer_c3,random,bace,0,fullft_vs_dora,classification,auc,0.9190097259062776,0.9181255526083112,-0.0008841732979664174,regression: fullft_rmse - peft_rmse; classification: peft_auc - fullft_auc; negative = Full FT better
molformer_c3,random,bace,1,fullft_vs_lora,classification,auc,0.8761451726568006,0.8699788583509513,-0.006166314305849241,regression: fullft_rmse - peft_rmse; classification: peft_auc - fullft_auc; negative = Full FT better
molformer_c3,random,bace,1,fullft_vs_dora,classification,auc,0.8761451726568006,0.841261451726568,-0.03488372093023262,regression: fullft_rmse - peft_rmse; classification: peft_auc - fullft_auc; negative = Full FT better
molformer_c3,random,bace,2,fullft_vs_lora,classification,auc,0.8266107909900472,0.8168325475816308,-0.009778243408416376,regression: fullft_rmse - peft_rmse; classification: peft_auc - fullft_auc; negative = Full FT better
molformer_c3,random,bace,2,fullft_vs_dora,classification,auc,0.8266107909900472,0.8486118386589837,0.022001047668936513,regression: fullft_rmse - peft_rmse; classification: peft_auc - fullft_auc; negative = Full FT better
molformer_c3,random,bace,10,fullft_vs_lora,classification,auc,0.8806022408963585,0.8935574229691877,0.012955182072829197,regression: fullft_rmse - peft_rmse; classification: peft_auc - fullft_auc; negative = Full FT better
molformer_c3,random,bace,10,fullft_vs_dora,classification,auc,0.8806022408963585,0.8914565826330533,0.01085434173669475,regression: fullft_rmse - peft_rmse; classification: peft_auc - fullft_auc; negative = Full FT better
molformer_c3,random,bace,100,fullft_vs_lora,classification,auc,0.8353658536585366,0.8409407665505226,0.0055749128919860835,regression: fullft_rmse - peft_rmse; classification: peft_auc - fullft_auc; negative = Full FT better
molformer_c3,random,bace,100,fullft_vs_dora,classification,auc,0.8353658536585366,0.8071428571428572,-0.02822299651567939,regression: fullft_rmse - peft_rmse; classification: peft_auc - fullft_auc; negative = Full FT better
molformer_c3,random,bace,1000,fullft_vs_lora,classification,auc,0.9021136521136521,0.8993416493416494,-0.002772002772002735,regression: fullft_rmse - peft_rmse; classification: peft_auc - fullft_auc; negative = Full FT better
molformer_c3,random,bace,1000,fullft_vs_dora,classification,auc,0.9021136521136521,0.8955301455301455,-0.006583506583506593,regression: fullft_rmse - peft_rmse; classification: peft_auc - fullft_auc; negative = Full FT better
molformer_c3,random,bbbp,0,fullft_vs_lora,classification,auc,0.9400914634146341,0.949390243902439,0.009298780487804859,regression: fullft_rmse - peft_rmse; classification: peft_auc - fullft_auc; negative = Full FT better
molformer_c3,random,bbbp,0,fullft_vs_dora,classification,auc,0.9400914634146341,0.9570121951219512,0.016920731707317116,regression: fullft_rmse - peft_rmse; classification: peft_auc - fullft_auc; negative = Full FT better
molformer_c3,random,bbbp,1,fullft_vs_lora,classification,auc,0.979708306911858,0.9787571337983513,-0.0009511731135066759,regression: fullft_rmse - peft_rmse; classification: peft_auc - fullft_auc; negative = Full FT better
molformer_c3,random,bbbp,1,fullft_vs_dora,classification,auc,0.979708306911858,0.9787571337983513,-0.0009511731135066759,regression: fullft_rmse - peft_rmse; classification: peft_auc - fullft_auc; negative = Full FT better
molformer_c3,random,bbbp,2,fullft_vs_lora,classification,auc,0.9718235681369322,0.9685319289005925,-0.003291639236339683,regression: fullft_rmse - peft_rmse; classification: peft_auc - fullft_auc; negative = Full FT better
molformer_c3,random,bbbp,2,fullft_vs_dora,classification,auc,0.9718235681369322,0.96550362080316,-0.006319947333772169,regression: fullft_rmse - peft_rmse; classification: peft_auc - fullft_auc; negative = Full FT better
molformer_c3,random,bbbp,10,fullft_vs_lora,classification,auc,0.9710683327704605,0.9658899020601148,-0.005178430710345627,regression: fullft_rmse - peft_rmse; classification: peft_auc - fullft_auc; negative = Full FT better
molformer_c3,random,bbbp,10,fullft_vs_dora,classification,auc,0.9710683327704605,0.9770347855454239,0.005966452774963438,regression: fullft_rmse - peft_rmse; classification: peft_auc - fullft_auc; negative = Full FT better
molformer_c3,random,bbbp,100,fullft_vs_lora,classification,auc,0.9584479911942763,0.9536323610346725,-0.004815630159603734,regression: fullft_rmse - peft_rmse; classification: peft_auc - fullft_auc; negative = Full FT better
molformer_c3,random,bbbp,100,fullft_vs_dora,classification,auc,0.9584479911942763,0.9536323610346725,-0.004815630159603734,regression: fullft_rmse - peft_rmse; classification: peft_auc - fullft_auc; negative = Full FT better
molformer_c3,random,bbbp,1000,fullft_vs_lora,classification,auc,0.9688920454545454,0.9704545454545455,0.0015625000000000222,regression: fullft_rmse - peft_rmse; classification: peft_auc - fullft_auc; negative = Full FT better
molformer_c3,random,bbbp,1000,fullft_vs_dora,classification,auc,0.9688920454545454,0.970028409090909,0.001136363636363602,regression: fullft_rmse - peft_rmse; classification: peft_auc - fullft_auc; negative = Full FT better
molformer_c3,random,sider,0,fullft_vs_lora,classification,mean_auc,0.6790595632191754,0.6569651418205019,-0.02209442139867346,regression: fullft_rmse - peft_rmse; classification: peft_auc - fullft_auc; negative = Full FT better
molformer_c3,random,sider,0,fullft_vs_dora,classification,mean_auc,0.6790595632191754,0.653021820121699,-0.026037743097476418,regression: fullft_rmse - peft_rmse; classification: peft_auc - fullft_auc; negative = Full FT better
molformer_c3,random,sider,1,fullft_vs_lora,classification,mean_auc,0.6359426588029768,0.6221960808902127,-0.013746577912764124,regression: fullft_rmse - peft_rmse; classification: peft_auc - fullft_auc; negative = Full FT better
molformer_c3,random,sider,1,fullft_vs_dora,classification,mean_auc,0.6359426588029768,0.6184832822332953,-0.01745937656968155,regression: fullft_rmse - peft_rmse; classification: peft_auc - fullft_auc; negative = Full FT better
molformer_c3,random,sider,2,fullft_vs_lora,classification,mean_auc,0.5839962045694778,0.5856731243682443,0.0016769197987664963,regression: fullft_rmse - peft_rmse; classification: peft_auc - fullft_auc; negative = Full FT better
molformer_c3,random,sider,2,fullft_vs_dora,classification,mean_auc,0.5839962045694778,0.5844132703162578,0.00041706574678002095,regression: fullft_rmse - peft_rmse; classification: peft_auc - fullft_auc; negative = Full FT better
molformer_c3,random,sider,10,fullft_vs_lora,classification,mean_auc,0.63267411018525,0.6203905149830161,-0.012283595202233877,regression: fullft_rmse - peft_rmse; classification: peft_auc - fullft_auc; negative = Full FT better
molformer_c3,random,sider,10,fullft_vs_dora,classification,mean_auc,0.63267411018525,0.6395639420375354,0.006889831852285422,regression: fullft_rmse - peft_rmse; classification: peft_auc - fullft_auc; negative = Full FT better
molformer_c3,random,sider,100,fullft_vs_lora,classification,mean_auc,0.6670134178497314,0.6582432422262396,-0.008770175623491805,regression: fullft_rmse - peft_rmse; classification: peft_auc - fullft_auc; negative = Full FT better
molformer_c3,random,sider,100,fullft_vs_dora,classification,mean_auc,0.6670134178497314,0.6522807223272055,-0.014732695522525985,regression: fullft_rmse - peft_rmse; classification: peft_auc - fullft_auc; negative = Full FT better
molformer_c3,random,sider,1000,fullft_vs_lora,classification,mean_auc,0.6366779355186298,0.6146848346415512,-0.02199310087707862,regression: fullft_rmse - peft_rmse; classification: peft_auc - fullft_auc; negative = Full FT better
molformer_c3,random,sider,1000,fullft_vs_dora,classification,mean_auc,0.6366779355186298,0.6183761560563386,-0.01830177946229128,regression: fullft_rmse - peft_rmse; classification: peft_auc - fullft_auc; negative = Full FT better
cmpnn,scaffold,freesolv,0,fullft_vs_lora,regression,rmse,1.778183,2.16195,-0.38376699999999997,regression: fullft_rmse - peft_rmse; classification: peft_auc - fullft_auc; negative = Full FT better
cmpnn,scaffold,freesolv,0,fullft_vs_dora,regression,rmse,1.778183,2.096095,-0.317912,regression: fullft_rmse - peft_rmse; classification: peft_auc - fullft_auc; negative = Full FT better
cmpnn,scaffold,freesolv,2,fullft_vs_lora,regression,rmse,1.696973,1.490457,0.20651600000000014,regression: fullft_rmse - peft_rmse; classification: peft_auc - fullft_auc; negative = Full FT better
cmpnn,scaffold,freesolv,2,fullft_vs_dora,regression,rmse,1.696973,1.570725,0.12624800000000014,regression: fullft_rmse - peft_rmse; classification: peft_auc - fullft_auc; negative = Full FT better
cmpnn,scaffold,freesolv,10,fullft_vs_lora,regression,rmse,1.8974,2.240996,-0.343596,regression: fullft_rmse - peft_rmse; classification: peft_auc - fullft_auc; negative = Full FT better
cmpnn,scaffold,freesolv,10,fullft_vs_dora,regression,rmse,1.8974,2.297802,-0.4004019999999999,regression: fullft_rmse - peft_rmse; classification: peft_auc - fullft_auc; negative = Full FT better
cmpnn,scaffold,freesolv,100,fullft_vs_lora,regression,rmse,1.460946,1.559744,-0.09879799999999994,regression: fullft_rmse - peft_rmse; classification: peft_auc - fullft_auc; negative = Full FT better
cmpnn,scaffold,freesolv,100,fullft_vs_dora,regression,rmse,1.460946,1.568935,-0.10798899999999989,regression: fullft_rmse - peft_rmse; classification: peft_auc - fullft_auc; negative = Full FT better
cmpnn,scaffold,freesolv,1000,fullft_vs_lora,regression,rmse,1.451268,1.475756,-0.024488000000000065,regression: fullft_rmse - peft_rmse; classification: peft_auc - fullft_auc; negative = Full FT better
cmpnn,scaffold,freesolv,1000,fullft_vs_dora,regression,rmse,1.451268,1.412039,0.03922899999999996,regression: fullft_rmse - peft_rmse; classification: peft_auc - fullft_auc; negative = Full FT better
cmpnn,scaffold,esol,0,fullft_vs_lora,regression,rmse,0.689763,0.741628,-0.05186499999999994,regression: fullft_rmse - peft_rmse; classification: peft_auc - fullft_auc; negative = Full FT better
cmpnn,scaffold,esol,0,fullft_vs_dora,regression,rmse,0.689763,0.75785,-0.06808700000000001,regression: fullft_rmse - peft_rmse; classification: peft_auc - fullft_auc; negative = Full FT better
cmpnn,scaffold,esol,1,fullft_vs_lora,regression,rmse,0.835334,0.759042,0.07629200000000003,regression: fullft_rmse - peft_rmse; classification: peft_auc - fullft_auc; negative = Full FT better
cmpnn,scaffold,esol,1,fullft_vs_dora,regression,rmse,0.835334,0.770888,0.064446,regression: fullft_rmse - peft_rmse; classification: peft_auc - fullft_auc; negative = Full FT better
cmpnn,scaffold,esol,2,fullft_vs_lora,regression,rmse,0.958721,1.002986,-0.04426499999999989,regression: fullft_rmse - peft_rmse; classification: peft_auc - fullft_auc; negative = Full FT better
cmpnn,scaffold,esol,2,fullft_vs_dora,regression,rmse,0.958721,0.990898,-0.0321769999999999,regression: fullft_rmse - peft_rmse; classification: peft_auc - fullft_auc; negative = Full FT better
cmpnn,scaffold,esol,10,fullft_vs_lora,regression,rmse,0.904079,0.9421,-0.03802100000000008,regression: fullft_rmse - peft_rmse; classification: peft_auc - fullft_auc; negative = Full FT better
cmpnn,scaffold,esol,10,fullft_vs_dora,regression,rmse,0.904079,0.942457,-0.03837800000000002,regression: fullft_rmse - peft_rmse; classification: peft_auc - fullft_auc; negative = Full FT better
cmpnn,scaffold,esol,100,fullft_vs_lora,regression,rmse,0.859654,0.925857,-0.06620300000000001,regression: fullft_rmse - peft_rmse; classification: peft_auc - fullft_auc; negative = Full FT better
cmpnn,scaffold,esol,100,fullft_vs_dora,regression,rmse,0.859654,0.907342,-0.04768799999999995,regression: fullft_rmse - peft_rmse; classification: peft_auc - fullft_auc; negative = Full FT better
cmpnn,scaffold,esol,1000,fullft_vs_lora,regression,rmse,0.675582,0.784169,-0.10858699999999999,regression: fullft_rmse - peft_rmse; classification: peft_auc - fullft_auc; negative = Full FT better
cmpnn,scaffold,esol,1000,fullft_vs_dora,regression,rmse,0.675582,0.768848,-0.09326599999999996,regression: fullft_rmse - peft_rmse; classification: peft_auc - fullft_auc; negative = Full FT better
cmpnn,scaffold,lipo,0,fullft_vs_lora,regression,rmse,0.625108,0.654229,-0.029120999999999952,regression: fullft_rmse - peft_rmse; classification: peft_auc - fullft_auc; negative = Full FT better
cmpnn,scaffold,lipo,0,fullft_vs_dora,regression,rmse,0.625108,0.627623,-0.002515000000000045,regression: fullft_rmse - peft_rmse; classification: peft_auc - fullft_auc; negative = Full FT better
cmpnn,scaffold,lipo,1,fullft_vs_lora,regression,rmse,0.572314,0.641112,-0.06879800000000003,regression: fullft_rmse - peft_rmse; classification: peft_auc - fullft_auc; negative = Full FT better
cmpnn,scaffold,lipo,1,fullft_vs_dora,regression,rmse,0.572314,0.613169,-0.040854999999999975,regression: fullft_rmse - peft_rmse; classification: peft_auc - fullft_auc; negative = Full FT better
cmpnn,scaffold,lipo,2,fullft_vs_lora,regression,rmse,0.622027,0.653554,-0.03152699999999997,regression: fullft_rmse - peft_rmse; classification: peft_auc - fullft_auc; negative = Full FT better
cmpnn,scaffold,lipo,2,fullft_vs_dora,regression,rmse,0.622027,0.665076,-0.043049000000000004,regression: fullft_rmse - peft_rmse; classification: peft_auc - fullft_auc; negative = Full FT better
cmpnn,scaffold,lipo,10,fullft_vs_lora,regression,rmse,0.645845,0.635136,0.010708999999999969,regression: fullft_rmse - peft_rmse; classification: peft_auc - fullft_auc; negative = Full FT better
cmpnn,scaffold,lipo,10,fullft_vs_dora,regression,rmse,0.645845,0.658292,-0.012446999999999986,regression: fullft_rmse - peft_rmse; classification: peft_auc - fullft_auc; negative = Full FT better
cmpnn,scaffold,lipo,100,fullft_vs_lora,regression,rmse,0.567351,0.64851,-0.08115899999999998,regression: fullft_rmse - peft_rmse; classification: peft_auc - fullft_auc; negative = Full FT better
cmpnn,scaffold,lipo,100,fullft_vs_dora,regression,rmse,0.567351,0.667503,-0.10015199999999991,regression: fullft_rmse - peft_rmse; classification: peft_auc - fullft_auc; negative = Full FT better
cmpnn,scaffold,lipo,1000,fullft_vs_lora,regression,rmse,0.616572,0.657976,-0.041403999999999996,regression: fullft_rmse - peft_rmse; classification: peft_auc - fullft_auc; negative = Full FT better
cmpnn,scaffold,lipo,1000,fullft_vs_dora,regression,rmse,0.616572,0.657271,-0.04069900000000004,regression: fullft_rmse - peft_rmse; classification: peft_auc - fullft_auc; negative = Full FT better
cmpnn,scaffold,bace,0,fullft_vs_lora,classification,auc,0.808604,0.852502,0.04389799999999999,regression: fullft_rmse - peft_rmse; classification: peft_auc - fullft_auc; negative = Full FT better
cmpnn,scaffold,bace,0,fullft_vs_dora,classification,auc,0.808604,0.853556,0.04495199999999999,regression: fullft_rmse - peft_rmse; classification: peft_auc - fullft_auc; negative = Full FT better
cmpnn,scaffold,bace,1,fullft_vs_lora,classification,auc,0.905575,0.913937,0.00836199999999998,regression: fullft_rmse - peft_rmse; classification: peft_auc - fullft_auc; negative = Full FT better
cmpnn,scaffold,bace,1,fullft_vs_dora,classification,auc,0.905575,0.903136,-0.002438999999999969,regression: fullft_rmse - peft_rmse; classification: peft_auc - fullft_auc; negative = Full FT better
cmpnn,scaffold,bace,2,fullft_vs_lora,classification,auc,0.864314,0.831373,-0.032941,regression: fullft_rmse - peft_rmse; classification: peft_auc - fullft_auc; negative = Full FT better
cmpnn,scaffold,bace,2,fullft_vs_dora,classification,auc,0.864314,0.847059,-0.01725500000000002,regression: fullft_rmse - peft_rmse; classification: peft_auc - fullft_auc; negative = Full FT better
cmpnn,scaffold,bace,10,fullft_vs_lora,classification,auc,0.827115,0.810769,-0.016346000000000083,regression: fullft_rmse - peft_rmse; classification: peft_auc - fullft_auc; negative = Full FT better
cmpnn,scaffold,bace,10,fullft_vs_dora,classification,auc,0.827115,0.779615,-0.0475000000000001,regression: fullft_rmse - peft_rmse; classification: peft_auc - fullft_auc; negative = Full FT better
cmpnn,scaffold,bace,100,fullft_vs_lora,classification,auc,0.772743,0.765278,-0.007464999999999944,regression: fullft_rmse - peft_rmse; classification: peft_auc - fullft_auc; negative = Full FT better
cmpnn,scaffold,bace,100,fullft_vs_dora,classification,auc,0.772743,0.761285,-0.011457999999999968,regression: fullft_rmse - peft_rmse; classification: peft_auc - fullft_auc; negative = Full FT better
cmpnn,scaffold,bace,1000,fullft_vs_lora,classification,auc,0.885655,0.89501,0.009355000000000002,regression: fullft_rmse - peft_rmse; classification: peft_auc - fullft_auc; negative = Full FT better
cmpnn,scaffold,bace,1000,fullft_vs_dora,classification,auc,0.885655,0.895357,0.009701999999999988,regression: fullft_rmse - peft_rmse; classification: peft_auc - fullft_auc; negative = Full FT better
cmpnn,scaffold,bbbp,0,fullft_vs_lora,classification,auc,0.939431,0.958709,0.019278000000000017,regression: fullft_rmse - peft_rmse; classification: peft_auc - fullft_auc; negative = Full FT better
cmpnn,scaffold,bbbp,0,fullft_vs_dora,classification,auc,0.939431,0.956385,0.016954000000000025,regression: fullft_rmse - peft_rmse; classification: peft_auc - fullft_auc; negative = Full FT better
cmpnn,scaffold,bbbp,1,fullft_vs_lora,classification,auc,0.917697,0.913697,-0.0040000000000000036,regression: fullft_rmse - peft_rmse; classification: peft_auc - fullft_auc; negative = Full FT better
cmpnn,scaffold,bbbp,1,fullft_vs_dora,classification,auc,0.917697,0.916727,-0.0009700000000000264,regression: fullft_rmse - peft_rmse; classification: peft_auc - fullft_auc; negative = Full FT better
cmpnn,scaffold,bbbp,2,fullft_vs_lora,classification,auc,0.975721,0.943174,-0.03254699999999999,regression: fullft_rmse - peft_rmse; classification: peft_auc - fullft_auc; negative = Full FT better
cmpnn,scaffold,bbbp,2,fullft_vs_dora,classification,auc,0.975721,0.93989,-0.035830999999999946,regression: fullft_rmse - peft_rmse; classification: peft_auc - fullft_auc; negative = Full FT better
cmpnn,scaffold,bbbp,10,fullft_vs_lora,classification,auc,0.968716,0.953837,-0.014878999999999976,regression: fullft_rmse - peft_rmse; classification: peft_auc - fullft_auc; negative = Full FT better
cmpnn,scaffold,bbbp,10,fullft_vs_dora,classification,auc,0.968716,0.952529,-0.016187000000000062,regression: fullft_rmse - peft_rmse; classification: peft_auc - fullft_auc; negative = Full FT better
cmpnn,scaffold,bbbp,100,fullft_vs_lora,classification,auc,0.960121,0.950545,-0.009576000000000029,regression: fullft_rmse - peft_rmse; classification: peft_auc - fullft_auc; negative = Full FT better
cmpnn,scaffold,bbbp,100,fullft_vs_dora,classification,auc,0.960121,0.949212,-0.010909000000000058,regression: fullft_rmse - peft_rmse; classification: peft_auc - fullft_auc; negative = Full FT better
cmpnn,scaffold,bbbp,1000,fullft_vs_lora,classification,auc,0.951342,0.949664,-0.0016780000000000683,regression: fullft_rmse - peft_rmse; classification: peft_auc - fullft_auc; negative = Full FT better
cmpnn,scaffold,bbbp,1000,fullft_vs_dora,classification,auc,0.951342,0.950264,-0.0010780000000000234,regression: fullft_rmse - peft_rmse; classification: peft_auc - fullft_auc; negative = Full FT better
cmpnn,scaffold,sider,0,fullft_vs_lora,classification,auc,0.641302,0.562181,-0.079121,regression: fullft_rmse - peft_rmse; classification: peft_auc - fullft_auc; negative = Full FT better
cmpnn,scaffold,sider,0,fullft_vs_dora,classification,auc,0.641302,0.608458,-0.032843999999999984,regression: fullft_rmse - peft_rmse; classification: peft_auc - fullft_auc; negative = Full FT better
cmpnn,scaffold,sider,1,fullft_vs_lora,classification,auc,0.618727,0.619716,0.0009890000000000176,regression: fullft_rmse - peft_rmse; classification: peft_auc - fullft_auc; negative = Full FT better
cmpnn,scaffold,sider,1,fullft_vs_dora,classification,auc,0.618727,0.613473,-0.005253999999999981,regression: fullft_rmse - peft_rmse; classification: peft_auc - fullft_auc; negative = Full FT better
cmpnn,scaffold,sider,2,fullft_vs_lora,classification,auc,0.600816,0.594403,-0.006413000000000002,regression: fullft_rmse - peft_rmse; classification: peft_auc - fullft_auc; negative = Full FT better
cmpnn,scaffold,sider,2,fullft_vs_dora,classification,auc,0.600816,0.587158,-0.013658000000000059,regression: fullft_rmse - peft_rmse; classification: peft_auc - fullft_auc; negative = Full FT better
cmpnn,scaffold,sider,10,fullft_vs_lora,classification,auc,0.651756,0.633573,-0.01818299999999995,regression: fullft_rmse - peft_rmse; classification: peft_auc - fullft_auc; negative = Full FT better
cmpnn,scaffold,sider,10,fullft_vs_dora,classification,auc,0.651756,0.638287,-0.013468999999999953,regression: fullft_rmse - peft_rmse; classification: peft_auc - fullft_auc; negative = Full FT better
cmpnn,scaffold,sider,100,fullft_vs_lora,classification,auc,0.629793,0.613621,-0.016172000000000075,regression: fullft_rmse - peft_rmse; classification: peft_auc - fullft_auc; negative = Full FT better
cmpnn,scaffold,sider,100,fullft_vs_dora,classification,auc,0.629793,0.585713,-0.04408000000000001,regression: fullft_rmse - peft_rmse; classification: peft_auc - fullft_auc; negative = Full FT better
cmpnn,scaffold,sider,1000,fullft_vs_lora,classification,auc,0.64862,0.646614,-0.0020059999999999523,regression: fullft_rmse - peft_rmse; classification: peft_auc - fullft_auc; negative = Full FT better
cmpnn,scaffold,sider,1000,fullft_vs_dora,classification,auc,0.64862,0.638495,-0.01012499999999994,regression: fullft_rmse - peft_rmse; classification: peft_auc - fullft_auc; negative = Full FT better
chemberta2,scaffold,freesolv,0,fullft_vs_lora,regression,rmse,2.9494767840348475,2.1771432116972695,0.7723335723375779,regression: fullft_rmse - peft_rmse; classification: peft_auc - fullft_auc; negative = Full FT better
chemberta2,scaffold,freesolv,0,fullft_vs_dora,regression,rmse,2.9494767840348475,2.179350030404293,0.7701267536305543,regression: fullft_rmse - peft_rmse; classification: peft_auc - fullft_auc; negative = Full FT better
chemberta2,scaffold,freesolv,1,fullft_vs_lora,regression,rmse,2.825741770085953,2.5534737879847706,0.2722679821011824,regression: fullft_rmse - peft_rmse; classification: peft_auc - fullft_auc; negative = Full FT better
chemberta2,scaffold,freesolv,1,fullft_vs_dora,regression,rmse,2.825741770085953,2.546954007473736,0.27878776261221727,regression: fullft_rmse - peft_rmse; classification: peft_auc - fullft_auc; negative = Full FT better
chemberta2,scaffold,freesolv,2,fullft_vs_lora,regression,rmse,2.670490017476411,2.257611117242196,0.4128789002342148,regression: fullft_rmse - peft_rmse; classification: peft_auc - fullft_auc; negative = Full FT better
chemberta2,scaffold,freesolv,2,fullft_vs_dora,regression,rmse,2.670490017476411,2.2555224146337007,0.4149676028427103,regression: fullft_rmse - peft_rmse; classification: peft_auc - fullft_auc; negative = Full FT better
chemberta2,scaffold,freesolv,10,fullft_vs_lora,regression,rmse,3.1889597224374167,2.346452604395945,0.8425071180414716,regression: fullft_rmse - peft_rmse; classification: peft_auc - fullft_auc; negative = Full FT better
chemberta2,scaffold,freesolv,10,fullft_vs_dora,regression,rmse,3.1889597224374167,2.3498597935184,0.8390999289190169,regression: fullft_rmse - peft_rmse; classification: peft_auc - fullft_auc; negative = Full FT better
chemberta2,scaffold,freesolv,100,fullft_vs_lora,regression,rmse,2.6602179118220572,1.7684895057399215,0.8917284060821358,regression: fullft_rmse - peft_rmse; classification: peft_auc - fullft_auc; negative = Full FT better
chemberta2,scaffold,freesolv,100,fullft_vs_dora,regression,rmse,2.6602179118220572,1.762516762944581,0.8977011488774762,regression: fullft_rmse - peft_rmse; classification: peft_auc - fullft_auc; negative = Full FT better
chemberta2,scaffold,freesolv,1000,fullft_vs_lora,regression,rmse,2.9141186256219527,1.9830951317895202,0.9310234938324324,regression: fullft_rmse - peft_rmse; classification: peft_auc - fullft_auc; negative = Full FT better
chemberta2,scaffold,freesolv,1000,fullft_vs_dora,regression,rmse,2.9141186256219527,1.9772659075429055,0.9368527180790471,regression: fullft_rmse - peft_rmse; classification: peft_auc - fullft_auc; negative = Full FT better
chemberta2,scaffold,esol,0,fullft_vs_lora,regression,rmse,0.7582970476027892,0.7722132076984445,-0.013916160095655328,regression: fullft_rmse - peft_rmse; classification: peft_auc - fullft_auc; negative = Full FT better
chemberta2,scaffold,esol,0,fullft_vs_dora,regression,rmse,0.7582970476027892,0.7737233568081575,-0.01542630920536836,regression: fullft_rmse - peft_rmse; classification: peft_auc - fullft_auc; negative = Full FT better
chemberta2,scaffold,esol,1,fullft_vs_lora,regression,rmse,1.190359637708397,0.9119242576279227,0.2784353800804742,regression: fullft_rmse - peft_rmse; classification: peft_auc - fullft_auc; negative = Full FT better
chemberta2,scaffold,esol,1,fullft_vs_dora,regression,rmse,1.190359637708397,0.9920034162708646,0.1983562214375323,regression: fullft_rmse - peft_rmse; classification: peft_auc - fullft_auc; negative = Full FT better
chemberta2,scaffold,esol,2,fullft_vs_lora,regression,rmse,1.1163180509287969,1.06847809126746,0.047839959661336806,regression: fullft_rmse - peft_rmse; classification: peft_auc - fullft_auc; negative = Full FT better
chemberta2,scaffold,esol,2,fullft_vs_dora,regression,rmse,1.1163180509287969,1.0677147965894633,0.048603254339333546,regression: fullft_rmse - peft_rmse; classification: peft_auc - fullft_auc; negative = Full FT better
chemberta2,scaffold,esol,10,fullft_vs_lora,regression,rmse,1.035326788907595,1.0248529677653349,0.010473821142260142,regression: fullft_rmse - peft_rmse; classification: peft_auc - fullft_auc; negative = Full FT better
chemberta2,scaffold,esol,10,fullft_vs_dora,regression,rmse,1.035326788907595,1.024764852765621,0.010561936141973982,regression: fullft_rmse - peft_rmse; classification: peft_auc - fullft_auc; negative = Full FT better
chemberta2,scaffold,esol,100,fullft_vs_lora,regression,rmse,0.9105101130791682,0.945586771624075,-0.035076658544906825,regression: fullft_rmse - peft_rmse; classification: peft_auc - fullft_auc; negative = Full FT better
chemberta2,scaffold,esol,100,fullft_vs_dora,regression,rmse,0.9105101130791682,0.9458062009798898,-0.035296087900721584,regression: fullft_rmse - peft_rmse; classification: peft_auc - fullft_auc; negative = Full FT better
chemberta2,scaffold,esol,1000,fullft_vs_lora,regression,rmse,1.019756365364111,0.9242292182697117,0.09552714709439936,regression: fullft_rmse - peft_rmse; classification: peft_auc - fullft_auc; negative = Full FT better
chemberta2,scaffold,esol,1000,fullft_vs_dora,regression,rmse,1.019756365364111,0.9213027794572746,0.0984535859068365,regression: fullft_rmse - peft_rmse; classification: peft_auc - fullft_auc; negative = Full FT better
chemberta2,scaffold,lipo,0,fullft_vs_lora,regression,rmse,0.741395387077542,0.7156973573177254,0.02569802975981661,regression: fullft_rmse - peft_rmse; classification: peft_auc - fullft_auc; negative = Full FT better
chemberta2,scaffold,lipo,0,fullft_vs_dora,regression,rmse,0.741395387077542,0.7091729199783385,0.03222246709920351,regression: fullft_rmse - peft_rmse; classification: peft_auc - fullft_auc; negative = Full FT better
chemberta2,scaffold,lipo,1,fullft_vs_lora,regression,rmse,0.7045526421996936,0.7192317757762267,-0.014679133576533054,regression: fullft_rmse - peft_rmse; classification: peft_auc - fullft_auc; negative = Full FT better
chemberta2,scaffold,lipo,1,fullft_vs_dora,regression,rmse,0.7045526421996936,0.7117309753506946,-0.007178333151001026,regression: fullft_rmse - peft_rmse; classification: peft_auc - fullft_auc; negative = Full FT better
chemberta2,scaffold,lipo,2,fullft_vs_lora,regression,rmse,0.801956579588349,0.7994629592163899,0.0024936203719591044,regression: fullft_rmse - peft_rmse; classification: peft_auc - fullft_auc; negative = Full FT better
chemberta2,scaffold,lipo,2,fullft_vs_dora,regression,rmse,0.801956579588349,0.7943009709544985,0.007655608633850508,regression: fullft_rmse - peft_rmse; classification: peft_auc - fullft_auc; negative = Full FT better
chemberta2,scaffold,lipo,10,fullft_vs_lora,regression,rmse,0.793501463599679,0.7626921474181085,0.030809316181570456,regression: fullft_rmse - peft_rmse; classification: peft_auc - fullft_auc; negative = Full FT better
chemberta2,scaffold,lipo,10,fullft_vs_dora,regression,rmse,0.793501463599679,0.7620222220747437,0.03147924152493531,regression: fullft_rmse - peft_rmse; classification: peft_auc - fullft_auc; negative = Full FT better
chemberta2,scaffold,lipo,100,fullft_vs_lora,regression,rmse,0.8373775378409578,0.79116439362269,0.04621314421826783,regression: fullft_rmse - peft_rmse; classification: peft_auc - fullft_auc; negative = Full FT better
chemberta2,scaffold,lipo,100,fullft_vs_dora,regression,rmse,0.8373775378409578,0.7869688528627605,0.05040868497819728,regression: fullft_rmse - peft_rmse; classification: peft_auc - fullft_auc; negative = Full FT better
chemberta2,scaffold,lipo,1000,fullft_vs_lora,regression,rmse,0.8205398607794134,0.823001233515968,-0.002461372736554557,regression: fullft_rmse - peft_rmse; classification: peft_auc - fullft_auc; negative = Full FT better
chemberta2,scaffold,lipo,1000,fullft_vs_dora,regression,rmse,0.8205398607794134,0.8588425807661072,-0.03830271998669377,regression: fullft_rmse - peft_rmse; classification: peft_auc - fullft_auc; negative = Full FT better
chemberta2,scaffold,bace,0,fullft_vs_lora,classification,auc,0.8337137840210711,0.8237050043898156,-0.01000877963125546,regression: fullft_rmse - peft_rmse; classification: peft_auc - fullft_auc; negative = Full FT better
chemberta2,scaffold,bace,0,fullft_vs_dora,classification,auc,0.8337137840210711,0.8254609306409131,-0.00825285338015802,regression: fullft_rmse - peft_rmse; classification: peft_auc - fullft_auc; negative = Full FT better
chemberta2,scaffold,bace,1,fullft_vs_lora,classification,auc,0.8743031358885017,0.8631533101045297,-0.011149825783972056,regression: fullft_rmse - peft_rmse; classification: peft_auc - fullft_auc; negative = Full FT better
chemberta2,scaffold,bace,1,fullft_vs_dora,classification,auc,0.8743031358885017,0.8633275261324042,-0.01097560975609757,regression: fullft_rmse - peft_rmse; classification: peft_auc - fullft_auc; negative = Full FT better
chemberta2,scaffold,bace,2,fullft_vs_lora,classification,auc,0.7938235294117647,0.7626470588235295,-0.03117647058823525,regression: fullft_rmse - peft_rmse; classification: peft_auc - fullft_auc; negative = Full FT better
chemberta2,scaffold,bace,2,fullft_vs_dora,classification,auc,0.7938235294117647,0.7640196078431373,-0.029803921568627434,regression: fullft_rmse - peft_rmse; classification: peft_auc - fullft_auc; negative = Full FT better
chemberta2,scaffold,bace,10,fullft_vs_lora,classification,auc,0.8260576923076923,0.8079807692307692,-0.0180769230769231,regression: fullft_rmse - peft_rmse; classification: peft_auc - fullft_auc; negative = Full FT better
chemberta2,scaffold,bace,10,fullft_vs_dora,classification,auc,0.8260576923076923,0.80875,-0.017307692307692357,regression: fullft_rmse - peft_rmse; classification: peft_auc - fullft_auc; negative = Full FT better
chemberta2,scaffold,bace,100,fullft_vs_lora,classification,auc,0.7584201388888889,0.73828125,-0.02013888888888893,regression: fullft_rmse - peft_rmse; classification: peft_auc - fullft_auc; negative = Full FT better
chemberta2,scaffold,bace,100,fullft_vs_dora,classification,auc,0.7584201388888889,0.7306423611111111,-0.02777777777777779,regression: fullft_rmse - peft_rmse; classification: peft_auc - fullft_auc; negative = Full FT better
chemberta2,scaffold,bace,1000,fullft_vs_lora,classification,auc,0.8747401247401247,0.8584546084546084,-0.016285516285516333,regression: fullft_rmse - peft_rmse; classification: peft_auc - fullft_auc; negative = Full FT better
chemberta2,scaffold,bace,1000,fullft_vs_dora,classification,auc,0.8747401247401247,0.8582813582813583,-0.016458766458766427,regression: fullft_rmse - peft_rmse; classification: peft_auc - fullft_auc; negative = Full FT better
chemberta2,scaffold,bbbp,0,fullft_vs_lora,classification,auc,0.9598031173092699,0.9604867377631938,0.0006836204539238944,regression: fullft_rmse - peft_rmse; classification: peft_auc - fullft_auc; negative = Full FT better
chemberta2,scaffold,bbbp,0,fullft_vs_dora,classification,auc,0.9598031173092699,0.9606234618539786,0.0008203445447086954,regression: fullft_rmse - peft_rmse; classification: peft_auc - fullft_auc; negative = Full FT better
chemberta2,scaffold,bbbp,1,fullft_vs_lora,classification,auc,0.9562424242424242,0.9585454545454546,0.0023030303030303623,regression: fullft_rmse - peft_rmse; classification: peft_auc - fullft_auc; negative = Full FT better
chemberta2,scaffold,bbbp,1,fullft_vs_dora,classification,auc,0.9562424242424242,0.9586666666666667,0.00242424242424244,regression: fullft_rmse - peft_rmse; classification: peft_auc - fullft_auc; negative = Full FT better
chemberta2,scaffold,bbbp,2,fullft_vs_lora,classification,auc,0.9804128547970913,0.9812338728594886,0.0008210180623973162,regression: fullft_rmse - peft_rmse; classification: peft_auc - fullft_auc; negative = Full FT better
chemberta2,scaffold,bbbp,2,fullft_vs_dora,classification,auc,0.9804128547970913,0.981468449448745,0.001055594651653724,regression: fullft_rmse - peft_rmse; classification: peft_auc - fullft_auc; negative = Full FT better
chemberta2,scaffold,bbbp,10,fullft_vs_lora,classification,auc,0.9609766732068891,0.9577065620231088,-0.0032701111837802888,regression: fullft_rmse - peft_rmse; classification: peft_auc - fullft_auc; negative = Full FT better
chemberta2,scaffold,bbbp,10,fullft_vs_dora,classification,auc,0.9609766732068891,0.9616306954436451,0.0006540222367560355,regression: fullft_rmse - peft_rmse; classification: peft_auc - fullft_auc; negative = Full FT better
chemberta2,scaffold,bbbp,100,fullft_vs_lora,classification,auc,0.9549090909090909,0.957939393939394,0.00303030303030305,regression: fullft_rmse - peft_rmse; classification: peft_auc - fullft_auc; negative = Full FT better
chemberta2,scaffold,bbbp,100,fullft_vs_dora,classification,auc,0.9549090909090909,0.9586666666666667,0.0037575757575757374,regression: fullft_rmse - peft_rmse; classification: peft_auc - fullft_auc; negative = Full FT better
chemberta2,scaffold,bbbp,1000,fullft_vs_lora,classification,auc,0.9655441035474592,0.9710570469798657,0.005512943432406492,regression: fullft_rmse - peft_rmse; classification: peft_auc - fullft_auc; negative = Full FT better
chemberta2,scaffold,bbbp,1000,fullft_vs_dora,classification,auc,0.9655441035474592,0.9704578139980825,0.0049137104506232765,regression: fullft_rmse - peft_rmse; classification: peft_auc - fullft_auc; negative = Full FT better
chemberta2,scaffold,sider,0,fullft_vs_lora,classification,mean_auc,0.5486898276834782,0.4950535062294517,-0.05363632145402647,regression: fullft_rmse - peft_rmse; classification: peft_auc - fullft_auc; negative = Full FT better
chemberta2,scaffold,sider,0,fullft_vs_dora,classification,mean_auc,0.5486898276834782,0.4953334821618785,-0.05335634552159968,regression: fullft_rmse - peft_rmse; classification: peft_auc - fullft_auc; negative = Full FT better
chemberta2,scaffold,sider,1,fullft_vs_lora,classification,mean_auc,0.5773749190005545,0.6018222815705173,0.024447362569962827,regression: fullft_rmse - peft_rmse; classification: peft_auc - fullft_auc; negative = Full FT better
chemberta2,scaffold,sider,1,fullft_vs_dora,classification,mean_auc,0.5773749190005545,0.5746667869650818,-0.00270813203547271,regression: fullft_rmse - peft_rmse; classification: peft_auc - fullft_auc; negative = Full FT better
chemberta2,scaffold,sider,2,fullft_vs_lora,classification,mean_auc,0.5615482597469921,0.5573064263023907,-0.004241833444601384,regression: fullft_rmse - peft_rmse; classification: peft_auc - fullft_auc; negative = Full FT better
chemberta2,scaffold,sider,2,fullft_vs_dora,classification,mean_auc,0.5615482597469921,0.5574993870667913,-0.004048872680200821,regression: fullft_rmse - peft_rmse; classification: peft_auc - fullft_auc; negative = Full FT better
chemberta2,scaffold,sider,10,fullft_vs_lora,classification,mean_auc,0.5955835299269144,0.5816867470078981,-0.013896782919016304,regression: fullft_rmse - peft_rmse; classification: peft_auc - fullft_auc; negative = Full FT better
chemberta2,scaffold,sider,10,fullft_vs_dora,classification,mean_auc,0.5955835299269144,0.5832973456641007,-0.012286184262813693,regression: fullft_rmse - peft_rmse; classification: peft_auc - fullft_auc; negative = Full FT better
chemberta2,scaffold,sider,100,fullft_vs_lora,classification,mean_auc,0.5951951808314683,0.621497535721501,0.026302354890032742,regression: fullft_rmse - peft_rmse; classification: peft_auc - fullft_auc; negative = Full FT better
chemberta2,scaffold,sider,100,fullft_vs_dora,classification,mean_auc,0.5951951808314683,0.621505620260394,0.026310439428925747,regression: fullft_rmse - peft_rmse; classification: peft_auc - fullft_auc; negative = Full FT better
chemberta2,scaffold,sider,1000,fullft_vs_lora,classification,mean_auc,0.5970788669849527,0.6010809068215406,0.004002039836587867,regression: fullft_rmse - peft_rmse; classification: peft_auc - fullft_auc; negative = Full FT better
chemberta2,scaffold,sider,1000,fullft_vs_dora,classification,mean_auc,0.5970788669849527,0.6013695002912244,0.004290633306271663,regression: fullft_rmse - peft_rmse; classification: peft_auc - fullft_auc; negative = Full FT better
molformer_c3,scaffold,freesolv,0,fullft_vs_lora,regression,rmse,1.7813732706882925,1.6782125695252592,0.10316070116303333,regression: fullft_rmse - peft_rmse; classification: peft_auc - fullft_auc; negative = Full FT better
molformer_c3,scaffold,freesolv,0,fullft_vs_dora,regression,rmse,1.7813732706882925,1.9376164678207706,-0.15624319713247803,regression: fullft_rmse - peft_rmse; classification: peft_auc - fullft_auc; negative = Full FT better
molformer_c3,scaffold,freesolv,1,fullft_vs_lora,regression,rmse,3.0570719356739473,3.048959498290654,0.008112437383293258,regression: fullft_rmse - peft_rmse; classification: peft_auc - fullft_auc; negative = Full FT better
molformer_c3,scaffold,freesolv,1,fullft_vs_dora,regression,rmse,3.0570719356739473,3.185688326728035,-0.12861639105408784,regression: fullft_rmse - peft_rmse; classification: peft_auc - fullft_auc; negative = Full FT better
molformer_c3,scaffold,freesolv,2,fullft_vs_lora,regression,rmse,1.3916851246156061,1.7749547979482525,-0.3832696733326464,regression: fullft_rmse - peft_rmse; classification: peft_auc - fullft_auc; negative = Full FT better
molformer_c3,scaffold,freesolv,2,fullft_vs_dora,regression,rmse,1.3916851246156061,1.5082239567983509,-0.11653883218274474,regression: fullft_rmse - peft_rmse; classification: peft_auc - fullft_auc; negative = Full FT better
molformer_c3,scaffold,freesolv,10,fullft_vs_lora,regression,rmse,1.7647875259717702,1.6735806899869563,0.09120683598481394,regression: fullft_rmse - peft_rmse; classification: peft_auc - fullft_auc; negative = Full FT better
molformer_c3,scaffold,freesolv,10,fullft_vs_dora,regression,rmse,1.7647875259717702,1.7106980108277083,0.054089515144061906,regression: fullft_rmse - peft_rmse; classification: peft_auc - fullft_auc; negative = Full FT better
molformer_c3,scaffold,freesolv,100,fullft_vs_lora,regression,rmse,1.5417571513797386,1.661293771022177,-0.11953661964243834,regression: fullft_rmse - peft_rmse; classification: peft_auc - fullft_auc; negative = Full FT better
molformer_c3,scaffold,freesolv,100,fullft_vs_dora,regression,rmse,1.5417571513797386,1.8682911057454337,-0.3265339543656951,regression: fullft_rmse - peft_rmse; classification: peft_auc - fullft_auc; negative = Full FT better
molformer_c3,scaffold,freesolv,1000,fullft_vs_lora,regression,rmse,1.5330048451107572,1.6545870367716555,-0.12158219166089834,regression: fullft_rmse - peft_rmse; classification: peft_auc - fullft_auc; negative = Full FT better
molformer_c3,scaffold,freesolv,1000,fullft_vs_dora,regression,rmse,1.5330048451107572,1.5011156224975888,0.0318892226131684,regression: fullft_rmse - peft_rmse; classification: peft_auc - fullft_auc; negative = Full FT better
molformer_c3,scaffold,esol,0,fullft_vs_lora,regression,rmse,0.9152658155106909,0.8471421823232395,0.0681236331874514,regression: fullft_rmse - peft_rmse; classification: peft_auc - fullft_auc; negative = Full FT better
molformer_c3,scaffold,esol,0,fullft_vs_dora,regression,rmse,0.9152658155106909,0.8032846537029855,0.11198116180770534,regression: fullft_rmse - peft_rmse; classification: peft_auc - fullft_auc; negative = Full FT better
molformer_c3,scaffold,esol,1,fullft_vs_lora,regression,rmse,1.0074821344689486,0.954651438879548,0.05283069558940068,regression: fullft_rmse - peft_rmse; classification: peft_auc - fullft_auc; negative = Full FT better
molformer_c3,scaffold,esol,1,fullft_vs_dora,regression,rmse,1.0074821344689486,1.0358808752265953,-0.0283987407576467,regression: fullft_rmse - peft_rmse; classification: peft_auc - fullft_auc; negative = Full FT better
molformer_c3,scaffold,esol,2,fullft_vs_lora,regression,rmse,1.0580908787966483,0.9357313320714231,0.1223595467252252,regression: fullft_rmse - peft_rmse; classification: peft_auc - fullft_auc; negative = Full FT better
molformer_c3,scaffold,esol,2,fullft_vs_dora,regression,rmse,1.0580908787966483,0.9269931120673182,0.13109776672933016,regression: fullft_rmse - peft_rmse; classification: peft_auc - fullft_auc; negative = Full FT better
molformer_c3,scaffold,esol,10,fullft_vs_lora,regression,rmse,0.9796148586568445,0.927252361161925,0.0523624974949195,regression: fullft_rmse - peft_rmse; classification: peft_auc - fullft_auc; negative = Full FT better
molformer_c3,scaffold,esol,10,fullft_vs_dora,regression,rmse,0.9796148586568445,1.0114263752774155,-0.03181151662057102,regression: fullft_rmse - peft_rmse; classification: peft_auc - fullft_auc; negative = Full FT better
molformer_c3,scaffold,esol,100,fullft_vs_lora,regression,rmse,0.9122275494431438,0.9008470813950181,0.011380468048125647,regression: fullft_rmse - peft_rmse; classification: peft_auc - fullft_auc; negative = Full FT better
molformer_c3,scaffold,esol,100,fullft_vs_dora,regression,rmse,0.9122275494431438,0.8638145215106261,0.04841302793251767,regression: fullft_rmse - peft_rmse; classification: peft_auc - fullft_auc; negative = Full FT better
molformer_c3,scaffold,esol,1000,fullft_vs_lora,regression,rmse,0.8742087396861636,0.8732351147103522,0.0009736249758114379,regression: fullft_rmse - peft_rmse; classification: peft_auc - fullft_auc; negative = Full FT better
molformer_c3,scaffold,esol,1000,fullft_vs_dora,regression,rmse,0.8742087396861636,0.8371979667006442,0.03701077298551947,regression: fullft_rmse - peft_rmse; classification: peft_auc - fullft_auc; negative = Full FT better
molformer_c3,scaffold,lipo,0,fullft_vs_lora,regression,rmse,0.6335010550128127,0.7138818825436888,-0.08038082753087605,regression: fullft_rmse - peft_rmse; classification: peft_auc - fullft_auc; negative = Full FT better
molformer_c3,scaffold,lipo,0,fullft_vs_dora,regression,rmse,0.6335010550128127,0.6747392106481535,-0.04123815563534072,regression: fullft_rmse - peft_rmse; classification: peft_auc - fullft_auc; negative = Full FT better
molformer_c3,scaffold,lipo,1,fullft_vs_lora,regression,rmse,0.6444291698652543,0.7547963081727462,-0.1103671383074919,regression: fullft_rmse - peft_rmse; classification: peft_auc - fullft_auc; negative = Full FT better
molformer_c3,scaffold,lipo,1,fullft_vs_dora,regression,rmse,0.6444291698652543,0.7523448369700659,-0.1079156671048116,regression: fullft_rmse - peft_rmse; classification: peft_auc - fullft_auc; negative = Full FT better
molformer_c3,scaffold,lipo,2,fullft_vs_lora,regression,rmse,0.6791784419070656,0.7095989579567252,-0.030420516049659674,regression: fullft_rmse - peft_rmse; classification: peft_auc - fullft_auc; negative = Full FT better
molformer_c3,scaffold,lipo,2,fullft_vs_dora,regression,rmse,0.6791784419070656,0.7306481615348694,-0.05146971962780389,regression: fullft_rmse - peft_rmse; classification: peft_auc - fullft_auc; negative = Full FT better
molformer_c3,scaffold,lipo,10,fullft_vs_lora,regression,rmse,0.7295120420396746,0.7938935848337749,-0.06438154279410035,regression: fullft_rmse - peft_rmse; classification: peft_auc - fullft_auc; negative = Full FT better
molformer_c3,scaffold,lipo,10,fullft_vs_dora,regression,rmse,0.7295120420396746,0.7401082678799124,-0.010596225840237783,regression: fullft_rmse - peft_rmse; classification: peft_auc - fullft_auc; negative = Full FT better
molformer_c3,scaffold,lipo,100,fullft_vs_lora,regression,rmse,0.7113302634058845,0.7381967163130725,-0.026866452907188032,regression: fullft_rmse - peft_rmse; classification: peft_auc - fullft_auc; negative = Full FT better
molformer_c3,scaffold,lipo,100,fullft_vs_dora,regression,rmse,0.7113302634058845,0.728517834043861,-0.01718757063797649,regression: fullft_rmse - peft_rmse; classification: peft_auc - fullft_auc; negative = Full FT better
molformer_c3,scaffold,lipo,1000,fullft_vs_lora,regression,rmse,0.6871768885717372,0.7279026838144915,-0.040725795242754326,regression: fullft_rmse - peft_rmse; classification: peft_auc - fullft_auc; negative = Full FT better
molformer_c3,scaffold,lipo,1000,fullft_vs_dora,regression,rmse,0.6871768885717372,0.7246125007829313,-0.03743561221119407,regression: fullft_rmse - peft_rmse; classification: peft_auc - fullft_auc; negative = Full FT better
molformer_c3,scaffold,bace,0,fullft_vs_lora,classification,auc,0.8,0.7952589991220369,-0.004741000877963142,regression: fullft_rmse - peft_rmse; classification: peft_auc - fullft_auc; negative = Full FT better
molformer_c3,scaffold,bace,0,fullft_vs_dora,classification,auc,0.8,0.7759438103599648,-0.024056189640035197,regression: fullft_rmse - peft_rmse; classification: peft_auc - fullft_auc; negative = Full FT better
molformer_c3,scaffold,bace,1,fullft_vs_lora,classification,auc,0.8630662020905924,0.8949477351916376,0.031881533101045245,regression: fullft_rmse - peft_rmse; classification: peft_auc - fullft_auc; negative = Full FT better
molformer_c3,scaffold,bace,1,fullft_vs_dora,classification,auc,0.8630662020905924,0.8879790940766551,0.024912891986062724,regression: fullft_rmse - peft_rmse; classification: peft_auc - fullft_auc; negative = Full FT better
molformer_c3,scaffold,bace,2,fullft_vs_lora,classification,auc,0.8392156862745098,0.8011764705882353,-0.03803921568627455,regression: fullft_rmse - peft_rmse; classification: peft_auc - fullft_auc; negative = Full FT better
molformer_c3,scaffold,bace,2,fullft_vs_dora,classification,auc,0.8392156862745098,0.8037254901960784,-0.0354901960784314,regression: fullft_rmse - peft_rmse; classification: peft_auc - fullft_auc; negative = Full FT better
molformer_c3,scaffold,bace,10,fullft_vs_lora,classification,auc,0.7411538461538462,0.8236538461538462,0.08250000000000002,regression: fullft_rmse - peft_rmse; classification: peft_auc - fullft_auc; negative = Full FT better
molformer_c3,scaffold,bace,10,fullft_vs_dora,classification,auc,0.7411538461538462,0.8238461538461539,0.08269230769230773,regression: fullft_rmse - peft_rmse; classification: peft_auc - fullft_auc; negative = Full FT better
molformer_c3,scaffold,bace,100,fullft_vs_lora,classification,auc,0.7899305555555556,0.7489583333333333,-0.0409722222222223,regression: fullft_rmse - peft_rmse; classification: peft_auc - fullft_auc; negative = Full FT better
molformer_c3,scaffold,bace,100,fullft_vs_dora,classification,auc,0.7899305555555556,0.7741319444444444,-0.015798611111111138,regression: fullft_rmse - peft_rmse; classification: peft_auc - fullft_auc; negative = Full FT better
molformer_c3,scaffold,bace,1000,fullft_vs_lora,classification,auc,0.9088704088704088,0.8934511434511434,-0.015419265419265415,regression: fullft_rmse - peft_rmse; classification: peft_auc - fullft_auc; negative = Full FT better
molformer_c3,scaffold,bace,1000,fullft_vs_dora,classification,auc,0.9088704088704088,0.8972626472626473,-0.011607761607761558,regression: fullft_rmse - peft_rmse; classification: peft_auc - fullft_auc; negative = Full FT better
molformer_c3,scaffold,bbbp,0,fullft_vs_lora,classification,auc,0.9643150123051681,0.9588460486737763,-0.005468963631391821,regression: fullft_rmse - peft_rmse; classification: peft_auc - fullft_auc; negative = Full FT better
molformer_c3,scaffold,bbbp,0,fullft_vs_dora,classification,auc,0.9643150123051681,0.9641782882143833,-0.00013672409078480108,regression: fullft_rmse - peft_rmse; classification: peft_auc - fullft_auc; negative = Full FT better
molformer_c3,scaffold,bbbp,1,fullft_vs_lora,classification,auc,0.9396363636363636,0.945939393939394,0.006303030303030366,regression: fullft_rmse - peft_rmse; classification: peft_auc - fullft_auc; negative = Full FT better
molformer_c3,scaffold,bbbp,1,fullft_vs_dora,classification,auc,0.9396363636363636,0.9461818181818182,0.006545454545454632,regression: fullft_rmse - peft_rmse; classification: peft_auc - fullft_auc; negative = Full FT better
molformer_c3,scaffold,bbbp,2,fullft_vs_lora,classification,auc,0.9907342247243726,0.983814215341309,-0.006920009383063586,regression: fullft_rmse - peft_rmse; classification: peft_auc - fullft_auc; negative = Full FT better
molformer_c3,scaffold,bbbp,2,fullft_vs_dora,classification,auc,0.9907342247243726,0.9836969270466808,-0.0070372976776917895,regression: fullft_rmse - peft_rmse; classification: peft_auc - fullft_auc; negative = Full FT better
molformer_c3,scaffold,bbbp,10,fullft_vs_lora,classification,auc,0.9573795509047308,0.9581425768476128,0.000763025942882023,regression: fullft_rmse - peft_rmse; classification: peft_auc - fullft_auc; negative = Full FT better
molformer_c3,scaffold,bbbp,10,fullft_vs_dora,classification,auc,0.9573795509047308,0.9528013952474385,-0.00457815565729236,regression: fullft_rmse - peft_rmse; classification: peft_auc - fullft_auc; negative = Full FT better
molformer_c3,scaffold,bbbp,100,fullft_vs_lora,classification,auc,0.9602424242424242,0.959030303030303,-0.00121212121212122,regression: fullft_rmse - peft_rmse; classification: peft_auc - fullft_auc; negative = Full FT better
molformer_c3,scaffold,bbbp,100,fullft_vs_dora,classification,auc,0.9602424242424242,0.9613333333333334,0.0010909090909091423,regression: fullft_rmse - peft_rmse; classification: peft_auc - fullft_auc; negative = Full FT better
molformer_c3,scaffold,bbbp,1000,fullft_vs_lora,classification,auc,0.9545781399808245,0.9582933844678811,0.0037152444870566237,regression: fullft_rmse - peft_rmse; classification: peft_auc - fullft_auc; negative = Full FT better
molformer_c3,scaffold,bbbp,1000,fullft_vs_dora,classification,auc,0.9545781399808245,0.9593720038350911,0.004793863854266611,regression: fullft_rmse - peft_rmse; classification: peft_auc - fullft_auc; negative = Full FT better
molformer_c3,scaffold,sider,0,fullft_vs_lora,classification,mean_auc,0.5868587389146347,0.5764097098433578,-0.010449029071276872,regression: fullft_rmse - peft_rmse; classification: peft_auc - fullft_auc; negative = Full FT better
molformer_c3,scaffold,sider,0,fullft_vs_dora,classification,mean_auc,0.5868587389146347,0.5739636256738426,-0.012895113240792067,regression: fullft_rmse - peft_rmse; classification: peft_auc - fullft_auc; negative = Full FT better
molformer_c3,scaffold,sider,1,fullft_vs_lora,classification,mean_auc,0.6373453181688015,0.607502351005624,-0.02984296716317747,regression: fullft_rmse - peft_rmse; classification: peft_auc - fullft_auc; negative = Full FT better
molformer_c3,scaffold,sider,1,fullft_vs_dora,classification,mean_auc,0.6373453181688015,0.6017814184908042,-0.035563899677997224,regression: fullft_rmse - peft_rmse; classification: peft_auc - fullft_auc; negative = Full FT better
molformer_c3,scaffold,sider,2,fullft_vs_lora,classification,mean_auc,0.5849193251346397,0.5494050441400998,-0.035514280994539904,regression: fullft_rmse - peft_rmse; classification: peft_auc - fullft_auc; negative = Full FT better
molformer_c3,scaffold,sider,2,fullft_vs_dora,classification,mean_auc,0.5849193251346397,0.550279131560163,-0.034640193574476785,regression: fullft_rmse - peft_rmse; classification: peft_auc - fullft_auc; negative = Full FT better
molformer_c3,scaffold,sider,10,fullft_vs_lora,classification,mean_auc,0.6265341515419764,0.6297738213185036,0.003239669776527121,regression: fullft_rmse - peft_rmse; classification: peft_auc - fullft_auc; negative = Full FT better
molformer_c3,scaffold,sider,10,fullft_vs_dora,classification,mean_auc,0.6265341515419764,0.6203160112449795,-0.006218140296996966,regression: fullft_rmse - peft_rmse; classification: peft_auc - fullft_auc; negative = Full FT better
molformer_c3,scaffold,sider,100,fullft_vs_lora,classification,mean_auc,0.6402609346510961,0.6204149989186588,-0.019845935732437314,regression: fullft_rmse - peft_rmse; classification: peft_auc - fullft_auc; negative = Full FT better
molformer_c3,scaffold,sider,100,fullft_vs_dora,classification,mean_auc,0.6402609346510961,0.6446733709817264,0.004412436330630265,regression: fullft_rmse - peft_rmse; classification: peft_auc - fullft_auc; negative = Full FT better
molformer_c3,scaffold,sider,1000,fullft_vs_lora,classification,mean_auc,0.6145027357423706,0.597132137279314,-0.017370598463056552,regression: fullft_rmse - peft_rmse; classification: peft_auc - fullft_auc; negative = Full FT better
molformer_c3,scaffold,sider,1000,fullft_vs_dora,classification,mean_auc,0.6145027357423706,0.6083418051821192,-0.006160930560251354,regression: fullft_rmse - peft_rmse; classification: peft_auc - fullft_auc; negative = Full FT better
