backbone,dataset,method,seed,protocol,task_type,metric_type,final_metric,status,epochs_completed,epochs_requested,batch_size,lr,weight_decay,trainable_params,elapsed_sec,peak_mib,checkpoint_path,checkpoint_exists,training_log
cmpnn,freesolv,fullft,0,random,regression,rmse,0.810636,PASS,50,50,50,0.001,0.0,1888801,,,dumped/baseline_freesolv_fullft_cmpnn_random_seed0/run_0/model_0/model.pt,True,logs/baseline_freesolv_fullft_cmpnn_random/seed0/training.log
cmpnn,freesolv,fullft,1,random,regression,rmse,0.810504,PASS,50,50,50,0.001,0.0,1888801,,,dumped/baseline_freesolv_fullft_cmpnn_random_seed1/run_0/model_0/model.pt,True,logs/baseline_freesolv_fullft_cmpnn_random/seed1/training.log
cmpnn,freesolv,fullft,2,random,regression,rmse,1.548707,PASS,50,50,50,0.001,0.0,1888801,,,dumped/baseline_freesolv_fullft_cmpnn_random_seed2/run_0/model_0/model.pt,True,logs/baseline_freesolv_fullft_cmpnn_random/seed2/training.log
cmpnn,freesolv,fullft,10,random,regression,rmse,1.362956,PASS,50,50,50,0.001,0.0,1888801,,,dumped/baseline_freesolv_fullft_cmpnn_random_seed10/run_0/model_0/model.pt,True,logs/baseline_freesolv_fullft_cmpnn_random/seed10/training.log
cmpnn,freesolv,fullft,100,random,regression,rmse,0.730876,PASS,50,50,50,0.001,0.0,1888801,,,dumped/baseline_freesolv_fullft_cmpnn_random_seed100/run_0/model_0/model.pt,True,logs/baseline_freesolv_fullft_cmpnn_random/seed100/training.log
cmpnn,freesolv,fullft,1000,random,regression,rmse,0.85456,PASS,50,50,50,0.001,0.0,1888801,,,dumped/baseline_freesolv_fullft_cmpnn_random_seed1000/run_0/model_0/model.pt,True,logs/baseline_freesolv_fullft_cmpnn_random/seed1000/training.log
cmpnn,esol,fullft,0,random,regression,rmse,0.670813,PASS,47,50,50,0.001,0.0,1888801,,,dumped/baseline_esol_fullft_cmpnn_random_seed0/run_0/model_0/model.pt,True,logs/baseline_esol_fullft_cmpnn_random/seed0/training.log
cmpnn,esol,fullft,1,random,regression,rmse,0.584602,PASS,50,50,50,0.001,0.0,1888801,,,dumped/baseline_esol_fullft_cmpnn_random_seed1/run_0/model_0/model.pt,True,logs/baseline_esol_fullft_cmpnn_random/seed1/training.log
cmpnn,esol,fullft,2,random,regression,rmse,0.517642,PASS,50,50,50,0.001,0.0,1888801,,,dumped/baseline_esol_fullft_cmpnn_random_seed2/run_0/model_0/model.pt,True,logs/baseline_esol_fullft_cmpnn_random/seed2/training.log
cmpnn,esol,fullft,10,random,regression,rmse,0.520173,PASS,50,50,50,0.001,0.0,1888801,,,dumped/baseline_esol_fullft_cmpnn_random_seed10/run_0/model_0/model.pt,True,logs/baseline_esol_fullft_cmpnn_random/seed10/training.log
cmpnn,esol,fullft,100,random,regression,rmse,0.528745,PASS,50,50,50,0.001,0.0,1888801,,,dumped/baseline_esol_fullft_cmpnn_random_seed100/run_0/model_0/model.pt,True,logs/baseline_esol_fullft_cmpnn_random/seed100/training.log
cmpnn,esol,fullft,1000,random,regression,rmse,0.533265,PASS,50,50,50,0.001,0.0,1888801,,,dumped/baseline_esol_fullft_cmpnn_random_seed1000/run_0/model_0/model.pt,True,logs/baseline_esol_fullft_cmpnn_random/seed1000/training.log
cmpnn,lipo,fullft,0,random,regression,rmse,0.537311,PASS,50,50,50,0.001,0.0,1888801,,,dumped/baseline_lipo_fullft_cmpnn_random_seed0/run_0/model_0/model.pt,True,logs/baseline_lipo_fullft_cmpnn_random/seed0/training.log
cmpnn,lipo,fullft,1,random,regression,rmse,0.618765,PASS,50,50,50,0.001,0.0,1888801,,,dumped/baseline_lipo_fullft_cmpnn_random_seed1/run_0/model_0/model.pt,True,logs/baseline_lipo_fullft_cmpnn_random/seed1/training.log
cmpnn,lipo,fullft,2,random,regression,rmse,0.531596,PASS,48,50,50,0.001,0.0,1888801,,,dumped/baseline_lipo_fullft_cmpnn_random_seed2/run_0/model_0/model.pt,True,logs/baseline_lipo_fullft_cmpnn_random/seed2/training.log
cmpnn,lipo,fullft,10,random,regression,rmse,0.571793,PASS,50,50,50,0.001,0.0,1888801,,,dumped/baseline_lipo_fullft_cmpnn_random_seed10/run_0/model_0/model.pt,True,logs/baseline_lipo_fullft_cmpnn_random/seed10/training.log
cmpnn,lipo,fullft,100,random,regression,rmse,0.559427,PASS,50,50,50,0.001,0.0,1888801,,,dumped/baseline_lipo_fullft_cmpnn_random_seed100/run_0/model_0/model.pt,True,logs/baseline_lipo_fullft_cmpnn_random/seed100/training.log
cmpnn,lipo,fullft,1000,random,regression,rmse,0.650971,PASS,50,50,50,0.001,0.0,1888801,,,dumped/baseline_lipo_fullft_cmpnn_random_seed1000/run_0/model_0/model.pt,True,logs/baseline_lipo_fullft_cmpnn_random/seed1000/training.log
cmpnn,bace,fullft,0,random,classification,auc,0.938638,PASS,45,50,50,0.001,0.0,1888801,,,dumped/baseline_bace_fullft_cmpnn_random_seed0/run_0/model_0/model.pt,True,logs/baseline_bace_fullft_cmpnn_random/seed0/training.log
cmpnn,bace,fullft,1,random,classification,auc,0.823027,PASS,50,50,50,0.001,0.0,1888801,,,dumped/baseline_bace_fullft_cmpnn_random_seed1/run_0/model_0/model.pt,True,logs/baseline_bace_fullft_cmpnn_random/seed1/training.log
cmpnn,bace,fullft,2,random,classification,auc,0.865025,PASS,50,50,50,0.001,0.0,1888801,,,dumped/baseline_bace_fullft_cmpnn_random_seed2/run_0/model_0/model.pt,True,logs/baseline_bace_fullft_cmpnn_random/seed2/training.log
cmpnn,bace,fullft,10,random,classification,auc,0.907213,PASS,41,50,50,0.001,0.0,1888801,,,dumped/baseline_bace_fullft_cmpnn_random_seed10/run_0/model_0/model.pt,True,logs/baseline_bace_fullft_cmpnn_random/seed10/training.log
cmpnn,bace,fullft,100,random,classification,auc,0.845122,PASS,41,50,50,0.001,0.0,1888801,,,dumped/baseline_bace_fullft_cmpnn_random_seed100/run_0/model_0/model.pt,True,logs/baseline_bace_fullft_cmpnn_random/seed100/training.log
cmpnn,bace,fullft,1000,random,classification,auc,0.89553,PASS,50,50,50,0.001,0.0,1888801,,,dumped/baseline_bace_fullft_cmpnn_random_seed1000/run_0/model_0/model.pt,True,logs/baseline_bace_fullft_cmpnn_random/seed1000/training.log
cmpnn,bbbp,fullft,0,random,classification,auc,0.945427,PASS,47,50,50,0.001,0.0,1888801,,,dumped/baseline_bbbp_fullft_cmpnn_random_seed0/run_0/model_0/model.pt,True,logs/baseline_bbbp_fullft_cmpnn_random/seed0/training.log
cmpnn,bbbp,fullft,1,random,classification,auc,0.960685,PASS,44,50,50,0.001,0.0,1888801,,,dumped/baseline_bbbp_fullft_cmpnn_random_seed1/run_0/model_0/model.pt,True,logs/baseline_bbbp_fullft_cmpnn_random/seed1/training.log
cmpnn,bbbp,fullft,2,random,classification,auc,0.971692,PASS,38,50,50,0.001,0.0,1888801,,,dumped/baseline_bbbp_fullft_cmpnn_random_seed2/run_0/model_0/model.pt,True,logs/baseline_bbbp_fullft_cmpnn_random/seed2/training.log
cmpnn,bbbp,fullft,10,random,classification,auc,0.973432,PASS,48,50,50,0.001,0.0,1888801,,,dumped/baseline_bbbp_fullft_cmpnn_random_seed10/run_0/model_0/model.pt,True,logs/baseline_bbbp_fullft_cmpnn_random/seed10/training.log
cmpnn,bbbp,fullft,100,random,classification,auc,0.935815,PASS,38,50,50,0.001,0.0,1888801,,,dumped/baseline_bbbp_fullft_cmpnn_random_seed100/run_0/model_0/model.pt,True,logs/baseline_bbbp_fullft_cmpnn_random/seed100/training.log
cmpnn,bbbp,fullft,1000,random,classification,auc,0.980256,PASS,44,50,50,0.001,0.0,1888801,,,dumped/baseline_bbbp_fullft_cmpnn_random_seed1000/run_0/model_0/model.pt,True,logs/baseline_bbbp_fullft_cmpnn_random/seed1000/training.log
cmpnn,sider,fullft,0,random,classification,auc,0.69383,PASS,50,50,50,0.001,0.0,1896627,,,dumped/baseline_sider_fullft_cmpnn_random_seed0/run_0/model_0/model.pt,True,logs/baseline_sider_fullft_cmpnn_random/seed0/training.log
cmpnn,sider,fullft,1,random,classification,auc,0.621924,PASS,37,50,50,0.001,0.0,1896627,,,dumped/baseline_sider_fullft_cmpnn_random_seed1/run_0/model_0/model.pt,True,logs/baseline_sider_fullft_cmpnn_random/seed1/training.log
cmpnn,sider,fullft,2,random,classification,auc,0.620612,PASS,49,50,50,0.001,0.0,1896627,,,dumped/baseline_sider_fullft_cmpnn_random_seed2/run_0/model_0/model.pt,True,logs/baseline_sider_fullft_cmpnn_random/seed2/training.log
cmpnn,sider,fullft,10,random,classification,auc,0.638763,PASS,39,50,50,0.001,0.0,1896627,,,dumped/baseline_sider_fullft_cmpnn_random_seed10/run_0/model_0/model.pt,True,logs/baseline_sider_fullft_cmpnn_random/seed10/training.log
cmpnn,sider,fullft,100,random,classification,auc,0.674919,PASS,43,50,50,0.001,0.0,1896627,,,dumped/baseline_sider_fullft_cmpnn_random_seed100/run_0/model_0/model.pt,True,logs/baseline_sider_fullft_cmpnn_random/seed100/training.log
cmpnn,sider,fullft,1000,random,classification,auc,0.630732,PASS,43,50,50,0.001,0.0,1896627,,,dumped/baseline_sider_fullft_cmpnn_random_seed1000/run_0/model_0/model.pt,True,logs/baseline_sider_fullft_cmpnn_random/seed1000/training.log
chemberta2,freesolv,fullft,0,random,regression,rmse,1.7820031431022694,PASS,50,50,50,2e-05,0.01,3427825,13.30168604850769,9404,dumped/baseline_freesolv_fullft_chemberta2_random_seed0/model.pt,True,dumped/baseline_freesolv_fullft_chemberta2_random_seed0/training.log
chemberta2,freesolv,fullft,1,random,regression,rmse,1.1961039995567848,PASS,50,50,50,2e-05,0.01,3427825,13.331440210342407,9521,dumped/baseline_freesolv_fullft_chemberta2_random_seed1/model.pt,True,dumped/baseline_freesolv_fullft_chemberta2_random_seed1/training.log
chemberta2,freesolv,fullft,2,random,regression,rmse,1.9163193457112817,PASS,50,50,50,2e-05,0.01,3427825,14.01528787612915,9490,dumped/baseline_freesolv_fullft_chemberta2_random_seed2/model.pt,True,dumped/baseline_freesolv_fullft_chemberta2_random_seed2/training.log
chemberta2,freesolv,fullft,10,random,regression,rmse,1.3157534013371153,PASS,50,50,50,2e-05,0.01,3427825,13.633521556854248,9565,dumped/baseline_freesolv_fullft_chemberta2_random_seed10/model.pt,True,dumped/baseline_freesolv_fullft_chemberta2_random_seed10/training.log
chemberta2,freesolv,fullft,100,random,regression,rmse,1.5565469634669393,PASS,50,50,50,2e-05,0.01,3427825,12.850993871688843,9519,dumped/baseline_freesolv_fullft_chemberta2_random_seed100/model.pt,True,dumped/baseline_freesolv_fullft_chemberta2_random_seed100/training.log
chemberta2,freesolv,fullft,1000,random,regression,rmse,1.483271700760922,PASS,50,50,50,2e-05,0.01,3427825,12.621892929077148,9593,dumped/baseline_freesolv_fullft_chemberta2_random_seed1000/model.pt,True,dumped/baseline_freesolv_fullft_chemberta2_random_seed1000/training.log
chemberta2,esol,fullft,0,random,regression,rmse,0.7796452635063968,PASS,50,50,50,2e-05,0.01,3427825,18.80423140525818,9739,dumped/baseline_esol_fullft_chemberta2_random_seed0/model.pt,True,dumped/baseline_esol_fullft_chemberta2_random_seed0/training.log
chemberta2,esol,fullft,1,random,regression,rmse,0.7682828119373407,PASS,50,50,50,2e-05,0.01,3427825,19.63206434249878,9744,dumped/baseline_esol_fullft_chemberta2_random_seed1/model.pt,True,dumped/baseline_esol_fullft_chemberta2_random_seed1/training.log
chemberta2,esol,fullft,2,random,regression,rmse,0.6785554996033459,PASS,50,50,50,2e-05,0.01,3427825,19.943077564239502,9740,dumped/baseline_esol_fullft_chemberta2_random_seed2/model.pt,True,dumped/baseline_esol_fullft_chemberta2_random_seed2/training.log
chemberta2,esol,fullft,10,random,regression,rmse,0.7785999365370749,PASS,50,50,50,2e-05,0.01,3427825,19.958823680877686,9756,dumped/baseline_esol_fullft_chemberta2_random_seed10/model.pt,True,dumped/baseline_esol_fullft_chemberta2_random_seed10/training.log
chemberta2,esol,fullft,100,random,regression,rmse,0.7234996101626154,PASS,50,50,50,2e-05,0.01,3427825,18.897603273391724,9780,dumped/baseline_esol_fullft_chemberta2_random_seed100/model.pt,True,dumped/baseline_esol_fullft_chemberta2_random_seed100/training.log
chemberta2,esol,fullft,1000,random,regression,rmse,0.6332308951988752,PASS,50,50,50,2e-05,0.01,3427825,19.71373963356018,9741,dumped/baseline_esol_fullft_chemberta2_random_seed1000/model.pt,True,dumped/baseline_esol_fullft_chemberta2_random_seed1000/training.log
chemberta2,lipo,fullft,0,random,regression,rmse,0.7130615029580074,PASS,50,50,50,2e-05,0.01,3427825,59.019855260849,10123,dumped/baseline_lipo_fullft_chemberta2_random_seed0/model.pt,True,dumped/baseline_lipo_fullft_chemberta2_random_seed0/training.log
chemberta2,lipo,fullft,1,random,regression,rmse,0.7954158513454803,PASS,50,50,50,2e-05,0.01,3427825,55.05648064613342,9860,dumped/baseline_lipo_fullft_chemberta2_random_seed1/model.pt,True,dumped/baseline_lipo_fullft_chemberta2_random_seed1/training.log
chemberta2,lipo,fullft,2,random,regression,rmse,0.7366382542765304,PASS,50,50,50,2e-05,0.01,3427825,54.32603693008423,9873,dumped/baseline_lipo_fullft_chemberta2_random_seed2/model.pt,True,dumped/baseline_lipo_fullft_chemberta2_random_seed2/training.log
chemberta2,lipo,fullft,10,random,regression,rmse,0.7267764197009962,PASS,50,50,50,2e-05,0.01,3427825,55.18662762641907,9931,dumped/baseline_lipo_fullft_chemberta2_random_seed10/model.pt,True,dumped/baseline_lipo_fullft_chemberta2_random_seed10/training.log
chemberta2,lipo,fullft,100,random,regression,rmse,0.7107369276220594,PASS,50,50,50,2e-05,0.01,3427825,65.23838376998901,9764,dumped/baseline_lipo_fullft_chemberta2_random_seed100/model.pt,True,dumped/baseline_lipo_fullft_chemberta2_random_seed100/training.log
chemberta2,lipo,fullft,1000,random,regression,rmse,0.7869073499675892,PASS,50,50,50,2e-05,0.01,3427825,61.85682797431946,10027,dumped/baseline_lipo_fullft_chemberta2_random_seed1000/model.pt,True,dumped/baseline_lipo_fullft_chemberta2_random_seed1000/training.log
chemberta2,bace,fullft,0,random,classification,auc,0.9246684350132626,PASS,50,50,50,2e-05,0.01,3427825,25.855295419692993,9709,dumped/baseline_bace_fullft_chemberta2_random_seed0/model.pt,True,dumped/baseline_bace_fullft_chemberta2_random_seed0/training.log
chemberta2,bace,fullft,1,random,classification,auc,0.8444326990838619,PASS,50,50,50,2e-05,0.01,3427825,25.025412559509277,9605,dumped/baseline_bace_fullft_chemberta2_random_seed1/model.pt,True,dumped/baseline_bace_fullft_chemberta2_random_seed1/training.log
chemberta2,bace,fullft,2,random,classification,auc,0.8314999126942553,PASS,50,50,50,2e-05,0.01,3427825,24.523698329925537,9539,dumped/baseline_bace_fullft_chemberta2_random_seed2/model.pt,True,dumped/baseline_bace_fullft_chemberta2_random_seed2/training.log
chemberta2,bace,fullft,10,random,classification,auc,0.8764005602240896,PASS,50,50,50,2e-05,0.01,3427825,24.260319709777832,9766,dumped/baseline_bace_fullft_chemberta2_random_seed10/model.pt,True,dumped/baseline_bace_fullft_chemberta2_random_seed10/training.log
chemberta2,bace,fullft,100,random,classification,auc,0.8304878048780487,PASS,50,50,50,2e-05,0.01,3427825,24.570246934890747,9721,dumped/baseline_bace_fullft_chemberta2_random_seed100/model.pt,True,dumped/baseline_bace_fullft_chemberta2_random_seed100/training.log
chemberta2,bace,fullft,1000,random,classification,auc,0.8832293832293833,PASS,50,50,50,2e-05,0.01,3427825,24.559517860412598,9811,dumped/baseline_bace_fullft_chemberta2_random_seed1000/model.pt,True,dumped/baseline_bace_fullft_chemberta2_random_seed1000/training.log
chemberta2,bbbp,fullft,0,random,classification,auc,0.9413109756097561,PASS,50,50,50,2e-05,0.01,3427825,32.58981394767761,10351,dumped/baseline_bbbp_fullft_chemberta2_random_seed0/model.pt,True,dumped/baseline_bbbp_fullft_chemberta2_random_seed0/training.log
chemberta2,bbbp,fullft,1,random,classification,auc,0.9765377298668357,PASS,43,50,50,2e-05,0.01,3427825,30.345553398132324,10293,dumped/baseline_bbbp_fullft_chemberta2_random_seed1/model.pt,True,dumped/baseline_bbbp_fullft_chemberta2_random_seed1/training.log
chemberta2,bbbp,fullft,2,random,classification,auc,0.9698485845951283,PASS,50,50,50,2e-05,0.01,3427825,35.351794481277466,10051,dumped/baseline_bbbp_fullft_chemberta2_random_seed2/model.pt,True,dumped/baseline_bbbp_fullft_chemberta2_random_seed2/training.log
chemberta2,bbbp,fullft,10,random,classification,auc,0.9616120679950467,PASS,50,50,50,2e-05,0.01,3427825,34.721556425094604,10325,dumped/baseline_bbbp_fullft_chemberta2_random_seed10/model.pt,True,dumped/baseline_bbbp_fullft_chemberta2_random_seed10/training.log
chemberta2,bbbp,fullft,100,random,classification,auc,0.9584479911942763,PASS,46,50,50,2e-05,0.01,3427825,29.783991813659668,10013,dumped/baseline_bbbp_fullft_chemberta2_random_seed100/model.pt,True,dumped/baseline_bbbp_fullft_chemberta2_random_seed100/training.log
chemberta2,bbbp,fullft,1000,random,classification,auc,0.9696022727272727,PASS,45,50,50,2e-05,0.01,3427825,32.318790435791016,10477,dumped/baseline_bbbp_fullft_chemberta2_random_seed1000/model.pt,True,dumped/baseline_bbbp_fullft_chemberta2_random_seed1000/training.log
chemberta2,sider,fullft,0,random,classification,mean_auc,0.6326743262398066,PASS,50,50,50,2e-05,0.01,3437835,55.44404339790344,11203,dumped/baseline_sider_fullft_chemberta2_random_seed0/model.pt,True,dumped/baseline_sider_fullft_chemberta2_random_seed0/training.log
chemberta2,sider,fullft,1,random,classification,mean_auc,0.5827047649741096,PASS,50,50,50,2e-05,0.01,3437835,52.094059228897095,11164,dumped/baseline_sider_fullft_chemberta2_random_seed1/model.pt,True,dumped/baseline_sider_fullft_chemberta2_random_seed1/training.log
chemberta2,sider,fullft,2,random,classification,mean_auc,0.5396532544780044,PASS,50,50,50,2e-05,0.01,3437835,52.12580895423889,11073,dumped/baseline_sider_fullft_chemberta2_random_seed2/model.pt,True,dumped/baseline_sider_fullft_chemberta2_random_seed2/training.log
chemberta2,sider,fullft,10,random,classification,mean_auc,0.5860660436011557,PASS,50,50,50,2e-05,0.01,3437835,49.11915040016174,10994,dumped/baseline_sider_fullft_chemberta2_random_seed10/model.pt,True,dumped/baseline_sider_fullft_chemberta2_random_seed10/training.log
chemberta2,sider,fullft,100,random,classification,mean_auc,0.6428502173074644,PASS,50,50,50,2e-05,0.01,3437835,51.301573276519775,11042,dumped/baseline_sider_fullft_chemberta2_random_seed100/model.pt,True,dumped/baseline_sider_fullft_chemberta2_random_seed100/training.log
chemberta2,sider,fullft,1000,random,classification,mean_auc,0.5632262716803258,PASS,50,50,50,2e-05,0.01,3437835,50.10535740852356,11290,dumped/baseline_sider_fullft_chemberta2_random_seed1000/model.pt,True,dumped/baseline_sider_fullft_chemberta2_random_seed1000/training.log
molformer_c3,freesolv,fullft,0,random,regression,rmse,0.8918120521192998,PASS,50,50,50,2e-05,0.01,44375809,37.3928542137146,11203,dumped/baseline_freesolv_fullft_molformer_c3_random_seed0/model.pt,True,dumped/baseline_freesolv_fullft_molformer_c3_random_seed0/training.log
molformer_c3,freesolv,fullft,1,random,regression,rmse,0.8466067871247949,PASS,50,50,50,2e-05,0.01,44375809,39.40872311592102,11136,dumped/baseline_freesolv_fullft_molformer_c3_random_seed1/model.pt,True,dumped/baseline_freesolv_fullft_molformer_c3_random_seed1/training.log
molformer_c3,freesolv,fullft,2,random,regression,rmse,1.6361407804938335,PASS,50,50,50,2e-05,0.01,44375809,37.38769793510437,11216,dumped/baseline_freesolv_fullft_molformer_c3_random_seed2/model.pt,True,dumped/baseline_freesolv_fullft_molformer_c3_random_seed2/training.log
molformer_c3,freesolv,fullft,10,random,regression,rmse,1.0529887329143615,PASS,47,50,50,2e-05,0.01,44375809,34.506113052368164,11195,dumped/baseline_freesolv_fullft_molformer_c3_random_seed10/model.pt,True,dumped/baseline_freesolv_fullft_molformer_c3_random_seed10/training.log
molformer_c3,freesolv,fullft,100,random,regression,rmse,1.0360951897696438,PASS,50,50,50,2e-05,0.01,44375809,38.64452505111694,11172,dumped/baseline_freesolv_fullft_molformer_c3_random_seed100/model.pt,True,dumped/baseline_freesolv_fullft_molformer_c3_random_seed100/training.log
molformer_c3,freesolv,fullft,1000,random,regression,rmse,1.0563448282143837,PASS,50,50,50,2e-05,0.01,44375809,35.44140815734863,11197,dumped/baseline_freesolv_fullft_molformer_c3_random_seed1000/model.pt,True,dumped/baseline_freesolv_fullft_molformer_c3_random_seed1000/training.log
molformer_c3,esol,fullft,0,random,regression,rmse,0.7347053839787796,PASS,34,50,50,2e-05,0.01,44375809,37.485132694244385,12763,dumped/baseline_esol_fullft_molformer_c3_random_seed0/model.pt,True,dumped/baseline_esol_fullft_molformer_c3_random_seed0/training.log
molformer_c3,esol,fullft,1,random,regression,rmse,0.6544478968083256,PASS,41,50,50,2e-05,0.01,44375809,53.25141263008118,12864,dumped/baseline_esol_fullft_molformer_c3_random_seed1/model.pt,True,dumped/baseline_esol_fullft_molformer_c3_random_seed1/training.log
molformer_c3,esol,fullft,2,random,regression,rmse,0.6260777003432895,PASS,50,50,50,2e-05,0.01,44375809,66.28737807273865,13727,dumped/baseline_esol_fullft_molformer_c3_random_seed2/model.pt,True,dumped/baseline_esol_fullft_molformer_c3_random_seed2/training.log
molformer_c3,esol,fullft,10,random,regression,rmse,0.6301055514378802,PASS,50,50,50,2e-05,0.01,44375809,68.50633978843689,13013,dumped/baseline_esol_fullft_molformer_c3_random_seed10/model.pt,True,dumped/baseline_esol_fullft_molformer_c3_random_seed10/training.log
molformer_c3,esol,fullft,100,random,regression,rmse,0.6214276262097617,PASS,50,50,50,2e-05,0.01,44375809,68.40855050086975,13425,dumped/baseline_esol_fullft_molformer_c3_random_seed100/model.pt,True,dumped/baseline_esol_fullft_molformer_c3_random_seed100/training.log
molformer_c3,esol,fullft,1000,random,regression,rmse,0.6206795853027696,PASS,41,50,50,2e-05,0.01,44375809,49.94412183761597,13394,dumped/baseline_esol_fullft_molformer_c3_random_seed1000/model.pt,True,dumped/baseline_esol_fullft_molformer_c3_random_seed1000/training.log
molformer_c3,lipo,fullft,0,random,regression,rmse,0.5799614117791876,PASS,50,50,50,2e-05,0.01,44375809,203.8961169719696,16270,dumped/baseline_lipo_fullft_molformer_c3_random_seed0/model.pt,True,dumped/baseline_lipo_fullft_molformer_c3_random_seed0/training.log
molformer_c3,lipo,fullft,1,random,regression,rmse,0.6356734371953275,PASS,50,50,50,2e-05,0.01,44375809,197.72057843208313,23978,dumped/baseline_lipo_fullft_molformer_c3_random_seed1/model.pt,True,dumped/baseline_lipo_fullft_molformer_c3_random_seed1/training.log
molformer_c3,lipo,fullft,2,random,regression,rmse,0.5862904566406981,PASS,50,50,50,2e-05,0.01,44375809,211.006671667099,19985,dumped/baseline_lipo_fullft_molformer_c3_random_seed2/model.pt,True,dumped/baseline_lipo_fullft_molformer_c3_random_seed2/training.log
molformer_c3,lipo,fullft,10,random,regression,rmse,0.6061584236352664,PASS,50,50,50,2e-05,0.01,44375809,211.14913868904114,22412,dumped/baseline_lipo_fullft_molformer_c3_random_seed10/model.pt,True,dumped/baseline_lipo_fullft_molformer_c3_random_seed10/training.log
molformer_c3,lipo,fullft,100,random,regression,rmse,0.6157002698321213,PASS,50,50,50,2e-05,0.01,44375809,207.31717491149902,17414,dumped/baseline_lipo_fullft_molformer_c3_random_seed100/model.pt,True,dumped/baseline_lipo_fullft_molformer_c3_random_seed100/training.log
molformer_c3,lipo,fullft,1000,random,regression,rmse,0.7260696216019563,PASS,50,50,50,2e-05,0.01,44375809,199.8347873687744,20307,dumped/baseline_lipo_fullft_molformer_c3_random_seed1000/model.pt,True,dumped/baseline_lipo_fullft_molformer_c3_random_seed1000/training.log
molformer_c3,bace,fullft,0,random,classification,auc,0.9190097259062776,PASS,41,50,50,2e-05,0.01,44375809,67.01780033111572,18052,dumped/baseline_bace_fullft_molformer_c3_random_seed0/model.pt,True,dumped/baseline_bace_fullft_molformer_c3_random_seed0/training.log
molformer_c3,bace,fullft,1,random,classification,auc,0.8761451726568006,PASS,41,50,50,2e-05,0.01,44375809,69.46517086029053,15835,dumped/baseline_bace_fullft_molformer_c3_random_seed1/model.pt,True,dumped/baseline_bace_fullft_molformer_c3_random_seed1/training.log
molformer_c3,bace,fullft,2,random,classification,auc,0.8266107909900472,PASS,36,50,50,2e-05,0.01,44375809,59.02023386955261,16509,dumped/baseline_bace_fullft_molformer_c3_random_seed2/model.pt,True,dumped/baseline_bace_fullft_molformer_c3_random_seed2/training.log
molformer_c3,bace,fullft,10,random,classification,auc,0.8806022408963585,PASS,39,50,50,2e-05,0.01,44375809,64.8289864063263,17305,dumped/baseline_bace_fullft_molformer_c3_random_seed10/model.pt,True,dumped/baseline_bace_fullft_molformer_c3_random_seed10/training.log
molformer_c3,bace,fullft,100,random,classification,auc,0.8353658536585366,PASS,35,50,50,2e-05,0.01,44375809,58.427799701690674,18064,dumped/baseline_bace_fullft_molformer_c3_random_seed100/model.pt,True,dumped/baseline_bace_fullft_molformer_c3_random_seed100/training.log
molformer_c3,bace,fullft,1000,random,classification,auc,0.9021136521136521,PASS,37,50,50,2e-05,0.01,44375809,61.7417848110199,17463,dumped/baseline_bace_fullft_molformer_c3_random_seed1000/model.pt,True,dumped/baseline_bace_fullft_molformer_c3_random_seed1000/training.log
molformer_c3,bbbp,fullft,0,random,classification,auc,0.9400914634146341,PASS,32,50,50,2e-05,0.01,44375809,74.03683805465698,17195,dumped/baseline_bbbp_fullft_molformer_c3_random_seed0/model.pt,True,dumped/baseline_bbbp_fullft_molformer_c3_random_seed0/training.log
molformer_c3,bbbp,fullft,1,random,classification,auc,0.979708306911858,PASS,33,50,50,2e-05,0.01,44375809,76.87173557281494,18226,dumped/baseline_bbbp_fullft_molformer_c3_random_seed1/model.pt,True,dumped/baseline_bbbp_fullft_molformer_c3_random_seed1/training.log
molformer_c3,bbbp,fullft,2,random,classification,auc,0.9718235681369322,PASS,36,50,50,2e-05,0.01,44375809,83.57143545150757,18228,dumped/baseline_bbbp_fullft_molformer_c3_random_seed2/model.pt,True,dumped/baseline_bbbp_fullft_molformer_c3_random_seed2/training.log
molformer_c3,bbbp,fullft,10,random,classification,auc,0.9710683327704605,PASS,34,50,50,2e-05,0.01,44375809,77.05390501022339,16356,dumped/baseline_bbbp_fullft_molformer_c3_random_seed10/model.pt,True,dumped/baseline_bbbp_fullft_molformer_c3_random_seed10/training.log
molformer_c3,bbbp,fullft,100,random,classification,auc,0.9584479911942763,PASS,32,50,50,2e-05,0.01,44375809,74.22859716415405,25020,dumped/baseline_bbbp_fullft_molformer_c3_random_seed100/model.pt,True,dumped/baseline_bbbp_fullft_molformer_c3_random_seed100/training.log
molformer_c3,bbbp,fullft,1000,random,classification,auc,0.9688920454545454,PASS,33,50,50,2e-05,0.01,44375809,75.72568225860596,20030,dumped/baseline_bbbp_fullft_molformer_c3_random_seed1000/model.pt,True,dumped/baseline_bbbp_fullft_molformer_c3_random_seed1000/training.log
molformer_c3,sider,fullft,0,random,classification,mean_auc,0.6790595632191754,PASS,37,50,50,2e-05,0.01,44395803,84.45470595359802,14424,dumped/baseline_sider_fullft_molformer_c3_random_seed0/model.pt,True,dumped/baseline_sider_fullft_molformer_c3_random_seed0/training.log
molformer_c3,sider,fullft,1,random,classification,mean_auc,0.6359426588029768,PASS,38,50,50,2e-05,0.01,44395803,88.13784646987915,14422,dumped/baseline_sider_fullft_molformer_c3_random_seed1/model.pt,True,dumped/baseline_sider_fullft_molformer_c3_random_seed1/training.log
molformer_c3,sider,fullft,2,random,classification,mean_auc,0.5839962045694778,PASS,38,50,50,2e-05,0.01,44395803,86.06362986564636,14436,dumped/baseline_sider_fullft_molformer_c3_random_seed2/model.pt,True,dumped/baseline_sider_fullft_molformer_c3_random_seed2/training.log
molformer_c3,sider,fullft,10,random,classification,mean_auc,0.63267411018525,PASS,38,50,50,2e-05,0.01,44395803,86.1207799911499,14426,dumped/baseline_sider_fullft_molformer_c3_random_seed10/model.pt,True,dumped/baseline_sider_fullft_molformer_c3_random_seed10/training.log
molformer_c3,sider,fullft,100,random,classification,mean_auc,0.6670134178497314,PASS,37,50,50,2e-05,0.01,44395803,84.510098695755,14426,dumped/baseline_sider_fullft_molformer_c3_random_seed100/model.pt,True,dumped/baseline_sider_fullft_molformer_c3_random_seed100/training.log
molformer_c3,sider,fullft,1000,random,classification,mean_auc,0.6366779355186298,PASS,41,50,50,2e-05,0.01,44395803,94.93600463867188,14426,dumped/baseline_sider_fullft_molformer_c3_random_seed1000/model.pt,True,dumped/baseline_sider_fullft_molformer_c3_random_seed1000/training.log
cmpnn,freesolv,fullft,0,scaffold,regression,rmse,1.778183,PASS,48,50,50,0.001,0.0,1888801,,,dumped/baseline_freesolv_fullft_cmpnn_scaffold_seed0/run_0/model_0/model.pt,True,logs/baseline_freesolv_fullft_cmpnn_scaffold/seed0/training.log
cmpnn,freesolv,fullft,1,scaffold,regression,rmse,,FAIL,,50,50,0.001,0.0,,,,dumped/baseline_freesolv_fullft_cmpnn_scaffold_seed1/run_0/model_0/model.pt,False,logs/baseline_freesolv_fullft_cmpnn_scaffold/seed1/training.log
cmpnn,freesolv,fullft,2,scaffold,regression,rmse,1.696973,PASS,41,50,50,0.001,0.0,1888801,,,dumped/baseline_freesolv_fullft_cmpnn_scaffold_seed2/run_0/model_0/model.pt,True,logs/baseline_freesolv_fullft_cmpnn_scaffold/seed2/training.log
cmpnn,freesolv,fullft,10,scaffold,regression,rmse,1.8974,PASS,50,50,50,0.001,0.0,1888801,,,dumped/baseline_freesolv_fullft_cmpnn_scaffold_seed10/run_0/model_0/model.pt,True,logs/baseline_freesolv_fullft_cmpnn_scaffold/seed10/training.log
cmpnn,freesolv,fullft,100,scaffold,regression,rmse,1.460946,PASS,50,50,50,0.001,0.0,1888801,,,dumped/baseline_freesolv_fullft_cmpnn_scaffold_seed100/run_0/model_0/model.pt,True,logs/baseline_freesolv_fullft_cmpnn_scaffold/seed100/training.log
cmpnn,freesolv,fullft,1000,scaffold,regression,rmse,1.451268,PASS,50,50,50,0.001,0.0,1888801,,,dumped/baseline_freesolv_fullft_cmpnn_scaffold_seed1000/run_0/model_0/model.pt,True,logs/baseline_freesolv_fullft_cmpnn_scaffold/seed1000/training.log
cmpnn,esol,fullft,0,scaffold,regression,rmse,0.689763,PASS,47,50,50,0.001,0.0,1888801,,,dumped/baseline_esol_fullft_cmpnn_scaffold_seed0/run_0/model_0/model.pt,True,logs/baseline_esol_fullft_cmpnn_scaffold/seed0/training.log
cmpnn,esol,fullft,1,scaffold,regression,rmse,0.835334,PASS,38,50,50,0.001,0.0,1888801,,,dumped/baseline_esol_fullft_cmpnn_scaffold_seed1/run_0/model_0/model.pt,True,logs/baseline_esol_fullft_cmpnn_scaffold/seed1/training.log
cmpnn,esol,fullft,2,scaffold,regression,rmse,0.958721,PASS,44,50,50,0.001,0.0,1888801,,,dumped/baseline_esol_fullft_cmpnn_scaffold_seed2/run_0/model_0/model.pt,True,logs/baseline_esol_fullft_cmpnn_scaffold/seed2/training.log
cmpnn,esol,fullft,10,scaffold,regression,rmse,0.904079,PASS,50,50,50,0.001,0.0,1888801,,,dumped/baseline_esol_fullft_cmpnn_scaffold_seed10/run_0/model_0/model.pt,True,logs/baseline_esol_fullft_cmpnn_scaffold/seed10/training.log
cmpnn,esol,fullft,100,scaffold,regression,rmse,0.859654,PASS,37,50,50,0.001,0.0,1888801,,,dumped/baseline_esol_fullft_cmpnn_scaffold_seed100/run_0/model_0/model.pt,True,logs/baseline_esol_fullft_cmpnn_scaffold/seed100/training.log
cmpnn,esol,fullft,1000,scaffold,regression,rmse,0.675582,PASS,49,50,50,0.001,0.0,1888801,,,dumped/baseline_esol_fullft_cmpnn_scaffold_seed1000/run_0/model_0/model.pt,True,logs/baseline_esol_fullft_cmpnn_scaffold/seed1000/training.log
cmpnn,lipo,fullft,0,scaffold,regression,rmse,0.625108,PASS,50,50,50,0.001,0.0,1888801,,,dumped/baseline_lipo_fullft_cmpnn_scaffold_seed0/run_0/model_0/model.pt,True,logs/baseline_lipo_fullft_cmpnn_scaffold/seed0/training.log
cmpnn,lipo,fullft,1,scaffold,regression,rmse,0.572314,PASS,50,50,50,0.001,0.0,1888801,,,dumped/baseline_lipo_fullft_cmpnn_scaffold_seed1/run_0/model_0/model.pt,True,logs/baseline_lipo_fullft_cmpnn_scaffold/seed1/training.log
cmpnn,lipo,fullft,2,scaffold,regression,rmse,0.622027,PASS,50,50,50,0.001,0.0,1888801,,,dumped/baseline_lipo_fullft_cmpnn_scaffold_seed2/run_0/model_0/model.pt,True,logs/baseline_lipo_fullft_cmpnn_scaffold/seed2/training.log
cmpnn,lipo,fullft,10,scaffold,regression,rmse,0.645845,PASS,50,50,50,0.001,0.0,1888801,,,dumped/baseline_lipo_fullft_cmpnn_scaffold_seed10/run_0/model_0/model.pt,True,logs/baseline_lipo_fullft_cmpnn_scaffold/seed10/training.log
cmpnn,lipo,fullft,100,scaffold,regression,rmse,0.567351,PASS,50,50,50,0.001,0.0,1888801,,,dumped/baseline_lipo_fullft_cmpnn_scaffold_seed100/run_0/model_0/model.pt,True,logs/baseline_lipo_fullft_cmpnn_scaffold/seed100/training.log
cmpnn,lipo,fullft,1000,scaffold,regression,rmse,0.616572,PASS,46,50,50,0.001,0.0,1888801,,,dumped/baseline_lipo_fullft_cmpnn_scaffold_seed1000/run_0/model_0/model.pt,True,logs/baseline_lipo_fullft_cmpnn_scaffold/seed1000/training.log
cmpnn,bace,fullft,0,scaffold,classification,auc,0.808604,PASS,40,50,50,0.001,0.0,1888801,,,dumped/baseline_bace_fullft_cmpnn_scaffold_seed0/run_0/model_0/model.pt,True,logs/baseline_bace_fullft_cmpnn_scaffold/seed0/training.log
cmpnn,bace,fullft,1,scaffold,classification,auc,0.905575,PASS,50,50,50,0.001,0.0,1888801,,,dumped/baseline_bace_fullft_cmpnn_scaffold_seed1/run_0/model_0/model.pt,True,logs/baseline_bace_fullft_cmpnn_scaffold/seed1/training.log
cmpnn,bace,fullft,2,scaffold,classification,auc,0.864314,PASS,45,50,50,0.001,0.0,1888801,,,dumped/baseline_bace_fullft_cmpnn_scaffold_seed2/run_0/model_0/model.pt,True,logs/baseline_bace_fullft_cmpnn_scaffold/seed2/training.log
cmpnn,bace,fullft,10,scaffold,classification,auc,0.827115,PASS,39,50,50,0.001,0.0,1888801,,,dumped/baseline_bace_fullft_cmpnn_scaffold_seed10/run_0/model_0/model.pt,True,logs/baseline_bace_fullft_cmpnn_scaffold/seed10/training.log
cmpnn,bace,fullft,100,scaffold,classification,auc,0.772743,PASS,36,50,50,0.001,0.0,1888801,,,dumped/baseline_bace_fullft_cmpnn_scaffold_seed100/run_0/model_0/model.pt,True,logs/baseline_bace_fullft_cmpnn_scaffold/seed100/training.log
cmpnn,bace,fullft,1000,scaffold,classification,auc,0.885655,PASS,38,50,50,0.001,0.0,1888801,,,dumped/baseline_bace_fullft_cmpnn_scaffold_seed1000/run_0/model_0/model.pt,True,logs/baseline_bace_fullft_cmpnn_scaffold/seed1000/training.log
cmpnn,bbbp,fullft,0,scaffold,classification,auc,0.939431,PASS,32,50,50,0.001,0.0,1888801,,,dumped/baseline_bbbp_fullft_cmpnn_scaffold_seed0/run_0/model_0/model.pt,True,logs/baseline_bbbp_fullft_cmpnn_scaffold/seed0/training.log
cmpnn,bbbp,fullft,1,scaffold,classification,auc,0.917697,PASS,39,50,50,0.001,0.0,1888801,,,dumped/baseline_bbbp_fullft_cmpnn_scaffold_seed1/run_0/model_0/model.pt,True,logs/baseline_bbbp_fullft_cmpnn_scaffold/seed1/training.log
cmpnn,bbbp,fullft,2,scaffold,classification,auc,0.975721,PASS,41,50,50,0.001,0.0,1888801,,,dumped/baseline_bbbp_fullft_cmpnn_scaffold_seed2/run_0/model_0/model.pt,True,logs/baseline_bbbp_fullft_cmpnn_scaffold/seed2/training.log
cmpnn,bbbp,fullft,10,scaffold,classification,auc,0.968716,PASS,50,50,50,0.001,0.0,1888801,,,dumped/baseline_bbbp_fullft_cmpnn_scaffold_seed10/run_0/model_0/model.pt,True,logs/baseline_bbbp_fullft_cmpnn_scaffold/seed10/training.log
cmpnn,bbbp,fullft,100,scaffold,classification,auc,0.960121,PASS,34,50,50,0.001,0.0,1888801,,,dumped/baseline_bbbp_fullft_cmpnn_scaffold_seed100/run_0/model_0/model.pt,True,logs/baseline_bbbp_fullft_cmpnn_scaffold/seed100/training.log
cmpnn,bbbp,fullft,1000,scaffold,classification,auc,0.951342,PASS,50,50,50,0.001,0.0,1888801,,,dumped/baseline_bbbp_fullft_cmpnn_scaffold_seed1000/run_0/model_0/model.pt,True,logs/baseline_bbbp_fullft_cmpnn_scaffold/seed1000/training.log
cmpnn,sider,fullft,0,scaffold,classification,auc,0.641302,PASS,47,50,50,0.001,0.0,1896627,,,dumped/baseline_sider_fullft_cmpnn_scaffold_seed0/run_0/model_0/model.pt,True,logs/baseline_sider_fullft_cmpnn_scaffold/seed0/training.log
cmpnn,sider,fullft,1,scaffold,classification,auc,0.618727,PASS,50,50,50,0.001,0.0,1896627,,,dumped/baseline_sider_fullft_cmpnn_scaffold_seed1/run_0/model_0/model.pt,True,logs/baseline_sider_fullft_cmpnn_scaffold/seed1/training.log
cmpnn,sider,fullft,2,scaffold,classification,auc,0.600816,PASS,40,50,50,0.001,0.0,1896627,,,dumped/baseline_sider_fullft_cmpnn_scaffold_seed2/run_0/model_0/model.pt,True,logs/baseline_sider_fullft_cmpnn_scaffold/seed2/training.log
cmpnn,sider,fullft,10,scaffold,classification,auc,0.651756,PASS,39,50,50,0.001,0.0,1896627,,,dumped/baseline_sider_fullft_cmpnn_scaffold_seed10/run_0/model_0/model.pt,True,logs/baseline_sider_fullft_cmpnn_scaffold/seed10/training.log
cmpnn,sider,fullft,100,scaffold,classification,auc,0.629793,PASS,43,50,50,0.001,0.0,1896627,,,dumped/baseline_sider_fullft_cmpnn_scaffold_seed100/run_0/model_0/model.pt,True,logs/baseline_sider_fullft_cmpnn_scaffold/seed100/training.log
cmpnn,sider,fullft,1000,scaffold,classification,auc,0.64862,PASS,40,50,50,0.001,0.0,1896627,,,dumped/baseline_sider_fullft_cmpnn_scaffold_seed1000/run_0/model_0/model.pt,True,logs/baseline_sider_fullft_cmpnn_scaffold/seed1000/training.log
chemberta2,freesolv,fullft,0,scaffold,regression,rmse,2.9494767840348475,PASS,50,50,50,2e-05,0.01,3427825,13.146568775177002,9882,dumped/baseline_freesolv_fullft_chemberta2_scaffold_seed0/model.pt,True,dumped/baseline_freesolv_fullft_chemberta2_scaffold_seed0/training.log
chemberta2,freesolv,fullft,1,scaffold,regression,rmse,2.825741770085953,PASS,50,50,50,2e-05,0.01,3427825,13.188240051269531,10012,dumped/baseline_freesolv_fullft_chemberta2_scaffold_seed1/model.pt,True,dumped/baseline_freesolv_fullft_chemberta2_scaffold_seed1/training.log
chemberta2,freesolv,fullft,2,scaffold,regression,rmse,2.670490017476411,PASS,50,50,50,2e-05,0.01,3427825,12.352473735809326,9837,dumped/baseline_freesolv_fullft_chemberta2_scaffold_seed2/model.pt,True,dumped/baseline_freesolv_fullft_chemberta2_scaffold_seed2/training.log
chemberta2,freesolv,fullft,10,scaffold,regression,rmse,3.1889597224374167,PASS,50,50,50,2e-05,0.01,3427825,13.43328070640564,10119,dumped/baseline_freesolv_fullft_chemberta2_scaffold_seed10/model.pt,True,dumped/baseline_freesolv_fullft_chemberta2_scaffold_seed10/training.log
chemberta2,freesolv,fullft,100,scaffold,regression,rmse,2.6602179118220572,PASS,50,50,50,2e-05,0.01,3427825,13.606284618377686,10199,dumped/baseline_freesolv_fullft_chemberta2_scaffold_seed100/model.pt,True,dumped/baseline_freesolv_fullft_chemberta2_scaffold_seed100/training.log
chemberta2,freesolv,fullft,1000,scaffold,regression,rmse,2.9141186256219527,PASS,50,50,50,2e-05,0.01,3427825,14.636083126068115,9913,dumped/baseline_freesolv_fullft_chemberta2_scaffold_seed1000/model.pt,True,dumped/baseline_freesolv_fullft_chemberta2_scaffold_seed1000/training.log
chemberta2,esol,fullft,0,scaffold,regression,rmse,0.7582970476027892,PASS,50,50,50,2e-05,0.01,3427825,19.359378814697266,10149,dumped/baseline_esol_fullft_chemberta2_scaffold_seed0/model.pt,True,dumped/baseline_esol_fullft_chemberta2_scaffold_seed0/training.log
chemberta2,esol,fullft,1,scaffold,regression,rmse,1.190359637708397,PASS,50,50,50,2e-05,0.01,3427825,18.65032386779785,10061,dumped/baseline_esol_fullft_chemberta2_scaffold_seed1/model.pt,True,dumped/baseline_esol_fullft_chemberta2_scaffold_seed1/training.log
chemberta2,esol,fullft,2,scaffold,regression,rmse,1.1163180509287969,PASS,48,50,50,2e-05,0.01,3427825,17.094464540481567,9958,dumped/baseline_esol_fullft_chemberta2_scaffold_seed2/model.pt,True,dumped/baseline_esol_fullft_chemberta2_scaffold_seed2/training.log
chemberta2,esol,fullft,10,scaffold,regression,rmse,1.035326788907595,PASS,50,50,50,2e-05,0.01,3427825,18.969640016555786,10079,dumped/baseline_esol_fullft_chemberta2_scaffold_seed10/model.pt,True,dumped/baseline_esol_fullft_chemberta2_scaffold_seed10/training.log
chemberta2,esol,fullft,100,scaffold,regression,rmse,0.9105101130791682,PASS,50,50,50,2e-05,0.01,3427825,18.936580657958984,10153,dumped/baseline_esol_fullft_chemberta2_scaffold_seed100/model.pt,True,dumped/baseline_esol_fullft_chemberta2_scaffold_seed100/training.log
chemberta2,esol,fullft,1000,scaffold,regression,rmse,1.019756365364111,PASS,50,50,50,2e-05,0.01,3427825,19.082329034805298,10064,dumped/baseline_esol_fullft_chemberta2_scaffold_seed1000/model.pt,True,dumped/baseline_esol_fullft_chemberta2_scaffold_seed1000/training.log
chemberta2,lipo,fullft,0,scaffold,regression,rmse,0.741395387077542,PASS,50,50,50,2e-05,0.01,3427825,62.26574969291687,10573,dumped/baseline_lipo_fullft_chemberta2_scaffold_seed0/model.pt,True,dumped/baseline_lipo_fullft_chemberta2_scaffold_seed0/training.log
chemberta2,lipo,fullft,1,scaffold,regression,rmse,0.7045526421996936,PASS,50,50,50,2e-05,0.01,3427825,62.93727111816406,10573,dumped/baseline_lipo_fullft_chemberta2_scaffold_seed1/model.pt,True,dumped/baseline_lipo_fullft_chemberta2_scaffold_seed1/training.log
chemberta2,lipo,fullft,2,scaffold,regression,rmse,0.801956579588349,PASS,50,50,50,2e-05,0.01,3427825,65.04882478713989,10993,dumped/baseline_lipo_fullft_chemberta2_scaffold_seed2/model.pt,True,dumped/baseline_lipo_fullft_chemberta2_scaffold_seed2/training.log
chemberta2,lipo,fullft,10,scaffold,regression,rmse,0.793501463599679,PASS,50,50,50,2e-05,0.01,3427825,66.56405901908875,10832,dumped/baseline_lipo_fullft_chemberta2_scaffold_seed10/model.pt,True,dumped/baseline_lipo_fullft_chemberta2_scaffold_seed10/training.log
chemberta2,lipo,fullft,100,scaffold,regression,rmse,0.8373775378409578,PASS,50,50,50,2e-05,0.01,3427825,65.4111123085022,11221,dumped/baseline_lipo_fullft_chemberta2_scaffold_seed100/model.pt,True,dumped/baseline_lipo_fullft_chemberta2_scaffold_seed100/training.log
chemberta2,lipo,fullft,1000,scaffold,regression,rmse,0.8205398607794134,PASS,50,50,50,2e-05,0.01,3427825,65.93368148803711,10762,dumped/baseline_lipo_fullft_chemberta2_scaffold_seed1000/model.pt,True,dumped/baseline_lipo_fullft_chemberta2_scaffold_seed1000/training.log
chemberta2,bace,fullft,0,scaffold,classification,auc,0.8337137840210711,PASS,42,50,50,2e-05,0.01,3427825,22.19929599761963,10774,dumped/baseline_bace_fullft_chemberta2_scaffold_seed0/model.pt,True,dumped/baseline_bace_fullft_chemberta2_scaffold_seed0/training.log
chemberta2,bace,fullft,1,scaffold,classification,auc,0.8743031358885017,PASS,50,50,50,2e-05,0.01,3427825,26.553000926971436,10989,dumped/baseline_bace_fullft_chemberta2_scaffold_seed1/model.pt,True,dumped/baseline_bace_fullft_chemberta2_scaffold_seed1/training.log
chemberta2,bace,fullft,2,scaffold,classification,auc,0.7938235294117647,PASS,47,50,50,2e-05,0.01,3427825,24.73954176902771,10935,dumped/baseline_bace_fullft_chemberta2_scaffold_seed2/model.pt,True,dumped/baseline_bace_fullft_chemberta2_scaffold_seed2/training.log
chemberta2,bace,fullft,10,scaffold,classification,auc,0.8260576923076923,PASS,45,50,50,2e-05,0.01,3427825,23.40329909324646,10725,dumped/baseline_bace_fullft_chemberta2_scaffold_seed10/model.pt,True,dumped/baseline_bace_fullft_chemberta2_scaffold_seed10/training.log
chemberta2,bace,fullft,100,scaffold,classification,auc,0.7584201388888889,PASS,50,50,50,2e-05,0.01,3427825,26.29192018508911,10654,dumped/baseline_bace_fullft_chemberta2_scaffold_seed100/model.pt,True,dumped/baseline_bace_fullft_chemberta2_scaffold_seed100/training.log
chemberta2,bace,fullft,1000,scaffold,classification,auc,0.8747401247401247,PASS,50,50,50,2e-05,0.01,3427825,25.453871488571167,10405,dumped/baseline_bace_fullft_chemberta2_scaffold_seed1000/model.pt,True,dumped/baseline_bace_fullft_chemberta2_scaffold_seed1000/training.log
chemberta2,bbbp,fullft,0,scaffold,classification,auc,0.9598031173092699,PASS,43,50,50,2e-05,0.01,3427825,28.38358998298645,11433,dumped/baseline_bbbp_fullft_chemberta2_scaffold_seed0/model.pt,True,dumped/baseline_bbbp_fullft_chemberta2_scaffold_seed0/training.log
chemberta2,bbbp,fullft,1,scaffold,classification,auc,0.9562424242424242,PASS,44,50,50,2e-05,0.01,3427825,29.75845193862915,11011,dumped/baseline_bbbp_fullft_chemberta2_scaffold_seed1/model.pt,True,dumped/baseline_bbbp_fullft_chemberta2_scaffold_seed1/training.log
chemberta2,bbbp,fullft,2,scaffold,classification,auc,0.9804128547970913,PASS,50,50,50,2e-05,0.01,3427825,33.962034702301025,10761,dumped/baseline_bbbp_fullft_chemberta2_scaffold_seed2/model.pt,True,dumped/baseline_bbbp_fullft_chemberta2_scaffold_seed2/training.log
chemberta2,bbbp,fullft,10,scaffold,classification,auc,0.9609766732068891,PASS,50,50,50,2e-05,0.01,3427825,33.3127863407135,11037,dumped/baseline_bbbp_fullft_chemberta2_scaffold_seed10/model.pt,True,dumped/baseline_bbbp_fullft_chemberta2_scaffold_seed10/training.log
chemberta2,bbbp,fullft,100,scaffold,classification,auc,0.9549090909090909,PASS,39,50,50,2e-05,0.01,3427825,27.30809998512268,11122,dumped/baseline_bbbp_fullft_chemberta2_scaffold_seed100/model.pt,True,dumped/baseline_bbbp_fullft_chemberta2_scaffold_seed100/training.log
chemberta2,bbbp,fullft,1000,scaffold,classification,auc,0.9655441035474592,PASS,46,50,50,2e-05,0.01,3427825,31.466609001159668,10745,dumped/baseline_bbbp_fullft_chemberta2_scaffold_seed1000/model.pt,True,dumped/baseline_bbbp_fullft_chemberta2_scaffold_seed1000/training.log
chemberta2,sider,fullft,0,scaffold,classification,mean_auc,0.5486898276834782,PASS,50,50,50,2e-05,0.01,3437835,53.10694980621338,11881,dumped/baseline_sider_fullft_chemberta2_scaffold_seed0/model.pt,True,dumped/baseline_sider_fullft_chemberta2_scaffold_seed0/training.log
chemberta2,sider,fullft,1,scaffold,classification,mean_auc,0.5773749190005545,PASS,50,50,50,2e-05,0.01,3437835,51.23930096626282,13173,dumped/baseline_sider_fullft_chemberta2_scaffold_seed1/model.pt,True,dumped/baseline_sider_fullft_chemberta2_scaffold_seed1/training.log
chemberta2,sider,fullft,2,scaffold,classification,mean_auc,0.5615482597469921,PASS,50,50,50,2e-05,0.01,3437835,52.47107744216919,11588,dumped/baseline_sider_fullft_chemberta2_scaffold_seed2/model.pt,True,dumped/baseline_sider_fullft_chemberta2_scaffold_seed2/training.log
chemberta2,sider,fullft,10,scaffold,classification,mean_auc,0.5955835299269144,PASS,50,50,50,2e-05,0.01,3437835,51.51417922973633,13007,dumped/baseline_sider_fullft_chemberta2_scaffold_seed10/model.pt,True,dumped/baseline_sider_fullft_chemberta2_scaffold_seed10/training.log
chemberta2,sider,fullft,100,scaffold,classification,mean_auc,0.5951951808314683,PASS,50,50,50,2e-05,0.01,3437835,52.311054706573486,11477,dumped/baseline_sider_fullft_chemberta2_scaffold_seed100/model.pt,True,dumped/baseline_sider_fullft_chemberta2_scaffold_seed100/training.log
chemberta2,sider,fullft,1000,scaffold,classification,mean_auc,0.5970788669849527,PASS,50,50,50,2e-05,0.01,3437835,55.667211294174194,11325,dumped/baseline_sider_fullft_chemberta2_scaffold_seed1000/model.pt,True,dumped/baseline_sider_fullft_chemberta2_scaffold_seed1000/training.log
molformer_c3,freesolv,fullft,0,scaffold,regression,rmse,1.7813732706882925,PASS,50,50,50,2e-05,0.01,44375809,40.72864127159119,11513,dumped/baseline_freesolv_fullft_molformer_c3_scaffold_seed0/model.pt,True,dumped/baseline_freesolv_fullft_molformer_c3_scaffold_seed0/training.log
molformer_c3,freesolv,fullft,1,scaffold,regression,rmse,3.0570719356739473,PASS,50,50,50,2e-05,0.01,44375809,36.03998255729675,11256,dumped/baseline_freesolv_fullft_molformer_c3_scaffold_seed1/model.pt,True,dumped/baseline_freesolv_fullft_molformer_c3_scaffold_seed1/training.log
molformer_c3,freesolv,fullft,2,scaffold,regression,rmse,1.3916851246156061,PASS,50,50,50,2e-05,0.01,44375809,34.41435170173645,11292,dumped/baseline_freesolv_fullft_molformer_c3_scaffold_seed2/model.pt,True,dumped/baseline_freesolv_fullft_molformer_c3_scaffold_seed2/training.log
molformer_c3,freesolv,fullft,10,scaffold,regression,rmse,1.7647875259717702,PASS,50,50,50,2e-05,0.01,44375809,33.10885810852051,4460,dumped/baseline_freesolv_fullft_molformer_c3_scaffold_seed10/model.pt,True,dumped/baseline_freesolv_fullft_molformer_c3_scaffold_seed10/training.log
molformer_c3,freesolv,fullft,100,scaffold,regression,rmse,1.5417571513797386,PASS,50,50,50,2e-05,0.01,44375809,37.92206931114197,4678,dumped/baseline_freesolv_fullft_molformer_c3_scaffold_seed100/model.pt,True,dumped/baseline_freesolv_fullft_molformer_c3_scaffold_seed100/training.log
molformer_c3,freesolv,fullft,1000,scaffold,regression,rmse,1.5330048451107572,PASS,50,50,50,2e-05,0.01,44375809,34.50495457649231,4644,dumped/baseline_freesolv_fullft_molformer_c3_scaffold_seed1000/model.pt,True,dumped/baseline_freesolv_fullft_molformer_c3_scaffold_seed1000/training.log
molformer_c3,esol,fullft,0,scaffold,regression,rmse,0.9152658155106909,PASS,43,50,50,2e-05,0.01,44375809,46.1078405380249,5872,dumped/baseline_esol_fullft_molformer_c3_scaffold_seed0/model.pt,True,dumped/baseline_esol_fullft_molformer_c3_scaffold_seed0/training.log
molformer_c3,esol,fullft,1,scaffold,regression,rmse,1.0074821344689486,PASS,50,50,50,2e-05,0.01,44375809,52.847126722335815,5889,dumped/baseline_esol_fullft_molformer_c3_scaffold_seed1/model.pt,True,dumped/baseline_esol_fullft_molformer_c3_scaffold_seed1/training.log
molformer_c3,esol,fullft,2,scaffold,regression,rmse,1.0580908787966483,PASS,50,50,50,2e-05,0.01,44375809,51.942983865737915,4860,dumped/baseline_esol_fullft_molformer_c3_scaffold_seed2/model.pt,True,dumped/baseline_esol_fullft_molformer_c3_scaffold_seed2/training.log
molformer_c3,esol,fullft,10,scaffold,regression,rmse,0.9796148586568445,PASS,50,50,50,2e-05,0.01,44375809,53.1326847076416,5904,dumped/baseline_esol_fullft_molformer_c3_scaffold_seed10/model.pt,True,dumped/baseline_esol_fullft_molformer_c3_scaffold_seed10/training.log
molformer_c3,esol,fullft,100,scaffold,regression,rmse,0.9122275494431438,PASS,45,50,50,2e-05,0.01,44375809,45.72964000701904,5167,dumped/baseline_esol_fullft_molformer_c3_scaffold_seed100/model.pt,True,dumped/baseline_esol_fullft_molformer_c3_scaffold_seed100/training.log
molformer_c3,esol,fullft,1000,scaffold,regression,rmse,0.8742087396861636,PASS,43,50,50,2e-05,0.01,44375809,43.11951303482056,5751,dumped/baseline_esol_fullft_molformer_c3_scaffold_seed1000/model.pt,True,dumped/baseline_esol_fullft_molformer_c3_scaffold_seed1000/training.log
molformer_c3,lipo,fullft,0,scaffold,regression,rmse,0.6335010550128127,PASS,50,50,50,2e-05,0.01,44375809,182.48918795585632,7699,dumped/baseline_lipo_fullft_molformer_c3_scaffold_seed0/model.pt,True,dumped/baseline_lipo_fullft_molformer_c3_scaffold_seed0/training.log
molformer_c3,lipo,fullft,1,scaffold,regression,rmse,0.6444291698652543,PASS,50,50,50,2e-05,0.01,44375809,184.53984141349792,14016,dumped/baseline_lipo_fullft_molformer_c3_scaffold_seed1/model.pt,True,dumped/baseline_lipo_fullft_molformer_c3_scaffold_seed1/training.log
molformer_c3,lipo,fullft,2,scaffold,regression,rmse,0.6791784419070656,PASS,50,50,50,2e-05,0.01,44375809,183.0187554359436,9559,dumped/baseline_lipo_fullft_molformer_c3_scaffold_seed2/model.pt,True,dumped/baseline_lipo_fullft_molformer_c3_scaffold_seed2/training.log
molformer_c3,lipo,fullft,10,scaffold,regression,rmse,0.7295120420396746,PASS,50,50,50,2e-05,0.01,44375809,187.21905732154846,13631,dumped/baseline_lipo_fullft_molformer_c3_scaffold_seed10/model.pt,True,dumped/baseline_lipo_fullft_molformer_c3_scaffold_seed10/training.log
molformer_c3,lipo,fullft,100,scaffold,regression,rmse,0.7113302634058845,PASS,50,50,50,2e-05,0.01,44375809,183.59328722953796,13588,dumped/baseline_lipo_fullft_molformer_c3_scaffold_seed100/model.pt,True,dumped/baseline_lipo_fullft_molformer_c3_scaffold_seed100/training.log
molformer_c3,lipo,fullft,1000,scaffold,regression,rmse,0.6871768885717372,PASS,50,50,50,2e-05,0.01,44375809,186.70796132087708,11739,dumped/baseline_lipo_fullft_molformer_c3_scaffold_seed1000/model.pt,True,dumped/baseline_lipo_fullft_molformer_c3_scaffold_seed1000/training.log
molformer_c3,bace,fullft,0,scaffold,classification,auc,0.8,PASS,37,50,50,2e-05,0.01,44375809,59.01208019256592,8825,dumped/baseline_bace_fullft_molformer_c3_scaffold_seed0/model.pt,True,dumped/baseline_bace_fullft_molformer_c3_scaffold_seed0/training.log
molformer_c3,bace,fullft,1,scaffold,classification,auc,0.8630662020905924,PASS,36,50,50,2e-05,0.01,44375809,60.701879024505615,12654,dumped/baseline_bace_fullft_molformer_c3_scaffold_seed1/model.pt,True,dumped/baseline_bace_fullft_molformer_c3_scaffold_seed1/training.log
molformer_c3,bace,fullft,2,scaffold,classification,auc,0.8392156862745098,PASS,36,50,50,2e-05,0.01,44375809,58.96144461631775,9604,dumped/baseline_bace_fullft_molformer_c3_scaffold_seed2/model.pt,True,dumped/baseline_bace_fullft_molformer_c3_scaffold_seed2/training.log
molformer_c3,bace,fullft,10,scaffold,classification,auc,0.7411538461538462,PASS,31,50,50,2e-05,0.01,44375809,51.89455270767212,10082,dumped/baseline_bace_fullft_molformer_c3_scaffold_seed10/model.pt,True,dumped/baseline_bace_fullft_molformer_c3_scaffold_seed10/training.log
molformer_c3,bace,fullft,100,scaffold,classification,auc,0.7899305555555556,PASS,35,50,50,2e-05,0.01,44375809,57.12074661254883,10957,dumped/baseline_bace_fullft_molformer_c3_scaffold_seed100/model.pt,True,dumped/baseline_bace_fullft_molformer_c3_scaffold_seed100/training.log
molformer_c3,bace,fullft,1000,scaffold,classification,auc,0.9088704088704088,PASS,39,50,50,2e-05,0.01,44375809,64.5956494808197,9715,dumped/baseline_bace_fullft_molformer_c3_scaffold_seed1000/model.pt,True,dumped/baseline_bace_fullft_molformer_c3_scaffold_seed1000/training.log
molformer_c3,bbbp,fullft,0,scaffold,classification,auc,0.9643150123051681,PASS,32,50,50,2e-05,0.01,44375809,70.94569683074951,13419,dumped/baseline_bbbp_fullft_molformer_c3_scaffold_seed0/model.pt,True,dumped/baseline_bbbp_fullft_molformer_c3_scaffold_seed0/training.log
molformer_c3,bbbp,fullft,1,scaffold,classification,auc,0.9396363636363636,PASS,33,50,50,2e-05,0.01,44375809,73.63006782531738,15078,dumped/baseline_bbbp_fullft_molformer_c3_scaffold_seed1/model.pt,True,dumped/baseline_bbbp_fullft_molformer_c3_scaffold_seed1/training.log
molformer_c3,bbbp,fullft,2,scaffold,classification,auc,0.9907342247243726,PASS,33,50,50,2e-05,0.01,44375809,72.33594536781311,10540,dumped/baseline_bbbp_fullft_molformer_c3_scaffold_seed2/model.pt,True,dumped/baseline_bbbp_fullft_molformer_c3_scaffold_seed2/training.log
molformer_c3,bbbp,fullft,10,scaffold,classification,auc,0.9573795509047308,PASS,34,50,50,2e-05,0.01,44375809,73.59924101829529,16310,dumped/baseline_bbbp_fullft_molformer_c3_scaffold_seed10/model.pt,True,dumped/baseline_bbbp_fullft_molformer_c3_scaffold_seed10/training.log
molformer_c3,bbbp,fullft,100,scaffold,classification,auc,0.9602424242424242,PASS,32,50,50,2e-05,0.01,44375809,71.26597356796265,12511,dumped/baseline_bbbp_fullft_molformer_c3_scaffold_seed100/model.pt,True,dumped/baseline_bbbp_fullft_molformer_c3_scaffold_seed100/training.log
molformer_c3,bbbp,fullft,1000,scaffold,classification,auc,0.9545781399808245,PASS,32,50,50,2e-05,0.01,44375809,70.59587359428406,9246,dumped/baseline_bbbp_fullft_molformer_c3_scaffold_seed1000/model.pt,True,dumped/baseline_bbbp_fullft_molformer_c3_scaffold_seed1000/training.log
molformer_c3,sider,fullft,0,scaffold,classification,mean_auc,0.5868587389146347,PASS,36,50,50,2e-05,0.01,44395803,82.14797401428223,7939,dumped/baseline_sider_fullft_molformer_c3_scaffold_seed0/model.pt,True,dumped/baseline_sider_fullft_molformer_c3_scaffold_seed0/training.log
molformer_c3,sider,fullft,1,scaffold,classification,mean_auc,0.6373453181688015,PASS,37,50,50,2e-05,0.01,44395803,89.38704252243042,10707,dumped/baseline_sider_fullft_molformer_c3_scaffold_seed1/model.pt,True,dumped/baseline_sider_fullft_molformer_c3_scaffold_seed1/training.log
molformer_c3,sider,fullft,2,scaffold,classification,mean_auc,0.5849193251346397,PASS,40,50,50,2e-05,0.01,44395803,95.57630038261414,7925,dumped/baseline_sider_fullft_molformer_c3_scaffold_seed2/model.pt,True,dumped/baseline_sider_fullft_molformer_c3_scaffold_seed2/training.log
molformer_c3,sider,fullft,10,scaffold,classification,mean_auc,0.6265341515419764,PASS,35,50,50,2e-05,0.01,44395803,85.12141990661621,7838,dumped/baseline_sider_fullft_molformer_c3_scaffold_seed10/model.pt,True,dumped/baseline_sider_fullft_molformer_c3_scaffold_seed10/training.log
molformer_c3,sider,fullft,100,scaffold,classification,mean_auc,0.6402609346510961,PASS,38,50,50,2e-05,0.01,44395803,91.89065432548523,7788,dumped/baseline_sider_fullft_molformer_c3_scaffold_seed100/model.pt,True,dumped/baseline_sider_fullft_molformer_c3_scaffold_seed100/training.log
molformer_c3,sider,fullft,1000,scaffold,classification,mean_auc,0.6145027357423706,PASS,36,50,50,2e-05,0.01,44395803,91.91384625434875,7963,dumped/baseline_sider_fullft_molformer_c3_scaffold_seed1000/model.pt,True,dumped/baseline_sider_fullft_molformer_c3_scaffold_seed1000/training.log
