backbone,dataset,method,rank,seed,protocol,metric_type,task_type,n5_metric,r8_baseline_metric,paired_bad_diff_vs_r8,direction,n5_checkpoint,r8_checkpoint
cmpnn,freesolv,lora,4,0,scaffold,rmse,regression,2.180635,2.16195,0.018685000000000063,positive = rank variant worse than r=8 baseline in bad-space,dumped/n5_rank_sensitivity_freesolv_lora_r4_cmpnn_scaffold_seed0/run_0/model_0/model.pt,dumped/baseline_freesolv_lora_scaffold_seed0/run_0/model_0/model.pt
cmpnn,freesolv,lora,4,1,scaffold,rmse,regression,2.730387,2.673929,0.05645800000000012,positive = rank variant worse than r=8 baseline in bad-space,dumped/n5_rank_sensitivity_freesolv_lora_r4_cmpnn_scaffold_seed1/run_0/model_0/model.pt,dumped/baseline_freesolv_lora_scaffold_seed1/run_0/model_0/model.pt
cmpnn,freesolv,lora,4,2,scaffold,rmse,regression,1.596898,1.490457,0.10644100000000001,positive = rank variant worse than r=8 baseline in bad-space,dumped/n5_rank_sensitivity_freesolv_lora_r4_cmpnn_scaffold_seed2/run_0/model_0/model.pt,dumped/baseline_freesolv_lora_scaffold_seed2/run_0/model_0/model.pt
cmpnn,freesolv,lora,16,0,scaffold,rmse,regression,2.200009,2.16195,0.038059000000000065,positive = rank variant worse than r=8 baseline in bad-space,dumped/n5_rank_sensitivity_freesolv_lora_r16_cmpnn_scaffold_seed0/run_0/model_0/model.pt,dumped/baseline_freesolv_lora_scaffold_seed0/run_0/model_0/model.pt
cmpnn,freesolv,lora,16,1,scaffold,rmse,regression,2.633426,2.673929,-0.040502999999999734,positive = rank variant worse than r=8 baseline in bad-space,dumped/n5_rank_sensitivity_freesolv_lora_r16_cmpnn_scaffold_seed1/run_0/model_0/model.pt,dumped/baseline_freesolv_lora_scaffold_seed1/run_0/model_0/model.pt
cmpnn,freesolv,lora,16,2,scaffold,rmse,regression,1.46623,1.490457,-0.024227,positive = rank variant worse than r=8 baseline in bad-space,dumped/n5_rank_sensitivity_freesolv_lora_r16_cmpnn_scaffold_seed2/run_0/model_0/model.pt,dumped/baseline_freesolv_lora_scaffold_seed2/run_0/model_0/model.pt
cmpnn,freesolv,dora,4,0,scaffold,rmse,regression,2.189006,2.096095,0.09291099999999997,positive = rank variant worse than r=8 baseline in bad-space,dumped/n5_rank_sensitivity_freesolv_dora_r4_cmpnn_scaffold_seed0/run_0/model_0/model.pt,dumped/baseline_freesolv_dora_scaffold_seed0/run_0/model_0/model.pt
cmpnn,freesolv,dora,4,1,scaffold,rmse,regression,2.701195,2.709365,-0.008170000000000233,positive = rank variant worse than r=8 baseline in bad-space,dumped/n5_rank_sensitivity_freesolv_dora_r4_cmpnn_scaffold_seed1/run_0/model_0/model.pt,dumped/baseline_freesolv_dora_scaffold_seed1/run_0/model_0/model.pt
cmpnn,freesolv,dora,4,2,scaffold,rmse,regression,1.541204,1.570725,-0.02952099999999991,positive = rank variant worse than r=8 baseline in bad-space,dumped/n5_rank_sensitivity_freesolv_dora_r4_cmpnn_scaffold_seed2/run_0/model_0/model.pt,dumped/baseline_freesolv_dora_scaffold_seed2/run_0/model_0/model.pt
cmpnn,freesolv,dora,16,0,scaffold,rmse,regression,2.263199,2.096095,0.16710400000000014,positive = rank variant worse than r=8 baseline in bad-space,dumped/n5_rank_sensitivity_freesolv_dora_r16_cmpnn_scaffold_seed0/run_0/model_0/model.pt,dumped/baseline_freesolv_dora_scaffold_seed0/run_0/model_0/model.pt
cmpnn,freesolv,dora,16,1,scaffold,rmse,regression,2.678688,2.709365,-0.030676999999999843,positive = rank variant worse than r=8 baseline in bad-space,dumped/n5_rank_sensitivity_freesolv_dora_r16_cmpnn_scaffold_seed1/run_0/model_0/model.pt,dumped/baseline_freesolv_dora_scaffold_seed1/run_0/model_0/model.pt
cmpnn,freesolv,dora,16,2,scaffold,rmse,regression,1.472333,1.570725,-0.09839200000000003,positive = rank variant worse than r=8 baseline in bad-space,dumped/n5_rank_sensitivity_freesolv_dora_r16_cmpnn_scaffold_seed2/run_0/model_0/model.pt,dumped/baseline_freesolv_dora_scaffold_seed2/run_0/model_0/model.pt
cmpnn,esol,lora,4,0,scaffold,rmse,regression,0.735306,0.741628,-0.006321999999999939,positive = rank variant worse than r=8 baseline in bad-space,dumped/n5_rank_sensitivity_esol_lora_r4_cmpnn_scaffold_seed0/run_0/model_0/model.pt,dumped/baseline_esol_lora_scaffold_seed0/run_0/model_0/model.pt
cmpnn,esol,lora,4,1,scaffold,rmse,regression,0.773323,0.759042,0.014280999999999988,positive = rank variant worse than r=8 baseline in bad-space,dumped/n5_rank_sensitivity_esol_lora_r4_cmpnn_scaffold_seed1/run_0/model_0/model.pt,dumped/baseline_esol_lora_scaffold_seed1/run_0/model_0/model.pt
cmpnn,esol,lora,4,2,scaffold,rmse,regression,1.006475,1.002986,0.0034890000000000754,positive = rank variant worse than r=8 baseline in bad-space,dumped/n5_rank_sensitivity_esol_lora_r4_cmpnn_scaffold_seed2/run_0/model_0/model.pt,dumped/baseline_esol_lora_scaffold_seed2/run_0/model_0/model.pt
cmpnn,esol,lora,16,0,scaffold,rmse,regression,0.747472,0.741628,0.005844000000000071,positive = rank variant worse than r=8 baseline in bad-space,dumped/n5_rank_sensitivity_esol_lora_r16_cmpnn_scaffold_seed0/run_0/model_0/model.pt,dumped/baseline_esol_lora_scaffold_seed0/run_0/model_0/model.pt
cmpnn,esol,lora,16,1,scaffold,rmse,regression,0.782801,0.759042,0.023758999999999975,positive = rank variant worse than r=8 baseline in bad-space,dumped/n5_rank_sensitivity_esol_lora_r16_cmpnn_scaffold_seed1/run_0/model_0/model.pt,dumped/baseline_esol_lora_scaffold_seed1/run_0/model_0/model.pt
cmpnn,esol,lora,16,2,scaffold,rmse,regression,0.982872,1.002986,-0.020113999999999965,positive = rank variant worse than r=8 baseline in bad-space,dumped/n5_rank_sensitivity_esol_lora_r16_cmpnn_scaffold_seed2/run_0/model_0/model.pt,dumped/baseline_esol_lora_scaffold_seed2/run_0/model_0/model.pt
cmpnn,esol,dora,4,0,scaffold,rmse,regression,0.740674,0.75785,-0.01717599999999997,positive = rank variant worse than r=8 baseline in bad-space,dumped/n5_rank_sensitivity_esol_dora_r4_cmpnn_scaffold_seed0/run_0/model_0/model.pt,dumped/baseline_esol_dora_scaffold_seed0/run_0/model_0/model.pt
cmpnn,esol,dora,4,1,scaffold,rmse,regression,0.770604,0.770888,-0.000284000000000062,positive = rank variant worse than r=8 baseline in bad-space,dumped/n5_rank_sensitivity_esol_dora_r4_cmpnn_scaffold_seed1/run_0/model_0/model.pt,dumped/baseline_esol_dora_scaffold_seed1/run_0/model_0/model.pt
cmpnn,esol,dora,4,2,scaffold,rmse,regression,1.010909,0.990898,0.020011000000000112,positive = rank variant worse than r=8 baseline in bad-space,dumped/n5_rank_sensitivity_esol_dora_r4_cmpnn_scaffold_seed2/run_0/model_0/model.pt,dumped/baseline_esol_dora_scaffold_seed2/run_0/model_0/model.pt
cmpnn,esol,dora,16,0,scaffold,rmse,regression,0.720783,0.75785,-0.03706700000000007,positive = rank variant worse than r=8 baseline in bad-space,dumped/n5_rank_sensitivity_esol_dora_r16_cmpnn_scaffold_seed0/run_0/model_0/model.pt,dumped/baseline_esol_dora_scaffold_seed0/run_0/model_0/model.pt
cmpnn,esol,dora,16,1,scaffold,rmse,regression,0.791902,0.770888,0.021013999999999977,positive = rank variant worse than r=8 baseline in bad-space,dumped/n5_rank_sensitivity_esol_dora_r16_cmpnn_scaffold_seed1/run_0/model_0/model.pt,dumped/baseline_esol_dora_scaffold_seed1/run_0/model_0/model.pt
cmpnn,esol,dora,16,2,scaffold,rmse,regression,1.023283,0.990898,0.032385,positive = rank variant worse than r=8 baseline in bad-space,dumped/n5_rank_sensitivity_esol_dora_r16_cmpnn_scaffold_seed2/run_0/model_0/model.pt,dumped/baseline_esol_dora_scaffold_seed2/run_0/model_0/model.pt
cmpnn,lipo,lora,4,0,scaffold,rmse,regression,0.604196,0.654229,-0.050032999999999994,positive = rank variant worse than r=8 baseline in bad-space,dumped/n5_rank_sensitivity_lipo_lora_r4_cmpnn_scaffold_seed0/run_0/model_0/model.pt,dumped/baseline_lipo_lora_scaffold_seed0/run_0/model_0/model.pt
cmpnn,lipo,lora,4,1,scaffold,rmse,regression,0.613157,0.641112,-0.027955000000000063,positive = rank variant worse than r=8 baseline in bad-space,dumped/n5_rank_sensitivity_lipo_lora_r4_cmpnn_scaffold_seed1/run_0/model_0/model.pt,dumped/baseline_lipo_lora_scaffold_seed1/run_0/model_0/model.pt
cmpnn,lipo,lora,4,2,scaffold,rmse,regression,0.711737,0.653554,0.058182999999999985,positive = rank variant worse than r=8 baseline in bad-space,dumped/n5_rank_sensitivity_lipo_lora_r4_cmpnn_scaffold_seed2/run_0/model_0/model.pt,dumped/baseline_lipo_lora_scaffold_seed2/run_0/model_0/model.pt
cmpnn,lipo,lora,16,0,scaffold,rmse,regression,0.643313,0.654229,-0.010915999999999926,positive = rank variant worse than r=8 baseline in bad-space,dumped/n5_rank_sensitivity_lipo_lora_r16_cmpnn_scaffold_seed0/run_0/model_0/model.pt,dumped/baseline_lipo_lora_scaffold_seed0/run_0/model_0/model.pt
cmpnn,lipo,lora,16,1,scaffold,rmse,regression,0.636228,0.641112,-0.0048839999999999995,positive = rank variant worse than r=8 baseline in bad-space,dumped/n5_rank_sensitivity_lipo_lora_r16_cmpnn_scaffold_seed1/run_0/model_0/model.pt,dumped/baseline_lipo_lora_scaffold_seed1/run_0/model_0/model.pt
cmpnn,lipo,lora,16,2,scaffold,rmse,regression,0.6805,0.653554,0.026946000000000025,positive = rank variant worse than r=8 baseline in bad-space,dumped/n5_rank_sensitivity_lipo_lora_r16_cmpnn_scaffold_seed2/run_0/model_0/model.pt,dumped/baseline_lipo_lora_scaffold_seed2/run_0/model_0/model.pt
cmpnn,lipo,dora,4,0,scaffold,rmse,regression,0.613745,0.627623,-0.013878000000000057,positive = rank variant worse than r=8 baseline in bad-space,dumped/n5_rank_sensitivity_lipo_dora_r4_cmpnn_scaffold_seed0/run_0/model_0/model.pt,dumped/baseline_lipo_dora_scaffold_seed0/run_0/model_0/model.pt
cmpnn,lipo,dora,4,1,scaffold,rmse,regression,0.615936,0.613169,0.002767000000000075,positive = rank variant worse than r=8 baseline in bad-space,dumped/n5_rank_sensitivity_lipo_dora_r4_cmpnn_scaffold_seed1/run_0/model_0/model.pt,dumped/baseline_lipo_dora_scaffold_seed1/run_0/model_0/model.pt
cmpnn,lipo,dora,4,2,scaffold,rmse,regression,0.703981,0.665076,0.03890499999999997,positive = rank variant worse than r=8 baseline in bad-space,dumped/n5_rank_sensitivity_lipo_dora_r4_cmpnn_scaffold_seed2/run_0/model_0/model.pt,dumped/baseline_lipo_dora_scaffold_seed2/run_0/model_0/model.pt
cmpnn,lipo,dora,16,0,scaffold,rmse,regression,0.61831,0.627623,-0.009313000000000016,positive = rank variant worse than r=8 baseline in bad-space,dumped/n5_rank_sensitivity_lipo_dora_r16_cmpnn_scaffold_seed0/run_0/model_0/model.pt,dumped/baseline_lipo_dora_scaffold_seed0/run_0/model_0/model.pt
cmpnn,lipo,dora,16,1,scaffold,rmse,regression,0.642188,0.613169,0.029019000000000017,positive = rank variant worse than r=8 baseline in bad-space,dumped/n5_rank_sensitivity_lipo_dora_r16_cmpnn_scaffold_seed1/run_0/model_0/model.pt,dumped/baseline_lipo_dora_scaffold_seed1/run_0/model_0/model.pt
cmpnn,lipo,dora,16,2,scaffold,rmse,regression,0.678713,0.665076,0.01363700000000001,positive = rank variant worse than r=8 baseline in bad-space,dumped/n5_rank_sensitivity_lipo_dora_r16_cmpnn_scaffold_seed2/run_0/model_0/model.pt,dumped/baseline_lipo_dora_scaffold_seed2/run_0/model_0/model.pt
cmpnn,bace,lora,4,0,scaffold,auc,classification,0.867603,0.852502,-0.015101000000000031,positive = rank variant worse than r=8 baseline in bad-space,dumped/n5_rank_sensitivity_bace_lora_r4_cmpnn_scaffold_seed0/run_0/model_0/model.pt,dumped/baseline_bace_lora_scaffold_seed0/run_0/model_0/model.pt
cmpnn,bace,lora,4,1,scaffold,auc,classification,0.920383,0.913937,-0.006445999999999952,positive = rank variant worse than r=8 baseline in bad-space,dumped/n5_rank_sensitivity_bace_lora_r4_cmpnn_scaffold_seed1/run_0/model_0/model.pt,dumped/baseline_bace_lora_scaffold_seed1/run_0/model_0/model.pt
cmpnn,bace,lora,4,2,scaffold,auc,classification,0.833922,0.831373,-0.0025490000000000235,positive = rank variant worse than r=8 baseline in bad-space,dumped/n5_rank_sensitivity_bace_lora_r4_cmpnn_scaffold_seed2/run_0/model_0/model.pt,dumped/baseline_bace_lora_scaffold_seed2/run_0/model_0/model.pt
cmpnn,bace,lora,16,0,scaffold,auc,classification,0.852502,0.852502,0.0,positive = rank variant worse than r=8 baseline in bad-space,dumped/n5_rank_sensitivity_bace_lora_r16_cmpnn_scaffold_seed0/run_0/model_0/model.pt,dumped/baseline_bace_lora_scaffold_seed0/run_0/model_0/model.pt
cmpnn,bace,lora,16,1,scaffold,auc,classification,0.897038,0.913937,0.016898999999999997,positive = rank variant worse than r=8 baseline in bad-space,dumped/n5_rank_sensitivity_bace_lora_r16_cmpnn_scaffold_seed1/run_0/model_0/model.pt,dumped/baseline_bace_lora_scaffold_seed1/run_0/model_0/model.pt
cmpnn,bace,lora,16,2,scaffold,auc,classification,0.836863,0.831373,-0.005489999999999995,positive = rank variant worse than r=8 baseline in bad-space,dumped/n5_rank_sensitivity_bace_lora_r16_cmpnn_scaffold_seed2/run_0/model_0/model.pt,dumped/baseline_bace_lora_scaffold_seed2/run_0/model_0/model.pt
cmpnn,bace,dora,4,0,scaffold,auc,classification,0.873047,0.853556,-0.019491000000000036,positive = rank variant worse than r=8 baseline in bad-space,dumped/n5_rank_sensitivity_bace_dora_r4_cmpnn_scaffold_seed0/run_0/model_0/model.pt,dumped/baseline_bace_dora_scaffold_seed0/run_0/model_0/model.pt
cmpnn,bace,dora,4,1,scaffold,auc,classification,0.900348,0.903136,0.0027880000000000127,positive = rank variant worse than r=8 baseline in bad-space,dumped/n5_rank_sensitivity_bace_dora_r4_cmpnn_scaffold_seed1/run_0/model_0/model.pt,dumped/baseline_bace_dora_scaffold_seed1/run_0/model_0/model.pt
cmpnn,bace,dora,4,2,scaffold,auc,classification,0.836863,0.847059,0.010195999999999983,positive = rank variant worse than r=8 baseline in bad-space,dumped/n5_rank_sensitivity_bace_dora_r4_cmpnn_scaffold_seed2/run_0/model_0/model.pt,dumped/baseline_bace_dora_scaffold_seed2/run_0/model_0/model.pt
cmpnn,bace,dora,16,0,scaffold,auc,classification,0.855663,0.853556,-0.00210699999999997,positive = rank variant worse than r=8 baseline in bad-space,dumped/n5_rank_sensitivity_bace_dora_r16_cmpnn_scaffold_seed0/run_0/model_0/model.pt,dumped/baseline_bace_dora_scaffold_seed0/run_0/model_0/model.pt
cmpnn,bace,dora,16,1,scaffold,auc,classification,0.896341,0.903136,0.0067949999999999955,positive = rank variant worse than r=8 baseline in bad-space,dumped/n5_rank_sensitivity_bace_dora_r16_cmpnn_scaffold_seed1/run_0/model_0/model.pt,dumped/baseline_bace_dora_scaffold_seed1/run_0/model_0/model.pt
cmpnn,bace,dora,16,2,scaffold,auc,classification,0.836471,0.847059,0.010588000000000042,positive = rank variant worse than r=8 baseline in bad-space,dumped/n5_rank_sensitivity_bace_dora_r16_cmpnn_scaffold_seed2/run_0/model_0/model.pt,dumped/baseline_bace_dora_scaffold_seed2/run_0/model_0/model.pt
cmpnn,bbbp,lora,4,0,scaffold,auc,classification,0.955291,0.958709,0.003418000000000032,positive = rank variant worse than r=8 baseline in bad-space,dumped/n5_rank_sensitivity_bbbp_lora_r4_cmpnn_scaffold_seed0/run_0/model_0/model.pt,dumped/baseline_bbbp_lora_scaffold_seed0/run_0/model_0/model.pt
cmpnn,bbbp,lora,4,1,scaffold,auc,classification,0.903091,0.913697,0.010606000000000004,positive = rank variant worse than r=8 baseline in bad-space,dumped/n5_rank_sensitivity_bbbp_lora_r4_cmpnn_scaffold_seed1/run_0/model_0/model.pt,dumped/baseline_bbbp_lora_scaffold_seed1/run_0/model_0/model.pt
cmpnn,bbbp,lora,4,2,scaffold,auc,classification,0.947338,0.943174,-0.0041640000000000565,positive = rank variant worse than r=8 baseline in bad-space,dumped/n5_rank_sensitivity_bbbp_lora_r4_cmpnn_scaffold_seed2/run_0/model_0/model.pt,dumped/baseline_bbbp_lora_scaffold_seed2/run_0/model_0/model.pt
cmpnn,bbbp,lora,16,0,scaffold,auc,classification,0.956385,0.958709,0.0023239999999999927,positive = rank variant worse than r=8 baseline in bad-space,dumped/n5_rank_sensitivity_bbbp_lora_r16_cmpnn_scaffold_seed0/run_0/model_0/model.pt,dumped/baseline_bbbp_lora_scaffold_seed0/run_0/model_0/model.pt
cmpnn,bbbp,lora,16,1,scaffold,auc,classification,0.920364,0.913697,-0.0066669999999999785,positive = rank variant worse than r=8 baseline in bad-space,dumped/n5_rank_sensitivity_bbbp_lora_r16_cmpnn_scaffold_seed1/run_0/model_0/model.pt,dumped/baseline_bbbp_lora_scaffold_seed1/run_0/model_0/model.pt
cmpnn,bbbp,lora,16,2,scaffold,auc,classification,0.939479,0.943174,0.003695000000000004,positive = rank variant worse than r=8 baseline in bad-space,dumped/n5_rank_sensitivity_bbbp_lora_r16_cmpnn_scaffold_seed2/run_0/model_0/model.pt,dumped/baseline_bbbp_lora_scaffold_seed2/run_0/model_0/model.pt
cmpnn,bbbp,dora,4,0,scaffold,auc,classification,0.953787,0.956385,0.002597999999999989,positive = rank variant worse than r=8 baseline in bad-space,dumped/n5_rank_sensitivity_bbbp_dora_r4_cmpnn_scaffold_seed0/run_0/model_0/model.pt,dumped/baseline_bbbp_dora_scaffold_seed0/run_0/model_0/model.pt
cmpnn,bbbp,dora,4,1,scaffold,auc,classification,0.914545,0.916727,0.0021819999999999062,positive = rank variant worse than r=8 baseline in bad-space,dumped/n5_rank_sensitivity_bbbp_dora_r4_cmpnn_scaffold_seed1/run_0/model_0/model.pt,dumped/baseline_bbbp_dora_scaffold_seed1/run_0/model_0/model.pt
cmpnn,bbbp,dora,4,2,scaffold,auc,classification,0.972555,0.93989,-0.032664999999999944,positive = rank variant worse than r=8 baseline in bad-space,dumped/n5_rank_sensitivity_bbbp_dora_r4_cmpnn_scaffold_seed2/run_0/model_0/model.pt,dumped/baseline_bbbp_dora_scaffold_seed2/run_0/model_0/model.pt
cmpnn,bbbp,dora,16,0,scaffold,auc,classification,0.951463,0.956385,0.004922000000000093,positive = rank variant worse than r=8 baseline in bad-space,dumped/n5_rank_sensitivity_bbbp_dora_r16_cmpnn_scaffold_seed0/run_0/model_0/model.pt,dumped/baseline_bbbp_dora_scaffold_seed0/run_0/model_0/model.pt
cmpnn,bbbp,dora,16,1,scaffold,auc,classification,0.924121,0.916727,-0.007394000000000012,positive = rank variant worse than r=8 baseline in bad-space,dumped/n5_rank_sensitivity_bbbp_dora_r16_cmpnn_scaffold_seed1/run_0/model_0/model.pt,dumped/baseline_bbbp_dora_scaffold_seed1/run_0/model_0/model.pt
cmpnn,bbbp,dora,16,2,scaffold,auc,classification,0.953437,0.93989,-0.013546999999999976,positive = rank variant worse than r=8 baseline in bad-space,dumped/n5_rank_sensitivity_bbbp_dora_r16_cmpnn_scaffold_seed2/run_0/model_0/model.pt,dumped/baseline_bbbp_dora_scaffold_seed2/run_0/model_0/model.pt
cmpnn,sider,lora,4,0,scaffold,auc,classification,0.626928,0.562181,-0.064747,positive = rank variant worse than r=8 baseline in bad-space,dumped/n5_rank_sensitivity_sider_lora_r4_cmpnn_scaffold_seed0/run_0/model_0/model.pt,dumped/baseline_sider_lora_scaffold_seed0/run_0/model_0/model.pt
cmpnn,sider,lora,4,1,scaffold,auc,classification,0.612613,0.619716,0.0071030000000000815,positive = rank variant worse than r=8 baseline in bad-space,dumped/n5_rank_sensitivity_sider_lora_r4_cmpnn_scaffold_seed1/run_0/model_0/model.pt,dumped/baseline_sider_lora_scaffold_seed1/run_0/model_0/model.pt
cmpnn,sider,lora,4,2,scaffold,auc,classification,0.575125,0.594403,0.019278000000000017,positive = rank variant worse than r=8 baseline in bad-space,dumped/n5_rank_sensitivity_sider_lora_r4_cmpnn_scaffold_seed2/run_0/model_0/model.pt,dumped/baseline_sider_lora_scaffold_seed2/run_0/model_0/model.pt
cmpnn,sider,lora,16,0,scaffold,auc,classification,0.625144,0.562181,-0.06296299999999999,positive = rank variant worse than r=8 baseline in bad-space,dumped/n5_rank_sensitivity_sider_lora_r16_cmpnn_scaffold_seed0/run_0/model_0/model.pt,dumped/baseline_sider_lora_scaffold_seed0/run_0/model_0/model.pt
cmpnn,sider,lora,16,1,scaffold,auc,classification,0.591504,0.619716,0.028212000000000015,positive = rank variant worse than r=8 baseline in bad-space,dumped/n5_rank_sensitivity_sider_lora_r16_cmpnn_scaffold_seed1/run_0/model_0/model.pt,dumped/baseline_sider_lora_scaffold_seed1/run_0/model_0/model.pt
cmpnn,sider,lora,16,2,scaffold,auc,classification,0.597068,0.594403,-0.0026650000000000285,positive = rank variant worse than r=8 baseline in bad-space,dumped/n5_rank_sensitivity_sider_lora_r16_cmpnn_scaffold_seed2/run_0/model_0/model.pt,dumped/baseline_sider_lora_scaffold_seed2/run_0/model_0/model.pt
cmpnn,sider,dora,4,0,scaffold,auc,classification,0.61593,0.608458,-0.007471999999999923,positive = rank variant worse than r=8 baseline in bad-space,dumped/n5_rank_sensitivity_sider_dora_r4_cmpnn_scaffold_seed0/run_0/model_0/model.pt,dumped/baseline_sider_dora_scaffold_seed0/run_0/model_0/model.pt
cmpnn,sider,dora,4,1,scaffold,auc,classification,0.605326,0.613473,0.008147000000000015,positive = rank variant worse than r=8 baseline in bad-space,dumped/n5_rank_sensitivity_sider_dora_r4_cmpnn_scaffold_seed1/run_0/model_0/model.pt,dumped/baseline_sider_dora_scaffold_seed1/run_0/model_0/model.pt
cmpnn,sider,dora,4,2,scaffold,auc,classification,0.569548,0.587158,0.017609999999999904,positive = rank variant worse than r=8 baseline in bad-space,dumped/n5_rank_sensitivity_sider_dora_r4_cmpnn_scaffold_seed2/run_0/model_0/model.pt,dumped/baseline_sider_dora_scaffold_seed2/run_0/model_0/model.pt
cmpnn,sider,dora,16,0,scaffold,auc,classification,0.603525,0.608458,0.004933000000000076,positive = rank variant worse than r=8 baseline in bad-space,dumped/n5_rank_sensitivity_sider_dora_r16_cmpnn_scaffold_seed0/run_0/model_0/model.pt,dumped/baseline_sider_dora_scaffold_seed0/run_0/model_0/model.pt
cmpnn,sider,dora,16,1,scaffold,auc,classification,0.612784,0.613473,0.0006890000000000507,positive = rank variant worse than r=8 baseline in bad-space,dumped/n5_rank_sensitivity_sider_dora_r16_cmpnn_scaffold_seed1/run_0/model_0/model.pt,dumped/baseline_sider_dora_scaffold_seed1/run_0/model_0/model.pt
cmpnn,sider,dora,16,2,scaffold,auc,classification,0.604884,0.587158,-0.01772600000000002,positive = rank variant worse than r=8 baseline in bad-space,dumped/n5_rank_sensitivity_sider_dora_r16_cmpnn_scaffold_seed2/run_0/model_0/model.pt,dumped/baseline_sider_dora_scaffold_seed2/run_0/model_0/model.pt
chemberta2,freesolv,lora,4,0,scaffold,rmse,regression,2.2398055446893688,2.1771432116972695,0.06266233299209922,positive = rank variant worse than r=8 baseline in bad-space,dumped/n5_rank_sensitivity_freesolv_lora_r4_chemberta2_scaffold_seed0/model.pt,dumped/baseline_freesolv_lora_chemberta2_scaffold_seed0/model.pt
chemberta2,freesolv,lora,4,1,scaffold,rmse,regression,2.330527992019863,2.5534737879847706,-0.2229457959649075,positive = rank variant worse than r=8 baseline in bad-space,dumped/n5_rank_sensitivity_freesolv_lora_r4_chemberta2_scaffold_seed1/model.pt,dumped/baseline_freesolv_lora_chemberta2_scaffold_seed1/model.pt
chemberta2,freesolv,lora,4,2,scaffold,rmse,regression,2.092204420207906,2.257611117242196,-0.16540669703429023,positive = rank variant worse than r=8 baseline in bad-space,dumped/n5_rank_sensitivity_freesolv_lora_r4_chemberta2_scaffold_seed2/model.pt,dumped/baseline_freesolv_lora_chemberta2_scaffold_seed2/model.pt
chemberta2,freesolv,lora,16,0,scaffold,rmse,regression,2.4066038986150384,2.1771432116972695,0.22946068691776889,positive = rank variant worse than r=8 baseline in bad-space,dumped/n5_rank_sensitivity_freesolv_lora_r16_chemberta2_scaffold_seed0/model.pt,dumped/baseline_freesolv_lora_chemberta2_scaffold_seed0/model.pt
chemberta2,freesolv,lora,16,1,scaffold,rmse,regression,2.5641362618408388,2.5534737879847706,0.010662473856068111,positive = rank variant worse than r=8 baseline in bad-space,dumped/n5_rank_sensitivity_freesolv_lora_r16_chemberta2_scaffold_seed1/model.pt,dumped/baseline_freesolv_lora_chemberta2_scaffold_seed1/model.pt
chemberta2,freesolv,lora,16,2,scaffold,rmse,regression,1.723370324050803,2.257611117242196,-0.5342407931913933,positive = rank variant worse than r=8 baseline in bad-space,dumped/n5_rank_sensitivity_freesolv_lora_r16_chemberta2_scaffold_seed2/model.pt,dumped/baseline_freesolv_lora_chemberta2_scaffold_seed2/model.pt
chemberta2,freesolv,dora,4,0,scaffold,rmse,regression,2.239729966678777,2.179350030404293,0.0603799362744839,positive = rank variant worse than r=8 baseline in bad-space,dumped/n5_rank_sensitivity_freesolv_dora_r4_chemberta2_scaffold_seed0/model.pt,dumped/baseline_freesolv_dora_chemberta2_scaffold_seed0/model.pt
chemberta2,freesolv,dora,4,1,scaffold,rmse,regression,2.3115569588890152,2.546954007473736,-0.23539704858472055,positive = rank variant worse than r=8 baseline in bad-space,dumped/n5_rank_sensitivity_freesolv_dora_r4_chemberta2_scaffold_seed1/model.pt,dumped/baseline_freesolv_dora_chemberta2_scaffold_seed1/model.pt
chemberta2,freesolv,dora,4,2,scaffold,rmse,regression,2.091981852925003,2.2555224146337007,-0.16354056170869757,positive = rank variant worse than r=8 baseline in bad-space,dumped/n5_rank_sensitivity_freesolv_dora_r4_chemberta2_scaffold_seed2/model.pt,dumped/baseline_freesolv_dora_chemberta2_scaffold_seed2/model.pt
chemberta2,freesolv,dora,16,0,scaffold,rmse,regression,2.416947600598848,2.179350030404293,0.23759757019455474,positive = rank variant worse than r=8 baseline in bad-space,dumped/n5_rank_sensitivity_freesolv_dora_r16_chemberta2_scaffold_seed0/model.pt,dumped/baseline_freesolv_dora_chemberta2_scaffold_seed0/model.pt
chemberta2,freesolv,dora,16,1,scaffold,rmse,regression,2.587438602916936,2.546954007473736,0.040484595443200266,positive = rank variant worse than r=8 baseline in bad-space,dumped/n5_rank_sensitivity_freesolv_dora_r16_chemberta2_scaffold_seed1/model.pt,dumped/baseline_freesolv_dora_chemberta2_scaffold_seed1/model.pt
chemberta2,freesolv,dora,16,2,scaffold,rmse,regression,1.7317082290997556,2.2555224146337007,-0.5238141855339451,positive = rank variant worse than r=8 baseline in bad-space,dumped/n5_rank_sensitivity_freesolv_dora_r16_chemberta2_scaffold_seed2/model.pt,dumped/baseline_freesolv_dora_chemberta2_scaffold_seed2/model.pt
chemberta2,esol,lora,4,0,scaffold,rmse,regression,0.7636245361641434,0.7722132076984445,-0.008588671534301096,positive = rank variant worse than r=8 baseline in bad-space,dumped/n5_rank_sensitivity_esol_lora_r4_chemberta2_scaffold_seed0/model.pt,dumped/baseline_esol_lora_chemberta2_scaffold_seed0/model.pt
chemberta2,esol,lora,4,1,scaffold,rmse,regression,0.9938137513830493,0.9119242576279227,0.08188949375512655,positive = rank variant worse than r=8 baseline in bad-space,dumped/n5_rank_sensitivity_esol_lora_r4_chemberta2_scaffold_seed1/model.pt,dumped/baseline_esol_lora_chemberta2_scaffold_seed1/model.pt
chemberta2,esol,lora,4,2,scaffold,rmse,regression,1.070043711081411,1.06847809126746,0.0015656198139508692,positive = rank variant worse than r=8 baseline in bad-space,dumped/n5_rank_sensitivity_esol_lora_r4_chemberta2_scaffold_seed2/model.pt,dumped/baseline_esol_lora_chemberta2_scaffold_seed2/model.pt
chemberta2,esol,lora,16,0,scaffold,rmse,regression,0.818995481192171,0.7722132076984445,0.046782273493726545,positive = rank variant worse than r=8 baseline in bad-space,dumped/n5_rank_sensitivity_esol_lora_r16_chemberta2_scaffold_seed0/model.pt,dumped/baseline_esol_lora_chemberta2_scaffold_seed0/model.pt
chemberta2,esol,lora,16,1,scaffold,rmse,regression,0.9921653624941008,0.9119242576279227,0.08024110486617808,positive = rank variant worse than r=8 baseline in bad-space,dumped/n5_rank_sensitivity_esol_lora_r16_chemberta2_scaffold_seed1/model.pt,dumped/baseline_esol_lora_chemberta2_scaffold_seed1/model.pt
chemberta2,esol,lora,16,2,scaffold,rmse,regression,1.0386082509593675,1.06847809126746,-0.029869840308092588,positive = rank variant worse than r=8 baseline in bad-space,dumped/n5_rank_sensitivity_esol_lora_r16_chemberta2_scaffold_seed2/model.pt,dumped/baseline_esol_lora_chemberta2_scaffold_seed2/model.pt
chemberta2,esol,dora,4,0,scaffold,rmse,regression,0.7676924991570674,0.7737233568081575,-0.006030857651090127,positive = rank variant worse than r=8 baseline in bad-space,dumped/n5_rank_sensitivity_esol_dora_r4_chemberta2_scaffold_seed0/model.pt,dumped/baseline_esol_dora_chemberta2_scaffold_seed0/model.pt
chemberta2,esol,dora,4,1,scaffold,rmse,regression,0.9929991878763587,0.9920034162708646,0.0009957716054940224,positive = rank variant worse than r=8 baseline in bad-space,dumped/n5_rank_sensitivity_esol_dora_r4_chemberta2_scaffold_seed1/model.pt,dumped/baseline_esol_dora_chemberta2_scaffold_seed1/model.pt
chemberta2,esol,dora,4,2,scaffold,rmse,regression,1.0671013882524771,1.0677147965894633,-0.0006134083369861987,positive = rank variant worse than r=8 baseline in bad-space,dumped/n5_rank_sensitivity_esol_dora_r4_chemberta2_scaffold_seed2/model.pt,dumped/baseline_esol_dora_chemberta2_scaffold_seed2/model.pt
chemberta2,esol,dora,16,0,scaffold,rmse,regression,0.8230851680934327,0.7737233568081575,0.04936181128527517,positive = rank variant worse than r=8 baseline in bad-space,dumped/n5_rank_sensitivity_esol_dora_r16_chemberta2_scaffold_seed0/model.pt,dumped/baseline_esol_dora_chemberta2_scaffold_seed0/model.pt
chemberta2,esol,dora,16,1,scaffold,rmse,regression,0.9903212289133574,0.9920034162708646,-0.0016821873575072477,positive = rank variant worse than r=8 baseline in bad-space,dumped/n5_rank_sensitivity_esol_dora_r16_chemberta2_scaffold_seed1/model.pt,dumped/baseline_esol_dora_chemberta2_scaffold_seed1/model.pt
chemberta2,esol,dora,16,2,scaffold,rmse,regression,1.0355671193184854,1.0677147965894633,-0.03214767727097789,positive = rank variant worse than r=8 baseline in bad-space,dumped/n5_rank_sensitivity_esol_dora_r16_chemberta2_scaffold_seed2/model.pt,dumped/baseline_esol_dora_chemberta2_scaffold_seed2/model.pt
chemberta2,lipo,lora,4,0,scaffold,rmse,regression,0.7292447774920436,0.7156973573177254,0.013547420174318203,positive = rank variant worse than r=8 baseline in bad-space,dumped/n5_rank_sensitivity_lipo_lora_r4_chemberta2_scaffold_seed0/model.pt,dumped/baseline_lipo_lora_chemberta2_scaffold_seed0/model.pt
chemberta2,lipo,lora,4,1,scaffold,rmse,regression,0.7235142743298135,0.7192317757762267,0.0042824985535868665,positive = rank variant worse than r=8 baseline in bad-space,dumped/n5_rank_sensitivity_lipo_lora_r4_chemberta2_scaffold_seed1/model.pt,dumped/baseline_lipo_lora_chemberta2_scaffold_seed1/model.pt
chemberta2,lipo,lora,4,2,scaffold,rmse,regression,0.8127479908360101,0.7994629592163899,0.013285031619620247,positive = rank variant worse than r=8 baseline in bad-space,dumped/n5_rank_sensitivity_lipo_lora_r4_chemberta2_scaffold_seed2/model.pt,dumped/baseline_lipo_lora_chemberta2_scaffold_seed2/model.pt
chemberta2,lipo,lora,16,0,scaffold,rmse,regression,0.7099540531711441,0.7156973573177254,-0.005743304146581307,positive = rank variant worse than r=8 baseline in bad-space,dumped/n5_rank_sensitivity_lipo_lora_r16_chemberta2_scaffold_seed0/model.pt,dumped/baseline_lipo_lora_chemberta2_scaffold_seed0/model.pt
chemberta2,lipo,lora,16,1,scaffold,rmse,regression,0.732231542652255,0.7192317757762267,0.01299976687602833,positive = rank variant worse than r=8 baseline in bad-space,dumped/n5_rank_sensitivity_lipo_lora_r16_chemberta2_scaffold_seed1/model.pt,dumped/baseline_lipo_lora_chemberta2_scaffold_seed1/model.pt
chemberta2,lipo,lora,16,2,scaffold,rmse,regression,0.7770168441336084,0.7994629592163899,-0.022446115082781493,positive = rank variant worse than r=8 baseline in bad-space,dumped/n5_rank_sensitivity_lipo_lora_r16_chemberta2_scaffold_seed2/model.pt,dumped/baseline_lipo_lora_chemberta2_scaffold_seed2/model.pt
chemberta2,lipo,dora,4,0,scaffold,rmse,regression,0.7201577787906561,0.7091729199783385,0.010984858812317588,positive = rank variant worse than r=8 baseline in bad-space,dumped/n5_rank_sensitivity_lipo_dora_r4_chemberta2_scaffold_seed0/model.pt,dumped/baseline_lipo_dora_chemberta2_scaffold_seed0/model.pt
chemberta2,lipo,dora,4,1,scaffold,rmse,regression,0.7256997841897649,0.7117309753506946,0.013968808839070257,positive = rank variant worse than r=8 baseline in bad-space,dumped/n5_rank_sensitivity_lipo_dora_r4_chemberta2_scaffold_seed1/model.pt,dumped/baseline_lipo_dora_chemberta2_scaffold_seed1/model.pt
chemberta2,lipo,dora,4,2,scaffold,rmse,regression,0.8121059636002633,0.7943009709544985,0.01780499264576485,positive = rank variant worse than r=8 baseline in bad-space,dumped/n5_rank_sensitivity_lipo_dora_r4_chemberta2_scaffold_seed2/model.pt,dumped/baseline_lipo_dora_chemberta2_scaffold_seed2/model.pt
chemberta2,lipo,dora,16,0,scaffold,rmse,regression,0.6981830491851323,0.7091729199783385,-0.010989870793206236,positive = rank variant worse than r=8 baseline in bad-space,dumped/n5_rank_sensitivity_lipo_dora_r16_chemberta2_scaffold_seed0/model.pt,dumped/baseline_lipo_dora_chemberta2_scaffold_seed0/model.pt
chemberta2,lipo,dora,16,1,scaffold,rmse,regression,0.7275696613610453,0.7117309753506946,0.015838686010350655,positive = rank variant worse than r=8 baseline in bad-space,dumped/n5_rank_sensitivity_lipo_dora_r16_chemberta2_scaffold_seed1/model.pt,dumped/baseline_lipo_dora_chemberta2_scaffold_seed1/model.pt
chemberta2,lipo,dora,16,2,scaffold,rmse,regression,0.7845378357155571,0.7943009709544985,-0.009763135238941345,positive = rank variant worse than r=8 baseline in bad-space,dumped/n5_rank_sensitivity_lipo_dora_r16_chemberta2_scaffold_seed2/model.pt,dumped/baseline_lipo_dora_chemberta2_scaffold_seed2/model.pt
chemberta2,bace,lora,4,0,scaffold,auc,classification,0.8414398595259,0.8237050043898156,-0.017734855136084304,positive = rank variant worse than r=8 baseline in bad-space,dumped/n5_rank_sensitivity_bace_lora_r4_chemberta2_scaffold_seed0/model.pt,dumped/baseline_bace_lora_chemberta2_scaffold_seed0/model.pt
chemberta2,bace,lora,4,1,scaffold,auc,classification,0.8972996515679442,0.8631533101045297,-0.03414634146341455,positive = rank variant worse than r=8 baseline in bad-space,dumped/n5_rank_sensitivity_bace_lora_r4_chemberta2_scaffold_seed1/model.pt,dumped/baseline_bace_lora_chemberta2_scaffold_seed1/model.pt
chemberta2,bace,lora,4,2,scaffold,auc,classification,0.7216666666666667,0.7626470588235295,0.04098039215686278,positive = rank variant worse than r=8 baseline in bad-space,dumped/n5_rank_sensitivity_bace_lora_r4_chemberta2_scaffold_seed2/model.pt,dumped/baseline_bace_lora_chemberta2_scaffold_seed2/model.pt
chemberta2,bace,lora,16,0,scaffold,auc,classification,0.8377524143985953,0.8237050043898156,-0.014047410008779626,positive = rank variant worse than r=8 baseline in bad-space,dumped/n5_rank_sensitivity_bace_lora_r16_chemberta2_scaffold_seed0/model.pt,dumped/baseline_bace_lora_chemberta2_scaffold_seed0/model.pt
chemberta2,bace,lora,16,1,scaffold,auc,classification,0.8525261324041812,0.8631533101045297,0.010627177700348489,positive = rank variant worse than r=8 baseline in bad-space,dumped/n5_rank_sensitivity_bace_lora_r16_chemberta2_scaffold_seed1/model.pt,dumped/baseline_bace_lora_chemberta2_scaffold_seed1/model.pt
chemberta2,bace,lora,16,2,scaffold,auc,classification,0.8083333333333333,0.7626470588235295,-0.04568627450980389,positive = rank variant worse than r=8 baseline in bad-space,dumped/n5_rank_sensitivity_bace_lora_r16_chemberta2_scaffold_seed2/model.pt,dumped/baseline_bace_lora_chemberta2_scaffold_seed2/model.pt
chemberta2,bace,dora,4,0,scaffold,auc,classification,0.8410886742756805,0.8254609306409131,-0.015627743634767377,positive = rank variant worse than r=8 baseline in bad-space,dumped/n5_rank_sensitivity_bace_dora_r4_chemberta2_scaffold_seed0/model.pt,dumped/baseline_bace_dora_chemberta2_scaffold_seed0/model.pt
chemberta2,bace,dora,4,1,scaffold,auc,classification,0.8960801393728223,0.8633275261324042,-0.032752613240418116,positive = rank variant worse than r=8 baseline in bad-space,dumped/n5_rank_sensitivity_bace_dora_r4_chemberta2_scaffold_seed1/model.pt,dumped/baseline_bace_dora_chemberta2_scaffold_seed1/model.pt
chemberta2,bace,dora,4,2,scaffold,auc,classification,0.7222549019607843,0.7640196078431373,0.041764705882352926,positive = rank variant worse than r=8 baseline in bad-space,dumped/n5_rank_sensitivity_bace_dora_r4_chemberta2_scaffold_seed2/model.pt,dumped/baseline_bace_dora_chemberta2_scaffold_seed2/model.pt
chemberta2,bace,dora,16,0,scaffold,auc,classification,0.840035118525022,0.8254609306409131,-0.014574187884108913,positive = rank variant worse than r=8 baseline in bad-space,dumped/n5_rank_sensitivity_bace_dora_r16_chemberta2_scaffold_seed0/model.pt,dumped/baseline_bace_dora_chemberta2_scaffold_seed0/model.pt
chemberta2,bace,dora,16,1,scaffold,auc,classification,0.8518292682926829,0.8633275261324042,0.011498257839721249,positive = rank variant worse than r=8 baseline in bad-space,dumped/n5_rank_sensitivity_bace_dora_r16_chemberta2_scaffold_seed1/model.pt,dumped/baseline_bace_dora_chemberta2_scaffold_seed1/model.pt
chemberta2,bace,dora,16,2,scaffold,auc,classification,0.8065686274509803,0.7640196078431373,-0.042549019607843075,positive = rank variant worse than r=8 baseline in bad-space,dumped/n5_rank_sensitivity_bace_dora_r16_chemberta2_scaffold_seed2/model.pt,dumped/baseline_bace_dora_chemberta2_scaffold_seed2/model.pt
chemberta2,bbbp,lora,4,0,scaffold,auc,classification,0.9562482909488652,0.9604867377631938,0.004238446814328611,positive = rank variant worse than r=8 baseline in bad-space,dumped/n5_rank_sensitivity_bbbp_lora_r4_chemberta2_scaffold_seed0/model.pt,dumped/baseline_bbbp_lora_chemberta2_scaffold_seed0/model.pt
chemberta2,bbbp,lora,4,1,scaffold,auc,classification,0.9616969696969697,0.9585454545454546,-0.0031515151515151274,positive = rank variant worse than r=8 baseline in bad-space,dumped/n5_rank_sensitivity_bbbp_lora_r4_chemberta2_scaffold_seed1/model.pt,dumped/baseline_bbbp_lora_chemberta2_scaffold_seed1/model.pt
chemberta2,bbbp,lora,4,2,scaffold,auc,classification,0.9851043865822191,0.9812338728594886,-0.0038705137227305064,positive = rank variant worse than r=8 baseline in bad-space,dumped/n5_rank_sensitivity_bbbp_lora_r4_chemberta2_scaffold_seed2/model.pt,dumped/baseline_bbbp_lora_chemberta2_scaffold_seed2/model.pt
chemberta2,bbbp,lora,16,0,scaffold,auc,classification,0.9588460486737763,0.9604867377631938,0.001640689089417502,positive = rank variant worse than r=8 baseline in bad-space,dumped/n5_rank_sensitivity_bbbp_lora_r16_chemberta2_scaffold_seed0/model.pt,dumped/baseline_bbbp_lora_chemberta2_scaffold_seed0/model.pt
chemberta2,bbbp,lora,16,1,scaffold,auc,classification,0.959030303030303,0.9585454545454546,-0.00048484848484842136,positive = rank variant worse than r=8 baseline in bad-space,dumped/n5_rank_sensitivity_bbbp_lora_r16_chemberta2_scaffold_seed1/model.pt,dumped/baseline_bbbp_lora_chemberta2_scaffold_seed1/model.pt
chemberta2,bbbp,lora,16,2,scaffold,auc,classification,0.9852216748768473,0.9812338728594886,-0.00398780201735871,positive = rank variant worse than r=8 baseline in bad-space,dumped/n5_rank_sensitivity_bbbp_lora_r16_chemberta2_scaffold_seed2/model.pt,dumped/baseline_bbbp_lora_chemberta2_scaffold_seed2/model.pt
chemberta2,bbbp,dora,4,0,scaffold,auc,classification,0.9566584632212196,0.9606234618539786,0.003964998632759009,positive = rank variant worse than r=8 baseline in bad-space,dumped/n5_rank_sensitivity_bbbp_dora_r4_chemberta2_scaffold_seed0/model.pt,dumped/baseline_bbbp_dora_chemberta2_scaffold_seed0/model.pt
chemberta2,bbbp,dora,4,1,scaffold,auc,classification,0.9618181818181818,0.9586666666666667,-0.0031515151515151274,positive = rank variant worse than r=8 baseline in bad-space,dumped/n5_rank_sensitivity_bbbp_dora_r4_chemberta2_scaffold_seed1/model.pt,dumped/baseline_bbbp_dora_chemberta2_scaffold_seed1/model.pt
chemberta2,bbbp,dora,4,2,scaffold,auc,classification,0.9852216748768473,0.981468449448745,-0.0037532254281023025,positive = rank variant worse than r=8 baseline in bad-space,dumped/n5_rank_sensitivity_bbbp_dora_r4_chemberta2_scaffold_seed2/model.pt,dumped/baseline_bbbp_dora_chemberta2_scaffold_seed2/model.pt
chemberta2,bbbp,dora,16,0,scaffold,auc,classification,0.9588460486737763,0.9606234618539786,0.001777413180202303,positive = rank variant worse than r=8 baseline in bad-space,dumped/n5_rank_sensitivity_bbbp_dora_r16_chemberta2_scaffold_seed0/model.pt,dumped/baseline_bbbp_dora_chemberta2_scaffold_seed0/model.pt
chemberta2,bbbp,dora,16,1,scaffold,auc,classification,0.959030303030303,0.9586666666666667,-0.0003636363636363438,positive = rank variant worse than r=8 baseline in bad-space,dumped/n5_rank_sensitivity_bbbp_dora_r16_chemberta2_scaffold_seed1/model.pt,dumped/baseline_bbbp_dora_chemberta2_scaffold_seed1/model.pt
chemberta2,bbbp,dora,16,2,scaffold,auc,classification,0.9851043865822191,0.981468449448745,-0.0036359371334740986,positive = rank variant worse than r=8 baseline in bad-space,dumped/n5_rank_sensitivity_bbbp_dora_r16_chemberta2_scaffold_seed2/model.pt,dumped/baseline_bbbp_dora_chemberta2_scaffold_seed2/model.pt
chemberta2,sider,lora,4,0,scaffold,mean_auc,classification,0.5164110371345005,0.4950535062294517,-0.021357530905048827,positive = rank variant worse than r=8 baseline in bad-space,dumped/n5_rank_sensitivity_sider_lora_r4_chemberta2_scaffold_seed0/model.pt,dumped/baseline_sider_lora_chemberta2_scaffold_seed0/model.pt
chemberta2,sider,lora,4,1,scaffold,mean_auc,classification,0.5958252765019153,0.6018222815705173,0.005997005068602013,positive = rank variant worse than r=8 baseline in bad-space,dumped/n5_rank_sensitivity_sider_lora_r4_chemberta2_scaffold_seed1/model.pt,dumped/baseline_sider_lora_chemberta2_scaffold_seed1/model.pt
chemberta2,sider,lora,4,2,scaffold,mean_auc,classification,0.5227595067573229,0.5573064263023907,0.03454691954506783,positive = rank variant worse than r=8 baseline in bad-space,dumped/n5_rank_sensitivity_sider_lora_r4_chemberta2_scaffold_seed2/model.pt,dumped/baseline_sider_lora_chemberta2_scaffold_seed2/model.pt
chemberta2,sider,lora,16,0,scaffold,mean_auc,classification,0.5359790674898701,0.4950535062294517,-0.04092556126041841,positive = rank variant worse than r=8 baseline in bad-space,dumped/n5_rank_sensitivity_sider_lora_r16_chemberta2_scaffold_seed0/model.pt,dumped/baseline_sider_lora_chemberta2_scaffold_seed0/model.pt
chemberta2,sider,lora,16,1,scaffold,mean_auc,classification,0.559781059846662,0.6018222815705173,0.04204122172385527,positive = rank variant worse than r=8 baseline in bad-space,dumped/n5_rank_sensitivity_sider_lora_r16_chemberta2_scaffold_seed1/model.pt,dumped/baseline_sider_lora_chemberta2_scaffold_seed1/model.pt
chemberta2,sider,lora,16,2,scaffold,mean_auc,classification,0.5652411231243287,0.5573064263023907,-0.007934696821938036,positive = rank variant worse than r=8 baseline in bad-space,dumped/n5_rank_sensitivity_sider_lora_r16_chemberta2_scaffold_seed2/model.pt,dumped/baseline_sider_lora_chemberta2_scaffold_seed2/model.pt
chemberta2,sider,dora,4,0,scaffold,mean_auc,classification,0.5179793473590847,0.4953334821618785,-0.022645865197206183,positive = rank variant worse than r=8 baseline in bad-space,dumped/n5_rank_sensitivity_sider_dora_r4_chemberta2_scaffold_seed0/model.pt,dumped/baseline_sider_dora_chemberta2_scaffold_seed0/model.pt
chemberta2,sider,dora,4,1,scaffold,mean_auc,classification,0.5876353082101691,0.5746667869650818,-0.012968521245087294,positive = rank variant worse than r=8 baseline in bad-space,dumped/n5_rank_sensitivity_sider_dora_r4_chemberta2_scaffold_seed1/model.pt,dumped/baseline_sider_dora_chemberta2_scaffold_seed1/model.pt
chemberta2,sider,dora,4,2,scaffold,mean_auc,classification,0.5235241951948733,0.5574993870667913,0.033975191871918,positive = rank variant worse than r=8 baseline in bad-space,dumped/n5_rank_sensitivity_sider_dora_r4_chemberta2_scaffold_seed2/model.pt,dumped/baseline_sider_dora_chemberta2_scaffold_seed2/model.pt
chemberta2,sider,dora,16,0,scaffold,mean_auc,classification,0.5346161513003447,0.4953334821618785,-0.039282669138466175,positive = rank variant worse than r=8 baseline in bad-space,dumped/n5_rank_sensitivity_sider_dora_r16_chemberta2_scaffold_seed0/model.pt,dumped/baseline_sider_dora_chemberta2_scaffold_seed0/model.pt
chemberta2,sider,dora,16,1,scaffold,mean_auc,classification,0.5600217681331834,0.5746667869650818,0.014645018831898393,positive = rank variant worse than r=8 baseline in bad-space,dumped/n5_rank_sensitivity_sider_dora_r16_chemberta2_scaffold_seed1/model.pt,dumped/baseline_sider_dora_chemberta2_scaffold_seed1/model.pt
chemberta2,sider,dora,16,2,scaffold,mean_auc,classification,0.5668091953118425,0.5574993870667913,-0.009309808245051232,positive = rank variant worse than r=8 baseline in bad-space,dumped/n5_rank_sensitivity_sider_dora_r16_chemberta2_scaffold_seed2/model.pt,dumped/baseline_sider_dora_chemberta2_scaffold_seed2/model.pt
molformer_c3,freesolv,lora,4,0,scaffold,rmse,regression,1.8375060178697096,1.6782125695252592,0.15929344834445036,positive = rank variant worse than r=8 baseline in bad-space,dumped/n5_rank_sensitivity_freesolv_lora_r4_molformer_c3_scaffold_seed0/model.pt,dumped/baseline_freesolv_lora_molformer_c3_scaffold_seed0/model.pt
molformer_c3,freesolv,lora,4,1,scaffold,rmse,regression,3.0320793668983024,3.048959498290654,-0.01688013139235167,positive = rank variant worse than r=8 baseline in bad-space,dumped/n5_rank_sensitivity_freesolv_lora_r4_molformer_c3_scaffold_seed1/model.pt,dumped/baseline_freesolv_lora_molformer_c3_scaffold_seed1/model.pt
molformer_c3,freesolv,lora,4,2,scaffold,rmse,regression,1.4596251442848651,1.7749547979482525,-0.3153296536633874,positive = rank variant worse than r=8 baseline in bad-space,dumped/n5_rank_sensitivity_freesolv_lora_r4_molformer_c3_scaffold_seed2/model.pt,dumped/baseline_freesolv_lora_molformer_c3_scaffold_seed2/model.pt
molformer_c3,freesolv,lora,16,0,scaffold,rmse,regression,1.80193492153325,1.6782125695252592,0.12372235200799087,positive = rank variant worse than r=8 baseline in bad-space,dumped/n5_rank_sensitivity_freesolv_lora_r16_molformer_c3_scaffold_seed0/model.pt,dumped/baseline_freesolv_lora_molformer_c3_scaffold_seed0/model.pt
molformer_c3,freesolv,lora,16,1,scaffold,rmse,regression,2.9551218537639463,3.048959498290654,-0.09383764452670773,positive = rank variant worse than r=8 baseline in bad-space,dumped/n5_rank_sensitivity_freesolv_lora_r16_molformer_c3_scaffold_seed1/model.pt,dumped/baseline_freesolv_lora_molformer_c3_scaffold_seed1/model.pt
molformer_c3,freesolv,lora,16,2,scaffold,rmse,regression,1.3868791944071608,1.7749547979482525,-0.3880756035410917,positive = rank variant worse than r=8 baseline in bad-space,dumped/n5_rank_sensitivity_freesolv_lora_r16_molformer_c3_scaffold_seed2/model.pt,dumped/baseline_freesolv_lora_molformer_c3_scaffold_seed2/model.pt
molformer_c3,freesolv,dora,4,0,scaffold,rmse,regression,1.9817449005742764,1.9376164678207706,0.044128432753505864,positive = rank variant worse than r=8 baseline in bad-space,dumped/n5_rank_sensitivity_freesolv_dora_r4_molformer_c3_scaffold_seed0/model.pt,dumped/baseline_freesolv_dora_molformer_c3_scaffold_seed0/model.pt
molformer_c3,freesolv,dora,4,1,scaffold,rmse,regression,2.952826590825862,3.185688326728035,-0.23286173590217318,positive = rank variant worse than r=8 baseline in bad-space,dumped/n5_rank_sensitivity_freesolv_dora_r4_molformer_c3_scaffold_seed1/model.pt,dumped/baseline_freesolv_dora_molformer_c3_scaffold_seed1/model.pt
molformer_c3,freesolv,dora,4,2,scaffold,rmse,regression,1.303123816254076,1.5082239567983509,-0.20510014054427494,positive = rank variant worse than r=8 baseline in bad-space,dumped/n5_rank_sensitivity_freesolv_dora_r4_molformer_c3_scaffold_seed2/model.pt,dumped/baseline_freesolv_dora_molformer_c3_scaffold_seed2/model.pt
molformer_c3,freesolv,dora,16,0,scaffold,rmse,regression,1.8632852166411527,1.9376164678207706,-0.07433125117961792,positive = rank variant worse than r=8 baseline in bad-space,dumped/n5_rank_sensitivity_freesolv_dora_r16_molformer_c3_scaffold_seed0/model.pt,dumped/baseline_freesolv_dora_molformer_c3_scaffold_seed0/model.pt
molformer_c3,freesolv,dora,16,1,scaffold,rmse,regression,3.020770648875937,3.185688326728035,-0.164917677852098,positive = rank variant worse than r=8 baseline in bad-space,dumped/n5_rank_sensitivity_freesolv_dora_r16_molformer_c3_scaffold_seed1/model.pt,dumped/baseline_freesolv_dora_molformer_c3_scaffold_seed1/model.pt
molformer_c3,freesolv,dora,16,2,scaffold,rmse,regression,1.3741221660181215,1.5082239567983509,-0.13410179078022932,positive = rank variant worse than r=8 baseline in bad-space,dumped/n5_rank_sensitivity_freesolv_dora_r16_molformer_c3_scaffold_seed2/model.pt,dumped/baseline_freesolv_dora_molformer_c3_scaffold_seed2/model.pt
molformer_c3,esol,lora,4,0,scaffold,rmse,regression,0.8205943758640484,0.8471421823232395,-0.02654780645919108,positive = rank variant worse than r=8 baseline in bad-space,dumped/n5_rank_sensitivity_esol_lora_r4_molformer_c3_scaffold_seed0/model.pt,dumped/baseline_esol_lora_molformer_c3_scaffold_seed0/model.pt
molformer_c3,esol,lora,4,1,scaffold,rmse,regression,0.9346462047539235,0.954651438879548,-0.020005234125624494,positive = rank variant worse than r=8 baseline in bad-space,dumped/n5_rank_sensitivity_esol_lora_r4_molformer_c3_scaffold_seed1/model.pt,dumped/baseline_esol_lora_molformer_c3_scaffold_seed1/model.pt
molformer_c3,esol,lora,4,2,scaffold,rmse,regression,1.0715696650655164,0.9357313320714231,0.1358383329940933,positive = rank variant worse than r=8 baseline in bad-space,dumped/n5_rank_sensitivity_esol_lora_r4_molformer_c3_scaffold_seed2/model.pt,dumped/baseline_esol_lora_molformer_c3_scaffold_seed2/model.pt
molformer_c3,esol,lora,16,0,scaffold,rmse,regression,0.9305318956704364,0.8471421823232395,0.08338971334719691,positive = rank variant worse than r=8 baseline in bad-space,dumped/n5_rank_sensitivity_esol_lora_r16_molformer_c3_scaffold_seed0/model.pt,dumped/baseline_esol_lora_molformer_c3_scaffold_seed0/model.pt
molformer_c3,esol,lora,16,1,scaffold,rmse,regression,0.9873556091881024,0.954651438879548,0.03270417030855444,positive = rank variant worse than r=8 baseline in bad-space,dumped/n5_rank_sensitivity_esol_lora_r16_molformer_c3_scaffold_seed1/model.pt,dumped/baseline_esol_lora_molformer_c3_scaffold_seed1/model.pt
molformer_c3,esol,lora,16,2,scaffold,rmse,regression,0.9427162331659334,0.9357313320714231,0.006984901094510332,positive = rank variant worse than r=8 baseline in bad-space,dumped/n5_rank_sensitivity_esol_lora_r16_molformer_c3_scaffold_seed2/model.pt,dumped/baseline_esol_lora_molformer_c3_scaffold_seed2/model.pt
molformer_c3,esol,dora,4,0,scaffold,rmse,regression,0.8761431515424757,0.8032846537029855,0.07285849783949017,positive = rank variant worse than r=8 baseline in bad-space,dumped/n5_rank_sensitivity_esol_dora_r4_molformer_c3_scaffold_seed0/model.pt,dumped/baseline_esol_dora_molformer_c3_scaffold_seed0/model.pt
molformer_c3,esol,dora,4,1,scaffold,rmse,regression,0.8688203028493225,1.0358808752265953,-0.1670605723772728,positive = rank variant worse than r=8 baseline in bad-space,dumped/n5_rank_sensitivity_esol_dora_r4_molformer_c3_scaffold_seed1/model.pt,dumped/baseline_esol_dora_molformer_c3_scaffold_seed1/model.pt
molformer_c3,esol,dora,4,2,scaffold,rmse,regression,1.066960508632872,0.9269931120673182,0.1399673965655538,positive = rank variant worse than r=8 baseline in bad-space,dumped/n5_rank_sensitivity_esol_dora_r4_molformer_c3_scaffold_seed2/model.pt,dumped/baseline_esol_dora_molformer_c3_scaffold_seed2/model.pt
molformer_c3,esol,dora,16,0,scaffold,rmse,regression,0.8163896768886378,0.8032846537029855,0.01310502318565232,positive = rank variant worse than r=8 baseline in bad-space,dumped/n5_rank_sensitivity_esol_dora_r16_molformer_c3_scaffold_seed0/model.pt,dumped/baseline_esol_dora_molformer_c3_scaffold_seed0/model.pt
molformer_c3,esol,dora,16,1,scaffold,rmse,regression,1.051604731761753,1.0358808752265953,0.01572385653515762,positive = rank variant worse than r=8 baseline in bad-space,dumped/n5_rank_sensitivity_esol_dora_r16_molformer_c3_scaffold_seed1/model.pt,dumped/baseline_esol_dora_molformer_c3_scaffold_seed1/model.pt
molformer_c3,esol,dora,16,2,scaffold,rmse,regression,0.9981372590766265,0.9269931120673182,0.07114414700930838,positive = rank variant worse than r=8 baseline in bad-space,dumped/n5_rank_sensitivity_esol_dora_r16_molformer_c3_scaffold_seed2/model.pt,dumped/baseline_esol_dora_molformer_c3_scaffold_seed2/model.pt
molformer_c3,lipo,lora,4,0,scaffold,rmse,regression,0.6953194007102483,0.7138818825436888,-0.018562481833440447,positive = rank variant worse than r=8 baseline in bad-space,dumped/n5_rank_sensitivity_lipo_lora_r4_molformer_c3_scaffold_seed0/model.pt,dumped/baseline_lipo_lora_molformer_c3_scaffold_seed0/model.pt
molformer_c3,lipo,lora,4,1,scaffold,rmse,regression,0.7603923889534766,0.7547963081727462,0.0055960807807303725,positive = rank variant worse than r=8 baseline in bad-space,dumped/n5_rank_sensitivity_lipo_lora_r4_molformer_c3_scaffold_seed1/model.pt,dumped/baseline_lipo_lora_molformer_c3_scaffold_seed1/model.pt
molformer_c3,lipo,lora,4,2,scaffold,rmse,regression,0.7270623405362583,0.7095989579567252,0.01746338257953306,positive = rank variant worse than r=8 baseline in bad-space,dumped/n5_rank_sensitivity_lipo_lora_r4_molformer_c3_scaffold_seed2/model.pt,dumped/baseline_lipo_lora_molformer_c3_scaffold_seed2/model.pt
molformer_c3,lipo,lora,16,0,scaffold,rmse,regression,0.6692063761940342,0.7138818825436888,-0.04467550634965456,positive = rank variant worse than r=8 baseline in bad-space,dumped/n5_rank_sensitivity_lipo_lora_r16_molformer_c3_scaffold_seed0/model.pt,dumped/baseline_lipo_lora_molformer_c3_scaffold_seed0/model.pt
molformer_c3,lipo,lora,16,1,scaffold,rmse,regression,0.7297224832844188,0.7547963081727462,-0.025073824888327434,positive = rank variant worse than r=8 baseline in bad-space,dumped/n5_rank_sensitivity_lipo_lora_r16_molformer_c3_scaffold_seed1/model.pt,dumped/baseline_lipo_lora_molformer_c3_scaffold_seed1/model.pt
molformer_c3,lipo,lora,16,2,scaffold,rmse,regression,0.7683442541437213,0.7095989579567252,0.05874529618699609,positive = rank variant worse than r=8 baseline in bad-space,dumped/n5_rank_sensitivity_lipo_lora_r16_molformer_c3_scaffold_seed2/model.pt,dumped/baseline_lipo_lora_molformer_c3_scaffold_seed2/model.pt
molformer_c3,lipo,dora,4,0,scaffold,rmse,regression,0.678799520516156,0.6747392106481535,0.004060309868002543,positive = rank variant worse than r=8 baseline in bad-space,dumped/n5_rank_sensitivity_lipo_dora_r4_molformer_c3_scaffold_seed0/model.pt,dumped/baseline_lipo_dora_molformer_c3_scaffold_seed0/model.pt
molformer_c3,lipo,dora,4,1,scaffold,rmse,regression,0.7162015766065726,0.7523448369700659,-0.03614326036349336,positive = rank variant worse than r=8 baseline in bad-space,dumped/n5_rank_sensitivity_lipo_dora_r4_molformer_c3_scaffold_seed1/model.pt,dumped/baseline_lipo_dora_molformer_c3_scaffold_seed1/model.pt
molformer_c3,lipo,dora,4,2,scaffold,rmse,regression,0.7963368711886639,0.7306481615348694,0.06568870965379447,positive = rank variant worse than r=8 baseline in bad-space,dumped/n5_rank_sensitivity_lipo_dora_r4_molformer_c3_scaffold_seed2/model.pt,dumped/baseline_lipo_dora_molformer_c3_scaffold_seed2/model.pt
molformer_c3,lipo,dora,16,0,scaffold,rmse,regression,0.6655428150642906,0.6747392106481535,-0.00919639558386287,positive = rank variant worse than r=8 baseline in bad-space,dumped/n5_rank_sensitivity_lipo_dora_r16_molformer_c3_scaffold_seed0/model.pt,dumped/baseline_lipo_dora_molformer_c3_scaffold_seed0/model.pt
molformer_c3,lipo,dora,16,1,scaffold,rmse,regression,0.7075252598543103,0.7523448369700659,-0.04481957711575568,positive = rank variant worse than r=8 baseline in bad-space,dumped/n5_rank_sensitivity_lipo_dora_r16_molformer_c3_scaffold_seed1/model.pt,dumped/baseline_lipo_dora_molformer_c3_scaffold_seed1/model.pt
molformer_c3,lipo,dora,16,2,scaffold,rmse,regression,0.7649927448103196,0.7306481615348694,0.0343445832754502,positive = rank variant worse than r=8 baseline in bad-space,dumped/n5_rank_sensitivity_lipo_dora_r16_molformer_c3_scaffold_seed2/model.pt,dumped/baseline_lipo_dora_molformer_c3_scaffold_seed2/model.pt
molformer_c3,bace,lora,4,0,scaffold,auc,classification,0.8414398595259,0.7952589991220369,-0.046180860403863044,positive = rank variant worse than r=8 baseline in bad-space,dumped/n5_rank_sensitivity_bace_lora_r4_molformer_c3_scaffold_seed0/model.pt,dumped/baseline_bace_lora_molformer_c3_scaffold_seed0/model.pt
molformer_c3,bace,lora,4,1,scaffold,auc,classification,0.8367595818815331,0.8949477351916376,0.05818815331010452,positive = rank variant worse than r=8 baseline in bad-space,dumped/n5_rank_sensitivity_bace_lora_r4_molformer_c3_scaffold_seed1/model.pt,dumped/baseline_bace_lora_molformer_c3_scaffold_seed1/model.pt
molformer_c3,bace,lora,4,2,scaffold,auc,classification,0.8225490196078431,0.8011764705882353,-0.021372549019607834,positive = rank variant worse than r=8 baseline in bad-space,dumped/n5_rank_sensitivity_bace_lora_r4_molformer_c3_scaffold_seed2/model.pt,dumped/baseline_bace_lora_molformer_c3_scaffold_seed2/model.pt
molformer_c3,bace,lora,16,0,scaffold,auc,classification,0.8396839332748025,0.7952589991220369,-0.044424934152765605,positive = rank variant worse than r=8 baseline in bad-space,dumped/n5_rank_sensitivity_bace_lora_r16_molformer_c3_scaffold_seed0/model.pt,dumped/baseline_bace_lora_molformer_c3_scaffold_seed0/model.pt
molformer_c3,bace,lora,16,1,scaffold,auc,classification,0.872822299651568,0.8949477351916376,0.022125435540069627,positive = rank variant worse than r=8 baseline in bad-space,dumped/n5_rank_sensitivity_bace_lora_r16_molformer_c3_scaffold_seed1/model.pt,dumped/baseline_bace_lora_molformer_c3_scaffold_seed1/model.pt
molformer_c3,bace,lora,16,2,scaffold,auc,classification,0.7992156862745098,0.8011764705882353,0.0019607843137254832,positive = rank variant worse than r=8 baseline in bad-space,dumped/n5_rank_sensitivity_bace_lora_r16_molformer_c3_scaffold_seed2/model.pt,dumped/baseline_bace_lora_molformer_c3_scaffold_seed2/model.pt
molformer_c3,bace,dora,4,0,scaffold,auc,classification,0.8151009657594381,0.7759438103599648,-0.03915715539947329,positive = rank variant worse than r=8 baseline in bad-space,dumped/n5_rank_sensitivity_bace_dora_r4_molformer_c3_scaffold_seed0/model.pt,dumped/baseline_bace_dora_molformer_c3_scaffold_seed0/model.pt
molformer_c3,bace,dora,4,1,scaffold,auc,classification,0.8343205574912892,0.8879790940766551,0.0536585365853659,positive = rank variant worse than r=8 baseline in bad-space,dumped/n5_rank_sensitivity_bace_dora_r4_molformer_c3_scaffold_seed1/model.pt,dumped/baseline_bace_dora_molformer_c3_scaffold_seed1/model.pt
molformer_c3,bace,dora,4,2,scaffold,auc,classification,0.8309803921568627,0.8037254901960784,-0.027254901960784284,positive = rank variant worse than r=8 baseline in bad-space,dumped/n5_rank_sensitivity_bace_dora_r4_molformer_c3_scaffold_seed2/model.pt,dumped/baseline_bace_dora_molformer_c3_scaffold_seed2/model.pt
molformer_c3,bace,dora,16,0,scaffold,auc,classification,0.8370500438981563,0.7759438103599648,-0.061106233538191446,positive = rank variant worse than r=8 baseline in bad-space,dumped/n5_rank_sensitivity_bace_dora_r16_molformer_c3_scaffold_seed0/model.pt,dumped/baseline_bace_dora_molformer_c3_scaffold_seed0/model.pt
molformer_c3,bace,dora,16,1,scaffold,auc,classification,0.8644599303135888,0.8879790940766551,0.023519163763066286,positive = rank variant worse than r=8 baseline in bad-space,dumped/n5_rank_sensitivity_bace_dora_r16_molformer_c3_scaffold_seed1/model.pt,dumped/baseline_bace_dora_molformer_c3_scaffold_seed1/model.pt
molformer_c3,bace,dora,16,2,scaffold,auc,classification,0.7903921568627451,0.8037254901960784,0.013333333333333308,positive = rank variant worse than r=8 baseline in bad-space,dumped/n5_rank_sensitivity_bace_dora_r16_molformer_c3_scaffold_seed2/model.pt,dumped/baseline_bace_dora_molformer_c3_scaffold_seed2/model.pt
molformer_c3,bbbp,lora,4,0,scaffold,auc,classification,0.9695105277549905,0.9588460486737763,-0.010664479081214151,positive = rank variant worse than r=8 baseline in bad-space,dumped/n5_rank_sensitivity_bbbp_lora_r4_molformer_c3_scaffold_seed0/model.pt,dumped/baseline_bbbp_lora_molformer_c3_scaffold_seed0/model.pt
molformer_c3,bbbp,lora,4,1,scaffold,auc,classification,0.940969696969697,0.945939393939394,0.004969696969696957,positive = rank variant worse than r=8 baseline in bad-space,dumped/n5_rank_sensitivity_bbbp_lora_r4_molformer_c3_scaffold_seed1/model.pt,dumped/baseline_bbbp_lora_molformer_c3_scaffold_seed1/model.pt
molformer_c3,bbbp,lora,4,2,scaffold,auc,classification,0.988036593947924,0.983814215341309,-0.004222378606615007,positive = rank variant worse than r=8 baseline in bad-space,dumped/n5_rank_sensitivity_bbbp_lora_r4_molformer_c3_scaffold_seed2/model.pt,dumped/baseline_bbbp_lora_molformer_c3_scaffold_seed2/model.pt
molformer_c3,bbbp,lora,16,0,scaffold,auc,classification,0.963084495488105,0.9588460486737763,-0.004238446814328722,positive = rank variant worse than r=8 baseline in bad-space,dumped/n5_rank_sensitivity_bbbp_lora_r16_molformer_c3_scaffold_seed0/model.pt,dumped/baseline_bbbp_lora_molformer_c3_scaffold_seed0/model.pt
molformer_c3,bbbp,lora,16,1,scaffold,auc,classification,0.9393939393939394,0.945939393939394,0.006545454545454521,positive = rank variant worse than r=8 baseline in bad-space,dumped/n5_rank_sensitivity_bbbp_lora_r16_molformer_c3_scaffold_seed1/model.pt,dumped/baseline_bbbp_lora_molformer_c3_scaffold_seed1/model.pt
molformer_c3,bbbp,lora,16,2,scaffold,auc,classification,0.9875674407694112,0.983814215341309,-0.0037532254281021915,positive = rank variant worse than r=8 baseline in bad-space,dumped/n5_rank_sensitivity_bbbp_lora_r16_molformer_c3_scaffold_seed2/model.pt,dumped/baseline_bbbp_lora_molformer_c3_scaffold_seed2/model.pt
molformer_c3,bbbp,dora,4,0,scaffold,auc,classification,0.9649986327590921,0.9641782882143833,-0.0008203445447088065,positive = rank variant worse than r=8 baseline in bad-space,dumped/n5_rank_sensitivity_bbbp_dora_r4_molformer_c3_scaffold_seed0/model.pt,dumped/baseline_bbbp_dora_molformer_c3_scaffold_seed0/model.pt
molformer_c3,bbbp,dora,4,1,scaffold,auc,classification,0.9406060606060606,0.9461818181818182,0.005575757575757678,positive = rank variant worse than r=8 baseline in bad-space,dumped/n5_rank_sensitivity_bbbp_dora_r4_molformer_c3_scaffold_seed1/model.pt,dumped/baseline_bbbp_dora_molformer_c3_scaffold_seed1/model.pt
molformer_c3,bbbp,dora,4,2,scaffold,auc,classification,0.9879193056532958,0.9836969270466808,-0.004222378606615007,positive = rank variant worse than r=8 baseline in bad-space,dumped/n5_rank_sensitivity_bbbp_dora_r4_molformer_c3_scaffold_seed2/model.pt,dumped/baseline_bbbp_dora_molformer_c3_scaffold_seed2/model.pt
molformer_c3,bbbp,dora,16,0,scaffold,auc,classification,0.963084495488105,0.9641782882143833,0.0010937927262782976,positive = rank variant worse than r=8 baseline in bad-space,dumped/n5_rank_sensitivity_bbbp_dora_r16_molformer_c3_scaffold_seed0/model.pt,dumped/baseline_bbbp_dora_molformer_c3_scaffold_seed0/model.pt
molformer_c3,bbbp,dora,16,1,scaffold,auc,classification,0.9396363636363636,0.9461818181818182,0.006545454545454632,positive = rank variant worse than r=8 baseline in bad-space,dumped/n5_rank_sensitivity_bbbp_dora_r16_molformer_c3_scaffold_seed1/model.pt,dumped/baseline_bbbp_dora_molformer_c3_scaffold_seed1/model.pt
molformer_c3,bbbp,dora,16,2,scaffold,auc,classification,0.9878020173586676,0.9836969270466808,-0.004105090311986803,positive = rank variant worse than r=8 baseline in bad-space,dumped/n5_rank_sensitivity_bbbp_dora_r16_molformer_c3_scaffold_seed2/model.pt,dumped/baseline_bbbp_dora_molformer_c3_scaffold_seed2/model.pt
molformer_c3,sider,lora,4,0,scaffold,mean_auc,classification,0.5947622746921598,0.5764097098433578,-0.01835256484880199,positive = rank variant worse than r=8 baseline in bad-space,dumped/n5_rank_sensitivity_sider_lora_r4_molformer_c3_scaffold_seed0/model.pt,dumped/baseline_sider_lora_molformer_c3_scaffold_seed0/model.pt
molformer_c3,sider,lora,4,1,scaffold,mean_auc,classification,0.5960528473988292,0.607502351005624,0.011449503606794753,positive = rank variant worse than r=8 baseline in bad-space,dumped/n5_rank_sensitivity_sider_lora_r4_molformer_c3_scaffold_seed1/model.pt,dumped/baseline_sider_lora_molformer_c3_scaffold_seed1/model.pt
molformer_c3,sider,lora,4,2,scaffold,mean_auc,classification,0.5620190500674614,0.5494050441400998,-0.012614005927361616,positive = rank variant worse than r=8 baseline in bad-space,dumped/n5_rank_sensitivity_sider_lora_r4_molformer_c3_scaffold_seed2/model.pt,dumped/baseline_sider_lora_molformer_c3_scaffold_seed2/model.pt
molformer_c3,sider,lora,16,0,scaffold,mean_auc,classification,0.5991102097377824,0.5764097098433578,-0.022700499894424575,positive = rank variant worse than r=8 baseline in bad-space,dumped/n5_rank_sensitivity_sider_lora_r16_molformer_c3_scaffold_seed0/model.pt,dumped/baseline_sider_lora_molformer_c3_scaffold_seed0/model.pt
molformer_c3,sider,lora,16,1,scaffold,mean_auc,classification,0.5963445080223444,0.607502351005624,0.011157842983279598,positive = rank variant worse than r=8 baseline in bad-space,dumped/n5_rank_sensitivity_sider_lora_r16_molformer_c3_scaffold_seed1/model.pt,dumped/baseline_sider_lora_molformer_c3_scaffold_seed1/model.pt
molformer_c3,sider,lora,16,2,scaffold,mean_auc,classification,0.5541523111446954,0.5494050441400998,-0.004747267004595601,positive = rank variant worse than r=8 baseline in bad-space,dumped/n5_rank_sensitivity_sider_lora_r16_molformer_c3_scaffold_seed2/model.pt,dumped/baseline_sider_lora_molformer_c3_scaffold_seed2/model.pt
molformer_c3,sider,dora,4,0,scaffold,mean_auc,classification,0.5874303398691504,0.5739636256738426,-0.01346671419530776,positive = rank variant worse than r=8 baseline in bad-space,dumped/n5_rank_sensitivity_sider_dora_r4_molformer_c3_scaffold_seed0/model.pt,dumped/baseline_sider_dora_molformer_c3_scaffold_seed0/model.pt
molformer_c3,sider,dora,4,1,scaffold,mean_auc,classification,0.5914485538481893,0.6017814184908042,0.010332864642614958,positive = rank variant worse than r=8 baseline in bad-space,dumped/n5_rank_sensitivity_sider_dora_r4_molformer_c3_scaffold_seed1/model.pt,dumped/baseline_sider_dora_molformer_c3_scaffold_seed1/model.pt
molformer_c3,sider,dora,4,2,scaffold,mean_auc,classification,0.5907939657792469,0.550279131560163,-0.04051483421908397,positive = rank variant worse than r=8 baseline in bad-space,dumped/n5_rank_sensitivity_sider_dora_r4_molformer_c3_scaffold_seed2/model.pt,dumped/baseline_sider_dora_molformer_c3_scaffold_seed2/model.pt
molformer_c3,sider,dora,16,0,scaffold,mean_auc,classification,0.5890871056969913,0.5739636256738426,-0.015123480023148672,positive = rank variant worse than r=8 baseline in bad-space,dumped/n5_rank_sensitivity_sider_dora_r16_molformer_c3_scaffold_seed0/model.pt,dumped/baseline_sider_dora_molformer_c3_scaffold_seed0/model.pt
molformer_c3,sider,dora,16,1,scaffold,mean_auc,classification,0.6240686715034092,0.6017814184908042,-0.022287253012604924,positive = rank variant worse than r=8 baseline in bad-space,dumped/n5_rank_sensitivity_sider_dora_r16_molformer_c3_scaffold_seed1/model.pt,dumped/baseline_sider_dora_molformer_c3_scaffold_seed1/model.pt
molformer_c3,sider,dora,16,2,scaffold,mean_auc,classification,0.5592836100188959,0.550279131560163,-0.009004478458732978,positive = rank variant worse than r=8 baseline in bad-space,dumped/n5_rank_sensitivity_sider_dora_r16_molformer_c3_scaffold_seed2/model.pt,dumped/baseline_sider_dora_molformer_c3_scaffold_seed2/model.pt
