backbone,dataset,seed,seed_group,task_type,metric_type,lora_metric,dora_metric,paired_bad_diff,direction
cmpnn,freesolv,0,existing_0_1_2,regression,rmse,0.929987,0.950326,0.020338999999999996,regression: dora_rmse - lora_rmse; classification: lora_auc - dora_auc; negative = DoRA better
cmpnn,freesolv,1,existing_0_1_2,regression,rmse,0.811125,0.818133,0.007008000000000014,regression: dora_rmse - lora_rmse; classification: lora_auc - dora_auc; negative = DoRA better
cmpnn,freesolv,2,existing_0_1_2,regression,rmse,1.721812,1.724062,0.0022500000000000853,regression: dora_rmse - lora_rmse; classification: lora_auc - dora_auc; negative = DoRA better
cmpnn,freesolv,10,new_10_100_1000,regression,rmse,1.400268,1.324729,-0.07553900000000002,regression: dora_rmse - lora_rmse; classification: lora_auc - dora_auc; negative = DoRA better
cmpnn,freesolv,100,new_10_100_1000,regression,rmse,1.032365,1.01386,-0.018504999999999994,regression: dora_rmse - lora_rmse; classification: lora_auc - dora_auc; negative = DoRA better
cmpnn,freesolv,1000,new_10_100_1000,regression,rmse,0.906204,0.931601,0.025397000000000003,regression: dora_rmse - lora_rmse; classification: lora_auc - dora_auc; negative = DoRA better
cmpnn,esol,0,existing_0_1_2,regression,rmse,0.67049,0.67649,0.006000000000000005,regression: dora_rmse - lora_rmse; classification: lora_auc - dora_auc; negative = DoRA better
cmpnn,esol,1,existing_0_1_2,regression,rmse,0.611754,0.613644,0.0018899999999999473,regression: dora_rmse - lora_rmse; classification: lora_auc - dora_auc; negative = DoRA better
cmpnn,esol,2,existing_0_1_2,regression,rmse,0.570915,0.571751,0.0008360000000000589,regression: dora_rmse - lora_rmse; classification: lora_auc - dora_auc; negative = DoRA better
cmpnn,esol,10,new_10_100_1000,regression,rmse,0.555756,0.563684,0.007927999999999935,regression: dora_rmse - lora_rmse; classification: lora_auc - dora_auc; negative = DoRA better
cmpnn,esol,100,new_10_100_1000,regression,rmse,0.600644,0.648422,0.0477780000000001,regression: dora_rmse - lora_rmse; classification: lora_auc - dora_auc; negative = DoRA better
cmpnn,esol,1000,new_10_100_1000,regression,rmse,0.560811,0.586412,0.025601000000000096,regression: dora_rmse - lora_rmse; classification: lora_auc - dora_auc; negative = DoRA better
cmpnn,lipo,0,existing_0_1_2,regression,rmse,0.566544,0.571157,0.004612999999999978,regression: dora_rmse - lora_rmse; classification: lora_auc - dora_auc; negative = DoRA better
cmpnn,lipo,1,existing_0_1_2,regression,rmse,0.665256,0.670496,0.005240000000000022,regression: dora_rmse - lora_rmse; classification: lora_auc - dora_auc; negative = DoRA better
cmpnn,lipo,2,existing_0_1_2,regression,rmse,0.585901,0.57863,-0.0072710000000000274,regression: dora_rmse - lora_rmse; classification: lora_auc - dora_auc; negative = DoRA better
cmpnn,lipo,10,new_10_100_1000,regression,rmse,0.609627,0.607475,-0.0021520000000000428,regression: dora_rmse - lora_rmse; classification: lora_auc - dora_auc; negative = DoRA better
cmpnn,lipo,100,new_10_100_1000,regression,rmse,0.559952,0.558719,-0.0012330000000000396,regression: dora_rmse - lora_rmse; classification: lora_auc - dora_auc; negative = DoRA better
cmpnn,lipo,1000,new_10_100_1000,regression,rmse,0.683101,0.690526,0.007425000000000015,regression: dora_rmse - lora_rmse; classification: lora_auc - dora_auc; negative = DoRA better
cmpnn,bace,0,existing_0_1_2,classification,auc,0.938638,0.93015,0.00848799999999994,regression: dora_rmse - lora_rmse; classification: lora_auc - dora_auc; negative = DoRA better
cmpnn,bace,1,existing_0_1_2,classification,auc,0.859937,0.859056,0.0008809999999999096,regression: dora_rmse - lora_rmse; classification: lora_auc - dora_auc; negative = DoRA better
cmpnn,bace,2,existing_0_1_2,classification,auc,0.836738,0.871137,-0.03439900000000007,regression: dora_rmse - lora_rmse; classification: lora_auc - dora_auc; negative = DoRA better
cmpnn,bace,10,new_10_100_1000,classification,auc,0.908789,0.924545,-0.015755999999999992,regression: dora_rmse - lora_rmse; classification: lora_auc - dora_auc; negative = DoRA better
cmpnn,bace,100,new_10_100_1000,classification,auc,0.841289,0.852787,-0.011498000000000008,regression: dora_rmse - lora_rmse; classification: lora_auc - dora_auc; negative = DoRA better
cmpnn,bace,1000,new_10_100_1000,classification,auc,0.891026,0.887734,0.0032919999999999616,regression: dora_rmse - lora_rmse; classification: lora_auc - dora_auc; negative = DoRA better
cmpnn,bbbp,0,existing_0_1_2,classification,auc,0.951677,0.952896,-0.00121899999999997,regression: dora_rmse - lora_rmse; classification: lora_auc - dora_auc; negative = DoRA better
cmpnn,bbbp,1,existing_0_1_2,classification,auc,0.944515,0.952124,-0.007608999999999977,regression: dora_rmse - lora_rmse; classification: lora_auc - dora_auc; negative = DoRA better
cmpnn,bbbp,2,existing_0_1_2,classification,auc,0.96761,0.97235,-0.0047400000000000775,regression: dora_rmse - lora_rmse; classification: lora_auc - dora_auc; negative = DoRA better
cmpnn,bbbp,10,new_10_100_1000,classification,auc,0.970843,0.970168,0.0006749999999999812,regression: dora_rmse - lora_rmse; classification: lora_auc - dora_auc; negative = DoRA better
cmpnn,bbbp,100,new_10_100_1000,classification,auc,0.926596,0.93664,-0.010044000000000053,regression: dora_rmse - lora_rmse; classification: lora_auc - dora_auc; negative = DoRA better
cmpnn,bbbp,1000,new_10_100_1000,classification,auc,0.966903,0.968608,-0.0017050000000000676,regression: dora_rmse - lora_rmse; classification: lora_auc - dora_auc; negative = DoRA better
cmpnn,sider,0,existing_0_1_2,classification,auc,0.691534,0.691962,-0.00042799999999998395,regression: dora_rmse - lora_rmse; classification: lora_auc - dora_auc; negative = DoRA better
cmpnn,sider,1,existing_0_1_2,classification,auc,0.644994,0.645643,-0.0006490000000000107,regression: dora_rmse - lora_rmse; classification: lora_auc - dora_auc; negative = DoRA better
cmpnn,sider,2,existing_0_1_2,classification,auc,0.593275,0.592096,0.0011790000000000411,regression: dora_rmse - lora_rmse; classification: lora_auc - dora_auc; negative = DoRA better
cmpnn,sider,10,new_10_100_1000,classification,auc,0.600819,0.636511,-0.03569200000000006,regression: dora_rmse - lora_rmse; classification: lora_auc - dora_auc; negative = DoRA better
cmpnn,sider,100,new_10_100_1000,classification,auc,0.645073,0.650175,-0.00510199999999994,regression: dora_rmse - lora_rmse; classification: lora_auc - dora_auc; negative = DoRA better
cmpnn,sider,1000,new_10_100_1000,classification,auc,0.616057,0.629271,-0.013214000000000059,regression: dora_rmse - lora_rmse; classification: lora_auc - dora_auc; negative = DoRA better
chemberta2,freesolv,0,existing_0_1_2,regression,rmse,1.2400031407378014,1.2407933214669495,0.00079018072914816,regression: dora_rmse - lora_rmse; classification: lora_auc - dora_auc; negative = DoRA better
chemberta2,freesolv,1,existing_0_1_2,regression,rmse,1.0145382275173243,1.012080418810385,-0.002457808706939346,regression: dora_rmse - lora_rmse; classification: lora_auc - dora_auc; negative = DoRA better
chemberta2,freesolv,2,existing_0_1_2,regression,rmse,1.7110530169782585,1.703108061260018,-0.007944955718240498,regression: dora_rmse - lora_rmse; classification: lora_auc - dora_auc; negative = DoRA better
chemberta2,freesolv,10,new_10_100_1000,regression,rmse,1.264076368635413,1.2674236467978421,0.0033472781624290793,regression: dora_rmse - lora_rmse; classification: lora_auc - dora_auc; negative = DoRA better
chemberta2,freesolv,100,new_10_100_1000,regression,rmse,0.9103476196282245,0.9060015502268011,-0.004346069401423458,regression: dora_rmse - lora_rmse; classification: lora_auc - dora_auc; negative = DoRA better
chemberta2,freesolv,1000,new_10_100_1000,regression,rmse,1.5318901125389286,1.5241437008759378,-0.0077464116629908375,regression: dora_rmse - lora_rmse; classification: lora_auc - dora_auc; negative = DoRA better
chemberta2,esol,0,existing_0_1_2,regression,rmse,0.7701278929579429,0.8071259523350363,0.03699805937709333,regression: dora_rmse - lora_rmse; classification: lora_auc - dora_auc; negative = DoRA better
chemberta2,esol,1,existing_0_1_2,regression,rmse,0.7244615429714457,0.7239197279335984,-0.0005418150378473374,regression: dora_rmse - lora_rmse; classification: lora_auc - dora_auc; negative = DoRA better
chemberta2,esol,2,existing_0_1_2,regression,rmse,0.7027191898386811,0.6964969191007258,-0.006222270737955338,regression: dora_rmse - lora_rmse; classification: lora_auc - dora_auc; negative = DoRA better
chemberta2,esol,10,new_10_100_1000,regression,rmse,0.7287414037285797,0.7291323017923416,0.00039089806376191305,regression: dora_rmse - lora_rmse; classification: lora_auc - dora_auc; negative = DoRA better
chemberta2,esol,100,new_10_100_1000,regression,rmse,0.8359654858619455,0.8349278493649449,-0.0010376364970006158,regression: dora_rmse - lora_rmse; classification: lora_auc - dora_auc; negative = DoRA better
chemberta2,esol,1000,new_10_100_1000,regression,rmse,0.6901155482859098,0.689606236214829,-0.0005093120710808474,regression: dora_rmse - lora_rmse; classification: lora_auc - dora_auc; negative = DoRA better
chemberta2,lipo,0,existing_0_1_2,regression,rmse,0.7186797978490805,0.7083470025333098,-0.010332795315770693,regression: dora_rmse - lora_rmse; classification: lora_auc - dora_auc; negative = DoRA better
chemberta2,lipo,1,existing_0_1_2,regression,rmse,0.8041329926933086,0.796070627881888,-0.008062364811420641,regression: dora_rmse - lora_rmse; classification: lora_auc - dora_auc; negative = DoRA better
chemberta2,lipo,2,existing_0_1_2,regression,rmse,0.7146806374484348,0.7257291875753176,0.011048550126882772,regression: dora_rmse - lora_rmse; classification: lora_auc - dora_auc; negative = DoRA better
chemberta2,lipo,10,new_10_100_1000,regression,rmse,0.6889449021382047,0.6756346218260331,-0.01331028031217163,regression: dora_rmse - lora_rmse; classification: lora_auc - dora_auc; negative = DoRA better
chemberta2,lipo,100,new_10_100_1000,regression,rmse,0.6430904120365065,0.6404776520027817,-0.0026127600337247925,regression: dora_rmse - lora_rmse; classification: lora_auc - dora_auc; negative = DoRA better
chemberta2,lipo,1000,new_10_100_1000,regression,rmse,0.7528093491706452,0.7550652642494303,0.002255915078785087,regression: dora_rmse - lora_rmse; classification: lora_auc - dora_auc; negative = DoRA better
chemberta2,bace,0,existing_0_1_2,classification,auc,0.8961980548187445,0.897789566755084,-0.0015915119363395513,regression: dora_rmse - lora_rmse; classification: lora_auc - dora_auc; negative = DoRA better
chemberta2,bace,1,existing_0_1_2,classification,auc,0.8528893587033122,0.8548273431994362,-0.0019379844961240345,regression: dora_rmse - lora_rmse; classification: lora_auc - dora_auc; negative = DoRA better
chemberta2,bace,2,existing_0_1_2,classification,auc,0.7930853850183343,0.7922123275711542,0.0008730574471800256,regression: dora_rmse - lora_rmse; classification: lora_auc - dora_auc; negative = DoRA better
chemberta2,bace,10,new_10_100_1000,classification,auc,0.876750700280112,0.8765756302521008,0.00017507002801120386,regression: dora_rmse - lora_rmse; classification: lora_auc - dora_auc; negative = DoRA better
chemberta2,bace,100,new_10_100_1000,classification,auc,0.8045296167247387,0.8212543554006969,-0.01672473867595825,regression: dora_rmse - lora_rmse; classification: lora_auc - dora_auc; negative = DoRA better
chemberta2,bace,1000,new_10_100_1000,classification,auc,0.8581081081081081,0.8607068607068608,-0.0025987525987526405,regression: dora_rmse - lora_rmse; classification: lora_auc - dora_auc; negative = DoRA better
chemberta2,bbbp,0,existing_0_1_2,classification,auc,0.9428353658536586,0.943140243902439,-0.00030487804878043256,regression: dora_rmse - lora_rmse; classification: lora_auc - dora_auc; negative = DoRA better
chemberta2,bbbp,1,existing_0_1_2,classification,auc,0.9752694990488269,0.9751109701965758,0.00015852885225109414,regression: dora_rmse - lora_rmse; classification: lora_auc - dora_auc; negative = DoRA better
chemberta2,bbbp,2,existing_0_1_2,classification,auc,0.9730085582620145,0.9735352205398289,-0.0005266622778143937,regression: dora_rmse - lora_rmse; classification: lora_auc - dora_auc; negative = DoRA better
chemberta2,bbbp,10,new_10_100_1000,classification,auc,0.9595857255431723,0.9599234492851514,-0.00033772374197904576,regression: dora_rmse - lora_rmse; classification: lora_auc - dora_auc; negative = DoRA better
chemberta2,bbbp,100,new_10_100_1000,classification,auc,0.9585855806274078,0.9580352228948816,0.0005503577325262077,regression: dora_rmse - lora_rmse; classification: lora_auc - dora_auc; negative = DoRA better
chemberta2,bbbp,1000,new_10_100_1000,classification,auc,0.9688920454545454,0.9686079545454546,0.00028409090909087276,regression: dora_rmse - lora_rmse; classification: lora_auc - dora_auc; negative = DoRA better
chemberta2,sider,0,existing_0_1_2,classification,auc,0.6407640257191135,0.641688592975528,-0.0009245672564145435,regression: dora_rmse - lora_rmse; classification: lora_auc - dora_auc; negative = DoRA better
chemberta2,sider,1,existing_0_1_2,classification,auc,0.5996781943023831,0.6015994214645294,-0.0019212271621462662,regression: dora_rmse - lora_rmse; classification: lora_auc - dora_auc; negative = DoRA better
chemberta2,sider,2,existing_0_1_2,classification,auc,0.5494574475408543,0.5557024269867524,-0.00624497944589808,regression: dora_rmse - lora_rmse; classification: lora_auc - dora_auc; negative = DoRA better
chemberta2,sider,10,new_10_100_1000,classification,auc,0.5652290321172547,0.56591889872558,-0.0006898666083252625,regression: dora_rmse - lora_rmse; classification: lora_auc - dora_auc; negative = DoRA better
chemberta2,sider,100,new_10_100_1000,classification,auc,0.6247420985508814,0.623915511014854,0.0008265875360273789,regression: dora_rmse - lora_rmse; classification: lora_auc - dora_auc; negative = DoRA better
chemberta2,sider,1000,new_10_100_1000,classification,auc,0.5850258369205921,0.5877066023329618,-0.0026807654123697233,regression: dora_rmse - lora_rmse; classification: lora_auc - dora_auc; negative = DoRA better
molformer_c3,freesolv,0,existing_0_1_2,regression,rmse,1.0334410078083185,0.9993806053228679,-0.034060402485450614,regression: dora_rmse - lora_rmse; classification: lora_auc - dora_auc; negative = DoRA better
molformer_c3,freesolv,1,existing_0_1_2,regression,rmse,1.0637826470319691,0.8920719372518675,-0.1717107097801016,regression: dora_rmse - lora_rmse; classification: lora_auc - dora_auc; negative = DoRA better
molformer_c3,freesolv,2,existing_0_1_2,regression,rmse,1.5229076540045796,1.622880433657089,0.09997277965250939,regression: dora_rmse - lora_rmse; classification: lora_auc - dora_auc; negative = DoRA better
molformer_c3,freesolv,10,new_10_100_1000,regression,rmse,1.1324465982844416,1.0930348919589314,-0.039411706325510165,regression: dora_rmse - lora_rmse; classification: lora_auc - dora_auc; negative = DoRA better
molformer_c3,freesolv,100,new_10_100_1000,regression,rmse,0.925972673286875,1.0037181395988446,0.07774546631196955,regression: dora_rmse - lora_rmse; classification: lora_auc - dora_auc; negative = DoRA better
molformer_c3,freesolv,1000,new_10_100_1000,regression,rmse,1.325263632332375,1.2533328447611514,-0.07193078757122362,regression: dora_rmse - lora_rmse; classification: lora_auc - dora_auc; negative = DoRA better
molformer_c3,esol,0,existing_0_1_2,regression,rmse,0.8281434255025666,0.7560035903128893,-0.07213983518967726,regression: dora_rmse - lora_rmse; classification: lora_auc - dora_auc; negative = DoRA better
molformer_c3,esol,1,existing_0_1_2,regression,rmse,0.6928922987335012,0.6783952376715828,-0.014497061061918393,regression: dora_rmse - lora_rmse; classification: lora_auc - dora_auc; negative = DoRA better
molformer_c3,esol,2,existing_0_1_2,regression,rmse,0.6687070324722078,0.6874898346236111,0.018782802151403377,regression: dora_rmse - lora_rmse; classification: lora_auc - dora_auc; negative = DoRA better
molformer_c3,esol,10,new_10_100_1000,regression,rmse,0.647930705561338,0.6638632980461692,0.015932592484831143,regression: dora_rmse - lora_rmse; classification: lora_auc - dora_auc; negative = DoRA better
molformer_c3,esol,100,new_10_100_1000,regression,rmse,0.762356886956734,0.6410778352536456,-0.12127905170308839,regression: dora_rmse - lora_rmse; classification: lora_auc - dora_auc; negative = DoRA better
molformer_c3,esol,1000,new_10_100_1000,regression,rmse,0.6282900522218354,0.569729624711557,-0.05856042751027846,regression: dora_rmse - lora_rmse; classification: lora_auc - dora_auc; negative = DoRA better
molformer_c3,lipo,0,existing_0_1_2,regression,rmse,0.6294550426388132,0.6428902514386271,0.013435208799813858,regression: dora_rmse - lora_rmse; classification: lora_auc - dora_auc; negative = DoRA better
molformer_c3,lipo,1,existing_0_1_2,regression,rmse,0.6677710703528624,0.6780011094655325,0.010230039112670064,regression: dora_rmse - lora_rmse; classification: lora_auc - dora_auc; negative = DoRA better
molformer_c3,lipo,2,existing_0_1_2,regression,rmse,0.632228982594937,0.6175437575060511,-0.014685225088885923,regression: dora_rmse - lora_rmse; classification: lora_auc - dora_auc; negative = DoRA better
molformer_c3,lipo,10,new_10_100_1000,regression,rmse,0.6693963082890737,0.6804913338593573,0.011095025570283634,regression: dora_rmse - lora_rmse; classification: lora_auc - dora_auc; negative = DoRA better
molformer_c3,lipo,100,new_10_100_1000,regression,rmse,0.6611041424844372,0.629270649416191,-0.03183349306824612,regression: dora_rmse - lora_rmse; classification: lora_auc - dora_auc; negative = DoRA better
molformer_c3,lipo,1000,new_10_100_1000,regression,rmse,0.7130981561287341,0.7173845340449497,0.004286377916215667,regression: dora_rmse - lora_rmse; classification: lora_auc - dora_auc; negative = DoRA better
molformer_c3,bace,0,existing_0_1_2,classification,auc,0.8912466843501327,0.9181255526083112,-0.026878868258178534,regression: dora_rmse - lora_rmse; classification: lora_auc - dora_auc; negative = DoRA better
molformer_c3,bace,1,existing_0_1_2,classification,auc,0.8699788583509513,0.841261451726568,0.02871740662438338,regression: dora_rmse - lora_rmse; classification: lora_auc - dora_auc; negative = DoRA better
molformer_c3,bace,2,existing_0_1_2,classification,auc,0.8168325475816308,0.8486118386589837,-0.03177929107735289,regression: dora_rmse - lora_rmse; classification: lora_auc - dora_auc; negative = DoRA better
molformer_c3,bace,10,new_10_100_1000,classification,auc,0.8935574229691877,0.8914565826330533,0.0021008403361344463,regression: dora_rmse - lora_rmse; classification: lora_auc - dora_auc; negative = DoRA better
molformer_c3,bace,100,new_10_100_1000,classification,auc,0.8409407665505226,0.8071428571428572,0.03379790940766547,regression: dora_rmse - lora_rmse; classification: lora_auc - dora_auc; negative = DoRA better
molformer_c3,bace,1000,new_10_100_1000,classification,auc,0.8993416493416494,0.8955301455301455,0.003811503811503858,regression: dora_rmse - lora_rmse; classification: lora_auc - dora_auc; negative = DoRA better
molformer_c3,bbbp,0,existing_0_1_2,classification,auc,0.949390243902439,0.9570121951219512,-0.007621951219512257,regression: dora_rmse - lora_rmse; classification: lora_auc - dora_auc; negative = DoRA better
molformer_c3,bbbp,1,existing_0_1_2,classification,auc,0.9787571337983513,0.9787571337983513,0.0,regression: dora_rmse - lora_rmse; classification: lora_auc - dora_auc; negative = DoRA better
molformer_c3,bbbp,2,existing_0_1_2,classification,auc,0.9685319289005925,0.96550362080316,0.003028308097432486,regression: dora_rmse - lora_rmse; classification: lora_auc - dora_auc; negative = DoRA better
molformer_c3,bbbp,10,new_10_100_1000,classification,auc,0.9658899020601148,0.9770347855454239,-0.011144883485309065,regression: dora_rmse - lora_rmse; classification: lora_auc - dora_auc; negative = DoRA better
molformer_c3,bbbp,100,new_10_100_1000,classification,auc,0.9536323610346725,0.9536323610346725,0.0,regression: dora_rmse - lora_rmse; classification: lora_auc - dora_auc; negative = DoRA better
molformer_c3,bbbp,1000,new_10_100_1000,classification,auc,0.9704545454545455,0.970028409090909,0.00042613636363642016,regression: dora_rmse - lora_rmse; classification: lora_auc - dora_auc; negative = DoRA better
molformer_c3,sider,0,existing_0_1_2,classification,auc,0.6569651418205019,0.653021820121699,0.00394332169880296,regression: dora_rmse - lora_rmse; classification: lora_auc - dora_auc; negative = DoRA better
molformer_c3,sider,1,existing_0_1_2,classification,auc,0.6221960808902127,0.6184832822332953,0.0037127986569174265,regression: dora_rmse - lora_rmse; classification: lora_auc - dora_auc; negative = DoRA better
molformer_c3,sider,2,existing_0_1_2,classification,auc,0.5856731243682443,0.5844132703162578,0.0012598540519864754,regression: dora_rmse - lora_rmse; classification: lora_auc - dora_auc; negative = DoRA better
molformer_c3,sider,10,new_10_100_1000,classification,auc,0.6203905149830161,0.6395639420375354,-0.0191734270545193,regression: dora_rmse - lora_rmse; classification: lora_auc - dora_auc; negative = DoRA better
molformer_c3,sider,100,new_10_100_1000,classification,auc,0.6582432422262396,0.6522807223272055,0.00596251989903418,regression: dora_rmse - lora_rmse; classification: lora_auc - dora_auc; negative = DoRA better
molformer_c3,sider,1000,new_10_100_1000,classification,auc,0.6146848346415512,0.6183761560563386,-0.0036913214147873408,regression: dora_rmse - lora_rmse; classification: lora_auc - dora_auc; negative = DoRA better
