backbone,dataset,method,lora_alpha,seed,protocol,metric_type,task_type,n7_metric,alpha16_baseline_metric,paired_bad_diff_vs_alpha16,direction,n7_checkpoint,alpha16_baseline_checkpoint
cmpnn,freesolv,lora,8,0,scaffold,rmse,regression,2.335345,2.16195,0.17339499999999974,positive = alpha variant worse than alpha=16 baseline in bad-space,dumped/n7_alpha_sensitivity_freesolv_lora_alpha8_cmpnn_scaffold_seed0/run_0/model_0/model.pt,dumped/baseline_freesolv_lora_scaffold_seed0/run_0/model_0/model.pt
cmpnn,freesolv,lora,8,1,scaffold,rmse,regression,2.833255,2.673929,0.15932600000000008,positive = alpha variant worse than alpha=16 baseline in bad-space,dumped/n7_alpha_sensitivity_freesolv_lora_alpha8_cmpnn_scaffold_seed1/run_0/model_0/model.pt,dumped/baseline_freesolv_lora_scaffold_seed1/run_0/model_0/model.pt
cmpnn,freesolv,lora,8,2,scaffold,rmse,regression,1.501944,1.490457,0.011487000000000025,positive = alpha variant worse than alpha=16 baseline in bad-space,dumped/n7_alpha_sensitivity_freesolv_lora_alpha8_cmpnn_scaffold_seed2/run_0/model_0/model.pt,dumped/baseline_freesolv_lora_scaffold_seed2/run_0/model_0/model.pt
cmpnn,freesolv,lora,32,0,scaffold,rmse,regression,2.052444,2.16195,-0.1095060000000001,positive = alpha variant worse than alpha=16 baseline in bad-space,dumped/n7_alpha_sensitivity_freesolv_lora_alpha32_cmpnn_scaffold_seed0/run_0/model_0/model.pt,dumped/baseline_freesolv_lora_scaffold_seed0/run_0/model_0/model.pt
cmpnn,freesolv,lora,32,1,scaffold,rmse,regression,2.637482,2.673929,-0.036446999999999896,positive = alpha variant worse than alpha=16 baseline in bad-space,dumped/n7_alpha_sensitivity_freesolv_lora_alpha32_cmpnn_scaffold_seed1/run_0/model_0/model.pt,dumped/baseline_freesolv_lora_scaffold_seed1/run_0/model_0/model.pt
cmpnn,freesolv,lora,32,2,scaffold,rmse,regression,1.515283,1.490457,0.024826000000000015,positive = alpha variant worse than alpha=16 baseline in bad-space,dumped/n7_alpha_sensitivity_freesolv_lora_alpha32_cmpnn_scaffold_seed2/run_0/model_0/model.pt,dumped/baseline_freesolv_lora_scaffold_seed2/run_0/model_0/model.pt
cmpnn,freesolv,dora,8,0,scaffold,rmse,regression,2.364236,2.096095,0.26814099999999996,positive = alpha variant worse than alpha=16 baseline in bad-space,dumped/n7_alpha_sensitivity_freesolv_dora_alpha8_cmpnn_scaffold_seed0/run_0/model_0/model.pt,dumped/baseline_freesolv_dora_scaffold_seed0/run_0/model_0/model.pt
cmpnn,freesolv,dora,8,1,scaffold,rmse,regression,2.761528,2.709365,0.05216300000000018,positive = alpha variant worse than alpha=16 baseline in bad-space,dumped/n7_alpha_sensitivity_freesolv_dora_alpha8_cmpnn_scaffold_seed1/run_0/model_0/model.pt,dumped/baseline_freesolv_dora_scaffold_seed1/run_0/model_0/model.pt
cmpnn,freesolv,dora,8,2,scaffold,rmse,regression,1.567033,1.570725,-0.0036920000000000286,positive = alpha variant worse than alpha=16 baseline in bad-space,dumped/n7_alpha_sensitivity_freesolv_dora_alpha8_cmpnn_scaffold_seed2/run_0/model_0/model.pt,dumped/baseline_freesolv_dora_scaffold_seed2/run_0/model_0/model.pt
cmpnn,freesolv,dora,32,0,scaffold,rmse,regression,2.043531,2.096095,-0.05256399999999983,positive = alpha variant worse than alpha=16 baseline in bad-space,dumped/n7_alpha_sensitivity_freesolv_dora_alpha32_cmpnn_scaffold_seed0/run_0/model_0/model.pt,dumped/baseline_freesolv_dora_scaffold_seed0/run_0/model_0/model.pt
cmpnn,freesolv,dora,32,1,scaffold,rmse,regression,2.566765,2.709365,-0.14259999999999984,positive = alpha variant worse than alpha=16 baseline in bad-space,dumped/n7_alpha_sensitivity_freesolv_dora_alpha32_cmpnn_scaffold_seed1/run_0/model_0/model.pt,dumped/baseline_freesolv_dora_scaffold_seed1/run_0/model_0/model.pt
cmpnn,freesolv,dora,32,2,scaffold,rmse,regression,1.498744,1.570725,-0.07198099999999985,positive = alpha variant worse than alpha=16 baseline in bad-space,dumped/n7_alpha_sensitivity_freesolv_dora_alpha32_cmpnn_scaffold_seed2/run_0/model_0/model.pt,dumped/baseline_freesolv_dora_scaffold_seed2/run_0/model_0/model.pt
cmpnn,esol,lora,8,0,scaffold,rmse,regression,0.742344,0.741628,0.0007160000000000499,positive = alpha variant worse than alpha=16 baseline in bad-space,dumped/n7_alpha_sensitivity_esol_lora_alpha8_cmpnn_scaffold_seed0/run_0/model_0/model.pt,dumped/baseline_esol_lora_scaffold_seed0/run_0/model_0/model.pt
cmpnn,esol,lora,8,1,scaffold,rmse,regression,0.744713,0.759042,-0.014329000000000036,positive = alpha variant worse than alpha=16 baseline in bad-space,dumped/n7_alpha_sensitivity_esol_lora_alpha8_cmpnn_scaffold_seed1/run_0/model_0/model.pt,dumped/baseline_esol_lora_scaffold_seed1/run_0/model_0/model.pt
cmpnn,esol,lora,8,2,scaffold,rmse,regression,0.996318,1.002986,-0.006667999999999896,positive = alpha variant worse than alpha=16 baseline in bad-space,dumped/n7_alpha_sensitivity_esol_lora_alpha8_cmpnn_scaffold_seed2/run_0/model_0/model.pt,dumped/baseline_esol_lora_scaffold_seed2/run_0/model_0/model.pt
cmpnn,esol,lora,32,0,scaffold,rmse,regression,0.729474,0.741628,-0.012153999999999998,positive = alpha variant worse than alpha=16 baseline in bad-space,dumped/n7_alpha_sensitivity_esol_lora_alpha32_cmpnn_scaffold_seed0/run_0/model_0/model.pt,dumped/baseline_esol_lora_scaffold_seed0/run_0/model_0/model.pt
cmpnn,esol,lora,32,1,scaffold,rmse,regression,0.756922,0.759042,-0.0021200000000000108,positive = alpha variant worse than alpha=16 baseline in bad-space,dumped/n7_alpha_sensitivity_esol_lora_alpha32_cmpnn_scaffold_seed1/run_0/model_0/model.pt,dumped/baseline_esol_lora_scaffold_seed1/run_0/model_0/model.pt
cmpnn,esol,lora,32,2,scaffold,rmse,regression,0.977629,1.002986,-0.025356999999999963,positive = alpha variant worse than alpha=16 baseline in bad-space,dumped/n7_alpha_sensitivity_esol_lora_alpha32_cmpnn_scaffold_seed2/run_0/model_0/model.pt,dumped/baseline_esol_lora_scaffold_seed2/run_0/model_0/model.pt
cmpnn,esol,dora,8,0,scaffold,rmse,regression,0.739568,0.75785,-0.01828200000000002,positive = alpha variant worse than alpha=16 baseline in bad-space,dumped/n7_alpha_sensitivity_esol_dora_alpha8_cmpnn_scaffold_seed0/run_0/model_0/model.pt,dumped/baseline_esol_dora_scaffold_seed0/run_0/model_0/model.pt
cmpnn,esol,dora,8,1,scaffold,rmse,regression,0.732237,0.770888,-0.03865099999999999,positive = alpha variant worse than alpha=16 baseline in bad-space,dumped/n7_alpha_sensitivity_esol_dora_alpha8_cmpnn_scaffold_seed1/run_0/model_0/model.pt,dumped/baseline_esol_dora_scaffold_seed1/run_0/model_0/model.pt
cmpnn,esol,dora,8,2,scaffold,rmse,regression,0.999149,0.990898,0.008251000000000008,positive = alpha variant worse than alpha=16 baseline in bad-space,dumped/n7_alpha_sensitivity_esol_dora_alpha8_cmpnn_scaffold_seed2/run_0/model_0/model.pt,dumped/baseline_esol_dora_scaffold_seed2/run_0/model_0/model.pt
cmpnn,esol,dora,32,0,scaffold,rmse,regression,0.718241,0.75785,-0.039609000000000005,positive = alpha variant worse than alpha=16 baseline in bad-space,dumped/n7_alpha_sensitivity_esol_dora_alpha32_cmpnn_scaffold_seed0/run_0/model_0/model.pt,dumped/baseline_esol_dora_scaffold_seed0/run_0/model_0/model.pt
cmpnn,esol,dora,32,1,scaffold,rmse,regression,0.736039,0.770888,-0.03484900000000002,positive = alpha variant worse than alpha=16 baseline in bad-space,dumped/n7_alpha_sensitivity_esol_dora_alpha32_cmpnn_scaffold_seed1/run_0/model_0/model.pt,dumped/baseline_esol_dora_scaffold_seed1/run_0/model_0/model.pt
cmpnn,esol,dora,32,2,scaffold,rmse,regression,0.996211,0.990898,0.005313000000000012,positive = alpha variant worse than alpha=16 baseline in bad-space,dumped/n7_alpha_sensitivity_esol_dora_alpha32_cmpnn_scaffold_seed2/run_0/model_0/model.pt,dumped/baseline_esol_dora_scaffold_seed2/run_0/model_0/model.pt
cmpnn,lipo,lora,8,0,scaffold,rmse,regression,0.618641,0.654229,-0.03558799999999995,positive = alpha variant worse than alpha=16 baseline in bad-space,dumped/n7_alpha_sensitivity_lipo_lora_alpha8_cmpnn_scaffold_seed0/run_0/model_0/model.pt,dumped/baseline_lipo_lora_scaffold_seed0/run_0/model_0/model.pt
cmpnn,lipo,lora,8,1,scaffold,rmse,regression,0.616823,0.641112,-0.024289000000000005,positive = alpha variant worse than alpha=16 baseline in bad-space,dumped/n7_alpha_sensitivity_lipo_lora_alpha8_cmpnn_scaffold_seed1/run_0/model_0/model.pt,dumped/baseline_lipo_lora_scaffold_seed1/run_0/model_0/model.pt
cmpnn,lipo,lora,8,2,scaffold,rmse,regression,0.687238,0.653554,0.03368400000000005,positive = alpha variant worse than alpha=16 baseline in bad-space,dumped/n7_alpha_sensitivity_lipo_lora_alpha8_cmpnn_scaffold_seed2/run_0/model_0/model.pt,dumped/baseline_lipo_lora_scaffold_seed2/run_0/model_0/model.pt
cmpnn,lipo,lora,32,0,scaffold,rmse,regression,0.61133,0.654229,-0.04289899999999991,positive = alpha variant worse than alpha=16 baseline in bad-space,dumped/n7_alpha_sensitivity_lipo_lora_alpha32_cmpnn_scaffold_seed0/run_0/model_0/model.pt,dumped/baseline_lipo_lora_scaffold_seed0/run_0/model_0/model.pt
cmpnn,lipo,lora,32,1,scaffold,rmse,regression,0.609503,0.641112,-0.031609,positive = alpha variant worse than alpha=16 baseline in bad-space,dumped/n7_alpha_sensitivity_lipo_lora_alpha32_cmpnn_scaffold_seed1/run_0/model_0/model.pt,dumped/baseline_lipo_lora_scaffold_seed1/run_0/model_0/model.pt
cmpnn,lipo,lora,32,2,scaffold,rmse,regression,0.674775,0.653554,0.021221000000000045,positive = alpha variant worse than alpha=16 baseline in bad-space,dumped/n7_alpha_sensitivity_lipo_lora_alpha32_cmpnn_scaffold_seed2/run_0/model_0/model.pt,dumped/baseline_lipo_lora_scaffold_seed2/run_0/model_0/model.pt
cmpnn,lipo,dora,8,0,scaffold,rmse,regression,0.639101,0.627623,0.011477999999999988,positive = alpha variant worse than alpha=16 baseline in bad-space,dumped/n7_alpha_sensitivity_lipo_dora_alpha8_cmpnn_scaffold_seed0/run_0/model_0/model.pt,dumped/baseline_lipo_dora_scaffold_seed0/run_0/model_0/model.pt
cmpnn,lipo,dora,8,1,scaffold,rmse,regression,0.648351,0.613169,0.03518200000000005,positive = alpha variant worse than alpha=16 baseline in bad-space,dumped/n7_alpha_sensitivity_lipo_dora_alpha8_cmpnn_scaffold_seed1/run_0/model_0/model.pt,dumped/baseline_lipo_dora_scaffold_seed1/run_0/model_0/model.pt
cmpnn,lipo,dora,8,2,scaffold,rmse,regression,0.674815,0.665076,0.009739000000000053,positive = alpha variant worse than alpha=16 baseline in bad-space,dumped/n7_alpha_sensitivity_lipo_dora_alpha8_cmpnn_scaffold_seed2/run_0/model_0/model.pt,dumped/baseline_lipo_dora_scaffold_seed2/run_0/model_0/model.pt
cmpnn,lipo,dora,32,0,scaffold,rmse,regression,0.621882,0.627623,-0.005740999999999996,positive = alpha variant worse than alpha=16 baseline in bad-space,dumped/n7_alpha_sensitivity_lipo_dora_alpha32_cmpnn_scaffold_seed0/run_0/model_0/model.pt,dumped/baseline_lipo_dora_scaffold_seed0/run_0/model_0/model.pt
cmpnn,lipo,dora,32,1,scaffold,rmse,regression,0.608104,0.613169,-0.005064999999999986,positive = alpha variant worse than alpha=16 baseline in bad-space,dumped/n7_alpha_sensitivity_lipo_dora_alpha32_cmpnn_scaffold_seed1/run_0/model_0/model.pt,dumped/baseline_lipo_dora_scaffold_seed1/run_0/model_0/model.pt
cmpnn,lipo,dora,32,2,scaffold,rmse,regression,0.663788,0.665076,-0.0012879999999999558,positive = alpha variant worse than alpha=16 baseline in bad-space,dumped/n7_alpha_sensitivity_lipo_dora_alpha32_cmpnn_scaffold_seed2/run_0/model_0/model.pt,dumped/baseline_lipo_dora_scaffold_seed2/run_0/model_0/model.pt
cmpnn,bace,lora,8,0,scaffold,auc,classification,0.872871,0.852502,-0.02036899999999997,positive = alpha variant worse than alpha=16 baseline in bad-space,dumped/n7_alpha_sensitivity_bace_lora_alpha8_cmpnn_scaffold_seed0/run_0/model_0/model.pt,dumped/baseline_bace_lora_scaffold_seed0/run_0/model_0/model.pt
cmpnn,bace,lora,8,1,scaffold,auc,classification,0.898258,0.913937,0.015679,positive = alpha variant worse than alpha=16 baseline in bad-space,dumped/n7_alpha_sensitivity_bace_lora_alpha8_cmpnn_scaffold_seed1/run_0/model_0/model.pt,dumped/baseline_bace_lora_scaffold_seed1/run_0/model_0/model.pt
cmpnn,bace,lora,8,2,scaffold,auc,classification,0.831569,0.831373,-0.00019599999999997397,positive = alpha variant worse than alpha=16 baseline in bad-space,dumped/n7_alpha_sensitivity_bace_lora_alpha8_cmpnn_scaffold_seed2/run_0/model_0/model.pt,dumped/baseline_bace_lora_scaffold_seed2/run_0/model_0/model.pt
cmpnn,bace,lora,32,0,scaffold,auc,classification,0.830729,0.852502,0.02177299999999993,positive = alpha variant worse than alpha=16 baseline in bad-space,dumped/n7_alpha_sensitivity_bace_lora_alpha32_cmpnn_scaffold_seed0/run_0/model_0/model.pt,dumped/baseline_bace_lora_scaffold_seed0/run_0/model_0/model.pt
cmpnn,bace,lora,32,1,scaffold,auc,classification,0.924216,0.913937,-0.010279000000000038,positive = alpha variant worse than alpha=16 baseline in bad-space,dumped/n7_alpha_sensitivity_bace_lora_alpha32_cmpnn_scaffold_seed1/run_0/model_0/model.pt,dumped/baseline_bace_lora_scaffold_seed1/run_0/model_0/model.pt
cmpnn,bace,lora,32,2,scaffold,auc,classification,0.840196,0.831373,-0.008823000000000025,positive = alpha variant worse than alpha=16 baseline in bad-space,dumped/n7_alpha_sensitivity_bace_lora_alpha32_cmpnn_scaffold_seed2/run_0/model_0/model.pt,dumped/baseline_bace_lora_scaffold_seed2/run_0/model_0/model.pt
cmpnn,bace,dora,8,0,scaffold,auc,classification,0.864267,0.853556,-0.010711000000000026,positive = alpha variant worse than alpha=16 baseline in bad-space,dumped/n7_alpha_sensitivity_bace_dora_alpha8_cmpnn_scaffold_seed0/run_0/model_0/model.pt,dumped/baseline_bace_dora_scaffold_seed0/run_0/model_0/model.pt
cmpnn,bace,dora,8,1,scaffold,auc,classification,0.887631,0.903136,0.015505000000000102,positive = alpha variant worse than alpha=16 baseline in bad-space,dumped/n7_alpha_sensitivity_bace_dora_alpha8_cmpnn_scaffold_seed1/run_0/model_0/model.pt,dumped/baseline_bace_dora_scaffold_seed1/run_0/model_0/model.pt
cmpnn,bace,dora,8,2,scaffold,auc,classification,0.827647,0.847059,0.019411999999999985,positive = alpha variant worse than alpha=16 baseline in bad-space,dumped/n7_alpha_sensitivity_bace_dora_alpha8_cmpnn_scaffold_seed2/run_0/model_0/model.pt,dumped/baseline_bace_dora_scaffold_seed2/run_0/model_0/model.pt
cmpnn,bace,dora,32,0,scaffold,auc,classification,0.836699,0.853556,0.01685700000000001,positive = alpha variant worse than alpha=16 baseline in bad-space,dumped/n7_alpha_sensitivity_bace_dora_alpha32_cmpnn_scaffold_seed0/run_0/model_0/model.pt,dumped/baseline_bace_dora_scaffold_seed0/run_0/model_0/model.pt
cmpnn,bace,dora,32,1,scaffold,auc,classification,0.927003,0.903136,-0.02386699999999997,positive = alpha variant worse than alpha=16 baseline in bad-space,dumped/n7_alpha_sensitivity_bace_dora_alpha32_cmpnn_scaffold_seed1/run_0/model_0/model.pt,dumped/baseline_bace_dora_scaffold_seed1/run_0/model_0/model.pt
cmpnn,bace,dora,32,2,scaffold,auc,classification,0.844902,0.847059,0.0021569999999999645,positive = alpha variant worse than alpha=16 baseline in bad-space,dumped/n7_alpha_sensitivity_bace_dora_alpha32_cmpnn_scaffold_seed2/run_0/model_0/model.pt,dumped/baseline_bace_dora_scaffold_seed2/run_0/model_0/model.pt
cmpnn,bbbp,lora,8,0,scaffold,auc,classification,0.959666,0.958709,-0.0009569999999999856,positive = alpha variant worse than alpha=16 baseline in bad-space,dumped/n7_alpha_sensitivity_bbbp_lora_alpha8_cmpnn_scaffold_seed0/run_0/model_0/model.pt,dumped/baseline_bbbp_lora_scaffold_seed0/run_0/model_0/model.pt
cmpnn,bbbp,lora,8,1,scaffold,auc,classification,0.916727,0.913697,-0.003029999999999977,positive = alpha variant worse than alpha=16 baseline in bad-space,dumped/n7_alpha_sensitivity_bbbp_lora_alpha8_cmpnn_scaffold_seed1/run_0/model_0/model.pt,dumped/baseline_bbbp_lora_scaffold_seed1/run_0/model_0/model.pt
cmpnn,bbbp,lora,8,2,scaffold,auc,classification,0.966221,0.943174,-0.02304700000000004,positive = alpha variant worse than alpha=16 baseline in bad-space,dumped/n7_alpha_sensitivity_bbbp_lora_alpha8_cmpnn_scaffold_seed2/run_0/model_0/model.pt,dumped/baseline_bbbp_lora_scaffold_seed2/run_0/model_0/model.pt
cmpnn,bbbp,lora,32,0,scaffold,auc,classification,0.96117,0.958709,-0.0024609999999999355,positive = alpha variant worse than alpha=16 baseline in bad-space,dumped/n7_alpha_sensitivity_bbbp_lora_alpha32_cmpnn_scaffold_seed0/run_0/model_0/model.pt,dumped/baseline_bbbp_lora_scaffold_seed0/run_0/model_0/model.pt
cmpnn,bbbp,lora,32,1,scaffold,auc,classification,0.918061,0.913697,-0.0043640000000000345,positive = alpha variant worse than alpha=16 baseline in bad-space,dumped/n7_alpha_sensitivity_bbbp_lora_alpha32_cmpnn_scaffold_seed1/run_0/model_0/model.pt,dumped/baseline_bbbp_lora_scaffold_seed1/run_0/model_0/model.pt
cmpnn,bbbp,lora,32,2,scaffold,auc,classification,0.953143,0.943174,-0.009969000000000006,positive = alpha variant worse than alpha=16 baseline in bad-space,dumped/n7_alpha_sensitivity_bbbp_lora_alpha32_cmpnn_scaffold_seed2/run_0/model_0/model.pt,dumped/baseline_bbbp_lora_scaffold_seed2/run_0/model_0/model.pt
cmpnn,bbbp,dora,8,0,scaffold,auc,classification,0.957479,0.956385,-0.0010939999999999284,positive = alpha variant worse than alpha=16 baseline in bad-space,dumped/n7_alpha_sensitivity_bbbp_dora_alpha8_cmpnn_scaffold_seed0/run_0/model_0/model.pt,dumped/baseline_bbbp_dora_scaffold_seed0/run_0/model_0/model.pt
cmpnn,bbbp,dora,8,1,scaffold,auc,classification,0.915758,0.916727,0.0009689999999999976,positive = alpha variant worse than alpha=16 baseline in bad-space,dumped/n7_alpha_sensitivity_bbbp_dora_alpha8_cmpnn_scaffold_seed1/run_0/model_0/model.pt,dumped/baseline_bbbp_dora_scaffold_seed1/run_0/model_0/model.pt
cmpnn,bbbp,dora,8,2,scaffold,auc,classification,0.965635,0.93989,-0.025745000000000018,positive = alpha variant worse than alpha=16 baseline in bad-space,dumped/n7_alpha_sensitivity_bbbp_dora_alpha8_cmpnn_scaffold_seed2/run_0/model_0/model.pt,dumped/baseline_bbbp_dora_scaffold_seed2/run_0/model_0/model.pt
cmpnn,bbbp,dora,32,0,scaffold,auc,classification,0.957342,0.956385,-0.0009569999999999856,positive = alpha variant worse than alpha=16 baseline in bad-space,dumped/n7_alpha_sensitivity_bbbp_dora_alpha32_cmpnn_scaffold_seed0/run_0/model_0/model.pt,dumped/baseline_bbbp_dora_scaffold_seed0/run_0/model_0/model.pt
cmpnn,bbbp,dora,32,1,scaffold,auc,classification,0.913939,0.916727,0.0027880000000000127,positive = alpha variant worse than alpha=16 baseline in bad-space,dumped/n7_alpha_sensitivity_bbbp_dora_alpha32_cmpnn_scaffold_seed1/run_0/model_0/model.pt,dumped/baseline_bbbp_dora_scaffold_seed1/run_0/model_0/model.pt
cmpnn,bbbp,dora,32,2,scaffold,auc,classification,0.952029,0.93989,-0.012139000000000011,positive = alpha variant worse than alpha=16 baseline in bad-space,dumped/n7_alpha_sensitivity_bbbp_dora_alpha32_cmpnn_scaffold_seed2/run_0/model_0/model.pt,dumped/baseline_bbbp_dora_scaffold_seed2/run_0/model_0/model.pt
cmpnn,sider,lora,8,0,scaffold,auc,classification,0.599992,0.562181,-0.03781099999999993,positive = alpha variant worse than alpha=16 baseline in bad-space,dumped/n7_alpha_sensitivity_sider_lora_alpha8_cmpnn_scaffold_seed0/run_0/model_0/model.pt,dumped/baseline_sider_lora_scaffold_seed0/run_0/model_0/model.pt
cmpnn,sider,lora,8,1,scaffold,auc,classification,0.622262,0.619716,-0.002545999999999937,positive = alpha variant worse than alpha=16 baseline in bad-space,dumped/n7_alpha_sensitivity_sider_lora_alpha8_cmpnn_scaffold_seed1/run_0/model_0/model.pt,dumped/baseline_sider_lora_scaffold_seed1/run_0/model_0/model.pt
cmpnn,sider,lora,8,2,scaffold,auc,classification,0.578072,0.594403,0.016330999999999984,positive = alpha variant worse than alpha=16 baseline in bad-space,dumped/n7_alpha_sensitivity_sider_lora_alpha8_cmpnn_scaffold_seed2/run_0/model_0/model.pt,dumped/baseline_sider_lora_scaffold_seed2/run_0/model_0/model.pt
cmpnn,sider,lora,32,0,scaffold,auc,classification,0.611276,0.562181,-0.049095,positive = alpha variant worse than alpha=16 baseline in bad-space,dumped/n7_alpha_sensitivity_sider_lora_alpha32_cmpnn_scaffold_seed0/run_0/model_0/model.pt,dumped/baseline_sider_lora_scaffold_seed0/run_0/model_0/model.pt
cmpnn,sider,lora,32,1,scaffold,auc,classification,0.588348,0.619716,0.03136800000000006,positive = alpha variant worse than alpha=16 baseline in bad-space,dumped/n7_alpha_sensitivity_sider_lora_alpha32_cmpnn_scaffold_seed1/run_0/model_0/model.pt,dumped/baseline_sider_lora_scaffold_seed1/run_0/model_0/model.pt
cmpnn,sider,lora,32,2,scaffold,auc,classification,0.618475,0.594403,-0.024071999999999982,positive = alpha variant worse than alpha=16 baseline in bad-space,dumped/n7_alpha_sensitivity_sider_lora_alpha32_cmpnn_scaffold_seed2/run_0/model_0/model.pt,dumped/baseline_sider_lora_scaffold_seed2/run_0/model_0/model.pt
cmpnn,sider,dora,8,0,scaffold,auc,classification,0.616329,0.608458,-0.007870999999999961,positive = alpha variant worse than alpha=16 baseline in bad-space,dumped/n7_alpha_sensitivity_sider_dora_alpha8_cmpnn_scaffold_seed0/run_0/model_0/model.pt,dumped/baseline_sider_dora_scaffold_seed0/run_0/model_0/model.pt
cmpnn,sider,dora,8,1,scaffold,auc,classification,0.61863,0.613473,-0.005156999999999967,positive = alpha variant worse than alpha=16 baseline in bad-space,dumped/n7_alpha_sensitivity_sider_dora_alpha8_cmpnn_scaffold_seed1/run_0/model_0/model.pt,dumped/baseline_sider_dora_scaffold_seed1/run_0/model_0/model.pt
cmpnn,sider,dora,8,2,scaffold,auc,classification,0.584148,0.587158,0.003009999999999957,positive = alpha variant worse than alpha=16 baseline in bad-space,dumped/n7_alpha_sensitivity_sider_dora_alpha8_cmpnn_scaffold_seed2/run_0/model_0/model.pt,dumped/baseline_sider_dora_scaffold_seed2/run_0/model_0/model.pt
cmpnn,sider,dora,32,0,scaffold,auc,classification,0.618072,0.608458,-0.0096139999999999,positive = alpha variant worse than alpha=16 baseline in bad-space,dumped/n7_alpha_sensitivity_sider_dora_alpha32_cmpnn_scaffold_seed0/run_0/model_0/model.pt,dumped/baseline_sider_dora_scaffold_seed0/run_0/model_0/model.pt
cmpnn,sider,dora,32,1,scaffold,auc,classification,0.607455,0.613473,0.006018000000000079,positive = alpha variant worse than alpha=16 baseline in bad-space,dumped/n7_alpha_sensitivity_sider_dora_alpha32_cmpnn_scaffold_seed1/run_0/model_0/model.pt,dumped/baseline_sider_dora_scaffold_seed1/run_0/model_0/model.pt
cmpnn,sider,dora,32,2,scaffold,auc,classification,0.606962,0.587158,-0.019804000000000044,positive = alpha variant worse than alpha=16 baseline in bad-space,dumped/n7_alpha_sensitivity_sider_dora_alpha32_cmpnn_scaffold_seed2/run_0/model_0/model.pt,dumped/baseline_sider_dora_scaffold_seed2/run_0/model_0/model.pt
chemberta2,freesolv,lora,8,0,scaffold,rmse,regression,2.252512376859238,2.1771432116972695,0.07536916516196834,positive = alpha variant worse than alpha=16 baseline in bad-space,dumped/n7_alpha_sensitivity_freesolv_lora_alpha8_chemberta2_scaffold_seed0/model.pt,dumped/baseline_freesolv_lora_chemberta2_scaffold_seed0/model.pt
chemberta2,freesolv,lora,8,1,scaffold,rmse,regression,2.7505273313372745,2.5534737879847706,0.1970535433525038,positive = alpha variant worse than alpha=16 baseline in bad-space,dumped/n7_alpha_sensitivity_freesolv_lora_alpha8_chemberta2_scaffold_seed1/model.pt,dumped/baseline_freesolv_lora_chemberta2_scaffold_seed1/model.pt
chemberta2,freesolv,lora,8,2,scaffold,rmse,regression,1.8735325475003013,2.257611117242196,-0.3840785697418949,positive = alpha variant worse than alpha=16 baseline in bad-space,dumped/n7_alpha_sensitivity_freesolv_lora_alpha8_chemberta2_scaffold_seed2/model.pt,dumped/baseline_freesolv_lora_chemberta2_scaffold_seed2/model.pt
chemberta2,freesolv,lora,32,0,scaffold,rmse,regression,2.1914256157928844,2.1771432116972695,0.014282404095614876,positive = alpha variant worse than alpha=16 baseline in bad-space,dumped/n7_alpha_sensitivity_freesolv_lora_alpha32_chemberta2_scaffold_seed0/model.pt,dumped/baseline_freesolv_lora_chemberta2_scaffold_seed0/model.pt
chemberta2,freesolv,lora,32,1,scaffold,rmse,regression,2.6504785105696396,2.5534737879847706,0.09700472258486892,positive = alpha variant worse than alpha=16 baseline in bad-space,dumped/n7_alpha_sensitivity_freesolv_lora_alpha32_chemberta2_scaffold_seed1/model.pt,dumped/baseline_freesolv_lora_chemberta2_scaffold_seed1/model.pt
chemberta2,freesolv,lora,32,2,scaffold,rmse,regression,1.860841060929312,2.257611117242196,-0.3967700563128842,positive = alpha variant worse than alpha=16 baseline in bad-space,dumped/n7_alpha_sensitivity_freesolv_lora_alpha32_chemberta2_scaffold_seed2/model.pt,dumped/baseline_freesolv_lora_chemberta2_scaffold_seed2/model.pt
chemberta2,freesolv,dora,8,0,scaffold,rmse,regression,2.259627302547311,2.179350030404293,0.08027727214301761,positive = alpha variant worse than alpha=16 baseline in bad-space,dumped/n7_alpha_sensitivity_freesolv_dora_alpha8_chemberta2_scaffold_seed0/model.pt,dumped/baseline_freesolv_dora_chemberta2_scaffold_seed0/model.pt
chemberta2,freesolv,dora,8,1,scaffold,rmse,regression,2.739038033601911,2.546954007473736,0.1920840261281751,positive = alpha variant worse than alpha=16 baseline in bad-space,dumped/n7_alpha_sensitivity_freesolv_dora_alpha8_chemberta2_scaffold_seed1/model.pt,dumped/baseline_freesolv_dora_chemberta2_scaffold_seed1/model.pt
chemberta2,freesolv,dora,8,2,scaffold,rmse,regression,1.8640996707046453,2.2555224146337007,-0.3914227439290554,positive = alpha variant worse than alpha=16 baseline in bad-space,dumped/n7_alpha_sensitivity_freesolv_dora_alpha8_chemberta2_scaffold_seed2/model.pt,dumped/baseline_freesolv_dora_chemberta2_scaffold_seed2/model.pt
chemberta2,freesolv,dora,32,0,scaffold,rmse,regression,2.196840128072438,2.179350030404293,0.01749009766814469,positive = alpha variant worse than alpha=16 baseline in bad-space,dumped/n7_alpha_sensitivity_freesolv_dora_alpha32_chemberta2_scaffold_seed0/model.pt,dumped/baseline_freesolv_dora_chemberta2_scaffold_seed0/model.pt
chemberta2,freesolv,dora,32,1,scaffold,rmse,regression,2.657458939042203,2.546954007473736,0.11050493156846741,positive = alpha variant worse than alpha=16 baseline in bad-space,dumped/n7_alpha_sensitivity_freesolv_dora_alpha32_chemberta2_scaffold_seed1/model.pt,dumped/baseline_freesolv_dora_chemberta2_scaffold_seed1/model.pt
chemberta2,freesolv,dora,32,2,scaffold,rmse,regression,1.8587267090108441,2.2555224146337007,-0.3967957056228566,positive = alpha variant worse than alpha=16 baseline in bad-space,dumped/n7_alpha_sensitivity_freesolv_dora_alpha32_chemberta2_scaffold_seed2/model.pt,dumped/baseline_freesolv_dora_chemberta2_scaffold_seed2/model.pt
chemberta2,esol,lora,8,0,scaffold,rmse,regression,0.7368118761250732,0.7722132076984445,-0.03540133157337133,positive = alpha variant worse than alpha=16 baseline in bad-space,dumped/n7_alpha_sensitivity_esol_lora_alpha8_chemberta2_scaffold_seed0/model.pt,dumped/baseline_esol_lora_chemberta2_scaffold_seed0/model.pt
chemberta2,esol,lora,8,1,scaffold,rmse,regression,0.9453229982407919,0.9119242576279227,0.03339874061286918,positive = alpha variant worse than alpha=16 baseline in bad-space,dumped/n7_alpha_sensitivity_esol_lora_alpha8_chemberta2_scaffold_seed1/model.pt,dumped/baseline_esol_lora_chemberta2_scaffold_seed1/model.pt
chemberta2,esol,lora,8,2,scaffold,rmse,regression,1.0659599627943719,1.06847809126746,-0.002518128473088188,positive = alpha variant worse than alpha=16 baseline in bad-space,dumped/n7_alpha_sensitivity_esol_lora_alpha8_chemberta2_scaffold_seed2/model.pt,dumped/baseline_esol_lora_chemberta2_scaffold_seed2/model.pt
chemberta2,esol,lora,32,0,scaffold,rmse,regression,0.7769095967231711,0.7722132076984445,0.004696389024726577,positive = alpha variant worse than alpha=16 baseline in bad-space,dumped/n7_alpha_sensitivity_esol_lora_alpha32_chemberta2_scaffold_seed0/model.pt,dumped/baseline_esol_lora_chemberta2_scaffold_seed0/model.pt
chemberta2,esol,lora,32,1,scaffold,rmse,regression,1.0675409449423559,0.9119242576279227,0.15561668731443312,positive = alpha variant worse than alpha=16 baseline in bad-space,dumped/n7_alpha_sensitivity_esol_lora_alpha32_chemberta2_scaffold_seed1/model.pt,dumped/baseline_esol_lora_chemberta2_scaffold_seed1/model.pt
chemberta2,esol,lora,32,2,scaffold,rmse,regression,1.092446886076534,1.06847809126746,0.02396879480907388,positive = alpha variant worse than alpha=16 baseline in bad-space,dumped/n7_alpha_sensitivity_esol_lora_alpha32_chemberta2_scaffold_seed2/model.pt,dumped/baseline_esol_lora_chemberta2_scaffold_seed2/model.pt
chemberta2,esol,dora,8,0,scaffold,rmse,regression,0.7364961953437151,0.7737233568081575,-0.03722716146444238,positive = alpha variant worse than alpha=16 baseline in bad-space,dumped/n7_alpha_sensitivity_esol_dora_alpha8_chemberta2_scaffold_seed0/model.pt,dumped/baseline_esol_dora_chemberta2_scaffold_seed0/model.pt
chemberta2,esol,dora,8,1,scaffold,rmse,regression,0.9440415721443779,0.9920034162708646,-0.04796184412648674,positive = alpha variant worse than alpha=16 baseline in bad-space,dumped/n7_alpha_sensitivity_esol_dora_alpha8_chemberta2_scaffold_seed1/model.pt,dumped/baseline_esol_dora_chemberta2_scaffold_seed1/model.pt
chemberta2,esol,dora,8,2,scaffold,rmse,regression,1.0634068377768762,1.0677147965894633,-0.004307958812587165,positive = alpha variant worse than alpha=16 baseline in bad-space,dumped/n7_alpha_sensitivity_esol_dora_alpha8_chemberta2_scaffold_seed2/model.pt,dumped/baseline_esol_dora_chemberta2_scaffold_seed2/model.pt
chemberta2,esol,dora,32,0,scaffold,rmse,regression,0.7755036932231979,0.7737233568081575,0.0017803364150403844,positive = alpha variant worse than alpha=16 baseline in bad-space,dumped/n7_alpha_sensitivity_esol_dora_alpha32_chemberta2_scaffold_seed0/model.pt,dumped/baseline_esol_dora_chemberta2_scaffold_seed0/model.pt
chemberta2,esol,dora,32,1,scaffold,rmse,regression,0.9698629753920006,0.9920034162708646,-0.02214044087886402,positive = alpha variant worse than alpha=16 baseline in bad-space,dumped/n7_alpha_sensitivity_esol_dora_alpha32_chemberta2_scaffold_seed1/model.pt,dumped/baseline_esol_dora_chemberta2_scaffold_seed1/model.pt
chemberta2,esol,dora,32,2,scaffold,rmse,regression,1.0919473233914572,1.0677147965894633,0.024232526801993837,positive = alpha variant worse than alpha=16 baseline in bad-space,dumped/n7_alpha_sensitivity_esol_dora_alpha32_chemberta2_scaffold_seed2/model.pt,dumped/baseline_esol_dora_chemberta2_scaffold_seed2/model.pt
chemberta2,lipo,lora,8,0,scaffold,rmse,regression,0.7234613830710697,0.7156973573177254,0.007764025753344228,positive = alpha variant worse than alpha=16 baseline in bad-space,dumped/n7_alpha_sensitivity_lipo_lora_alpha8_chemberta2_scaffold_seed0/model.pt,dumped/baseline_lipo_lora_chemberta2_scaffold_seed0/model.pt
chemberta2,lipo,lora,8,1,scaffold,rmse,regression,0.7270554951655235,0.7192317757762267,0.007823719389296824,positive = alpha variant worse than alpha=16 baseline in bad-space,dumped/n7_alpha_sensitivity_lipo_lora_alpha8_chemberta2_scaffold_seed1/model.pt,dumped/baseline_lipo_lora_chemberta2_scaffold_seed1/model.pt
chemberta2,lipo,lora,8,2,scaffold,rmse,regression,0.8057746580104653,0.7994629592163899,0.006311698794075449,positive = alpha variant worse than alpha=16 baseline in bad-space,dumped/n7_alpha_sensitivity_lipo_lora_alpha8_chemberta2_scaffold_seed2/model.pt,dumped/baseline_lipo_lora_chemberta2_scaffold_seed2/model.pt
chemberta2,lipo,lora,32,0,scaffold,rmse,regression,0.7164190060344131,0.7156973573177254,0.0007216487166876728,positive = alpha variant worse than alpha=16 baseline in bad-space,dumped/n7_alpha_sensitivity_lipo_lora_alpha32_chemberta2_scaffold_seed0/model.pt,dumped/baseline_lipo_lora_chemberta2_scaffold_seed0/model.pt
chemberta2,lipo,lora,32,1,scaffold,rmse,regression,0.6896618103096355,0.7192317757762267,-0.029569965466591186,positive = alpha variant worse than alpha=16 baseline in bad-space,dumped/n7_alpha_sensitivity_lipo_lora_alpha32_chemberta2_scaffold_seed1/model.pt,dumped/baseline_lipo_lora_chemberta2_scaffold_seed1/model.pt
chemberta2,lipo,lora,32,2,scaffold,rmse,regression,0.7752179162460803,0.7994629592163899,-0.024245042970309605,positive = alpha variant worse than alpha=16 baseline in bad-space,dumped/n7_alpha_sensitivity_lipo_lora_alpha32_chemberta2_scaffold_seed2/model.pt,dumped/baseline_lipo_lora_chemberta2_scaffold_seed2/model.pt
chemberta2,lipo,dora,8,0,scaffold,rmse,regression,0.7224091803416246,0.7091729199783385,0.013236260363286068,positive = alpha variant worse than alpha=16 baseline in bad-space,dumped/n7_alpha_sensitivity_lipo_dora_alpha8_chemberta2_scaffold_seed0/model.pt,dumped/baseline_lipo_dora_chemberta2_scaffold_seed0/model.pt
chemberta2,lipo,dora,8,1,scaffold,rmse,regression,0.7234468002215881,0.7117309753506946,0.01171582487089351,positive = alpha variant worse than alpha=16 baseline in bad-space,dumped/n7_alpha_sensitivity_lipo_dora_alpha8_chemberta2_scaffold_seed1/model.pt,dumped/baseline_lipo_dora_chemberta2_scaffold_seed1/model.pt
chemberta2,lipo,dora,8,2,scaffold,rmse,regression,0.8097597643671897,0.7943009709544985,0.015458793412691185,positive = alpha variant worse than alpha=16 baseline in bad-space,dumped/n7_alpha_sensitivity_lipo_dora_alpha8_chemberta2_scaffold_seed2/model.pt,dumped/baseline_lipo_dora_chemberta2_scaffold_seed2/model.pt
chemberta2,lipo,dora,32,0,scaffold,rmse,regression,0.7014589917261311,0.7091729199783385,-0.007713928252207403,positive = alpha variant worse than alpha=16 baseline in bad-space,dumped/n7_alpha_sensitivity_lipo_dora_alpha32_chemberta2_scaffold_seed0/model.pt,dumped/baseline_lipo_dora_chemberta2_scaffold_seed0/model.pt
chemberta2,lipo,dora,32,1,scaffold,rmse,regression,0.6878444935603684,0.7117309753506946,-0.023886481790326264,positive = alpha variant worse than alpha=16 baseline in bad-space,dumped/n7_alpha_sensitivity_lipo_dora_alpha32_chemberta2_scaffold_seed1/model.pt,dumped/baseline_lipo_dora_chemberta2_scaffold_seed1/model.pt
chemberta2,lipo,dora,32,2,scaffold,rmse,regression,0.7735695389064225,0.7943009709544985,-0.020731432048075926,positive = alpha variant worse than alpha=16 baseline in bad-space,dumped/n7_alpha_sensitivity_lipo_dora_alpha32_chemberta2_scaffold_seed2/model.pt,dumped/baseline_lipo_dora_chemberta2_scaffold_seed2/model.pt
chemberta2,bace,lora,8,0,scaffold,auc,classification,0.8421422300263389,0.8237050043898156,-0.01843722563652328,positive = alpha variant worse than alpha=16 baseline in bad-space,dumped/n7_alpha_sensitivity_bace_lora_alpha8_chemberta2_scaffold_seed0/model.pt,dumped/baseline_bace_lora_chemberta2_scaffold_seed0/model.pt
chemberta2,bace,lora,8,1,scaffold,auc,classification,0.8364982578397212,0.8631533101045297,0.026655052264808465,positive = alpha variant worse than alpha=16 baseline in bad-space,dumped/n7_alpha_sensitivity_bace_lora_alpha8_chemberta2_scaffold_seed1/model.pt,dumped/baseline_bace_lora_chemberta2_scaffold_seed1/model.pt
chemberta2,bace,lora,8,2,scaffold,auc,classification,0.7363725490196078,0.7626470588235295,0.026274509803921653,positive = alpha variant worse than alpha=16 baseline in bad-space,dumped/n7_alpha_sensitivity_bace_lora_alpha8_chemberta2_scaffold_seed2/model.pt,dumped/baseline_bace_lora_chemberta2_scaffold_seed2/model.pt
chemberta2,bace,lora,32,0,scaffold,auc,classification,0.8410886742756805,0.8237050043898156,-0.017383669885864816,positive = alpha variant worse than alpha=16 baseline in bad-space,dumped/n7_alpha_sensitivity_bace_lora_alpha32_chemberta2_scaffold_seed0/model.pt,dumped/baseline_bace_lora_chemberta2_scaffold_seed0/model.pt
chemberta2,bace,lora,32,1,scaffold,auc,classification,0.8572299651567944,0.8631533101045297,0.005923344947735276,positive = alpha variant worse than alpha=16 baseline in bad-space,dumped/n7_alpha_sensitivity_bace_lora_alpha32_chemberta2_scaffold_seed1/model.pt,dumped/baseline_bace_lora_chemberta2_scaffold_seed1/model.pt
chemberta2,bace,lora,32,2,scaffold,auc,classification,0.7218627450980392,0.7626470588235295,0.040784313725490295,positive = alpha variant worse than alpha=16 baseline in bad-space,dumped/n7_alpha_sensitivity_bace_lora_alpha32_chemberta2_scaffold_seed2/model.pt,dumped/baseline_bace_lora_chemberta2_scaffold_seed2/model.pt
chemberta2,bace,dora,8,0,scaffold,auc,classification,0.8382791922739244,0.8254609306409131,-0.012818261633011363,positive = alpha variant worse than alpha=16 baseline in bad-space,dumped/n7_alpha_sensitivity_bace_dora_alpha8_chemberta2_scaffold_seed0/model.pt,dumped/baseline_bace_dora_chemberta2_scaffold_seed0/model.pt
chemberta2,bace,dora,8,1,scaffold,auc,classification,0.8371951219512195,0.8633275261324042,0.026132404181184676,positive = alpha variant worse than alpha=16 baseline in bad-space,dumped/n7_alpha_sensitivity_bace_dora_alpha8_chemberta2_scaffold_seed1/model.pt,dumped/baseline_bace_dora_chemberta2_scaffold_seed1/model.pt
chemberta2,bace,dora,8,2,scaffold,auc,classification,0.7371568627450981,0.7640196078431373,0.02686274509803921,positive = alpha variant worse than alpha=16 baseline in bad-space,dumped/n7_alpha_sensitivity_bace_dora_alpha8_chemberta2_scaffold_seed2/model.pt,dumped/baseline_bace_dora_chemberta2_scaffold_seed2/model.pt
chemberta2,bace,dora,32,0,scaffold,auc,classification,0.8405618964003512,0.8254609306409131,-0.01510096575943809,positive = alpha variant worse than alpha=16 baseline in bad-space,dumped/n7_alpha_sensitivity_bace_dora_alpha32_chemberta2_scaffold_seed0/model.pt,dumped/baseline_bace_dora_chemberta2_scaffold_seed0/model.pt
chemberta2,bace,dora,32,1,scaffold,auc,classification,0.8509581881533101,0.8633275261324042,0.012369337979094008,positive = alpha variant worse than alpha=16 baseline in bad-space,dumped/n7_alpha_sensitivity_bace_dora_alpha32_chemberta2_scaffold_seed1/model.pt,dumped/baseline_bace_dora_chemberta2_scaffold_seed1/model.pt
chemberta2,bace,dora,32,2,scaffold,auc,classification,0.7236274509803922,0.7640196078431373,0.04039215686274511,positive = alpha variant worse than alpha=16 baseline in bad-space,dumped/n7_alpha_sensitivity_bace_dora_alpha32_chemberta2_scaffold_seed2/model.pt,dumped/baseline_bace_dora_chemberta2_scaffold_seed2/model.pt
chemberta2,bbbp,lora,8,0,scaffold,auc,classification,0.95638501503965,0.9604867377631938,0.00410172272354381,positive = alpha variant worse than alpha=16 baseline in bad-space,dumped/n7_alpha_sensitivity_bbbp_lora_alpha8_chemberta2_scaffold_seed0/model.pt,dumped/baseline_bbbp_lora_chemberta2_scaffold_seed0/model.pt
chemberta2,bbbp,lora,8,1,scaffold,auc,classification,0.9570909090909091,0.9585454545454546,0.0014545454545454861,positive = alpha variant worse than alpha=16 baseline in bad-space,dumped/n7_alpha_sensitivity_bbbp_lora_alpha8_chemberta2_scaffold_seed1/model.pt,dumped/baseline_bbbp_lora_chemberta2_scaffold_seed1/model.pt
chemberta2,bbbp,lora,8,2,scaffold,auc,classification,0.9831104855735397,0.9812338728594886,-0.0018766127140511513,positive = alpha variant worse than alpha=16 baseline in bad-space,dumped/n7_alpha_sensitivity_bbbp_lora_alpha8_chemberta2_scaffold_seed2/model.pt,dumped/baseline_bbbp_lora_chemberta2_scaffold_seed2/model.pt
chemberta2,bbbp,lora,32,0,scaffold,auc,classification,0.9599398414000547,0.9604867377631938,0.0005468963631390933,positive = alpha variant worse than alpha=16 baseline in bad-space,dumped/n7_alpha_sensitivity_bbbp_lora_alpha32_chemberta2_scaffold_seed0/model.pt,dumped/baseline_bbbp_lora_chemberta2_scaffold_seed0/model.pt
chemberta2,bbbp,lora,32,1,scaffold,auc,classification,0.9484848484848485,0.9585454545454546,0.010060606060606103,positive = alpha variant worse than alpha=16 baseline in bad-space,dumped/n7_alpha_sensitivity_bbbp_lora_alpha32_chemberta2_scaffold_seed1/model.pt,dumped/baseline_bbbp_lora_chemberta2_scaffold_seed1/model.pt
chemberta2,bbbp,lora,32,2,scaffold,auc,classification,0.9781843771991555,0.9812338728594886,0.003049495660333079,positive = alpha variant worse than alpha=16 baseline in bad-space,dumped/n7_alpha_sensitivity_bbbp_lora_alpha32_chemberta2_scaffold_seed2/model.pt,dumped/baseline_bbbp_lora_chemberta2_scaffold_seed2/model.pt
chemberta2,bbbp,dora,8,0,scaffold,auc,classification,0.9559748427672956,0.9606234618539786,0.004648619086683015,positive = alpha variant worse than alpha=16 baseline in bad-space,dumped/n7_alpha_sensitivity_bbbp_dora_alpha8_chemberta2_scaffold_seed0/model.pt,dumped/baseline_bbbp_dora_chemberta2_scaffold_seed0/model.pt
chemberta2,bbbp,dora,8,1,scaffold,auc,classification,0.9574545454545454,0.9586666666666667,0.00121212121212122,positive = alpha variant worse than alpha=16 baseline in bad-space,dumped/n7_alpha_sensitivity_bbbp_dora_alpha8_chemberta2_scaffold_seed1/model.pt,dumped/baseline_bbbp_dora_chemberta2_scaffold_seed1/model.pt
chemberta2,bbbp,dora,8,2,scaffold,auc,classification,0.9835796387520526,0.981468449448745,-0.002111189303307559,positive = alpha variant worse than alpha=16 baseline in bad-space,dumped/n7_alpha_sensitivity_bbbp_dora_alpha8_chemberta2_scaffold_seed2/model.pt,dumped/baseline_bbbp_dora_chemberta2_scaffold_seed2/model.pt
chemberta2,bbbp,dora,32,0,scaffold,auc,classification,0.9595296691277003,0.9606234618539786,0.0010937927262782976,positive = alpha variant worse than alpha=16 baseline in bad-space,dumped/n7_alpha_sensitivity_bbbp_dora_alpha32_chemberta2_scaffold_seed0/model.pt,dumped/baseline_bbbp_dora_chemberta2_scaffold_seed0/model.pt
chemberta2,bbbp,dora,32,1,scaffold,auc,classification,0.948969696969697,0.9586666666666667,0.009696969696969648,positive = alpha variant worse than alpha=16 baseline in bad-space,dumped/n7_alpha_sensitivity_bbbp_dora_alpha32_chemberta2_scaffold_seed1/model.pt,dumped/baseline_bbbp_dora_chemberta2_scaffold_seed1/model.pt
chemberta2,bbbp,dora,32,2,scaffold,auc,classification,0.9784189537884119,0.981468449448745,0.003049495660333079,positive = alpha variant worse than alpha=16 baseline in bad-space,dumped/n7_alpha_sensitivity_bbbp_dora_alpha32_chemberta2_scaffold_seed2/model.pt,dumped/baseline_bbbp_dora_chemberta2_scaffold_seed2/model.pt
chemberta2,sider,lora,8,0,scaffold,mean_auc,classification,0.5288642679573669,0.4950535062294517,-0.03381076172791514,positive = alpha variant worse than alpha=16 baseline in bad-space,dumped/n7_alpha_sensitivity_sider_lora_alpha8_chemberta2_scaffold_seed0/model.pt,dumped/baseline_sider_lora_chemberta2_scaffold_seed0/model.pt
chemberta2,sider,lora,8,1,scaffold,mean_auc,classification,0.5959707306492713,0.6018222815705173,0.005851550921246007,positive = alpha variant worse than alpha=16 baseline in bad-space,dumped/n7_alpha_sensitivity_sider_lora_alpha8_chemberta2_scaffold_seed1/model.pt,dumped/baseline_sider_lora_chemberta2_scaffold_seed1/model.pt
chemberta2,sider,lora,8,2,scaffold,mean_auc,classification,0.558818314889483,0.5573064263023907,-0.0015118885870922805,positive = alpha variant worse than alpha=16 baseline in bad-space,dumped/n7_alpha_sensitivity_sider_lora_alpha8_chemberta2_scaffold_seed2/model.pt,dumped/baseline_sider_lora_chemberta2_scaffold_seed2/model.pt
chemberta2,sider,lora,32,0,scaffold,mean_auc,classification,0.5126907500852667,0.4950535062294517,-0.017637243855814944,positive = alpha variant worse than alpha=16 baseline in bad-space,dumped/n7_alpha_sensitivity_sider_lora_alpha32_chemberta2_scaffold_seed0/model.pt,dumped/baseline_sider_lora_chemberta2_scaffold_seed0/model.pt
chemberta2,sider,lora,32,1,scaffold,mean_auc,classification,0.5701284017262106,0.6018222815705173,0.031693879844306716,positive = alpha variant worse than alpha=16 baseline in bad-space,dumped/n7_alpha_sensitivity_sider_lora_alpha32_chemberta2_scaffold_seed1/model.pt,dumped/baseline_sider_lora_chemberta2_scaffold_seed1/model.pt
chemberta2,sider,lora,32,2,scaffold,mean_auc,classification,0.5748062488216262,0.5573064263023907,-0.01749982251923554,positive = alpha variant worse than alpha=16 baseline in bad-space,dumped/n7_alpha_sensitivity_sider_lora_alpha32_chemberta2_scaffold_seed2/model.pt,dumped/baseline_sider_lora_chemberta2_scaffold_seed2/model.pt
chemberta2,sider,dora,8,0,scaffold,mean_auc,classification,0.5289699671099954,0.4953334821618785,-0.03363648494811694,positive = alpha variant worse than alpha=16 baseline in bad-space,dumped/n7_alpha_sensitivity_sider_dora_alpha8_chemberta2_scaffold_seed0/model.pt,dumped/baseline_sider_dora_chemberta2_scaffold_seed0/model.pt
chemberta2,sider,dora,8,1,scaffold,mean_auc,classification,0.593619304077036,0.5746667869650818,-0.018952517111954226,positive = alpha variant worse than alpha=16 baseline in bad-space,dumped/n7_alpha_sensitivity_sider_dora_alpha8_chemberta2_scaffold_seed1/model.pt,dumped/baseline_sider_dora_chemberta2_scaffold_seed1/model.pt
chemberta2,sider,dora,8,2,scaffold,mean_auc,classification,0.5595395461256626,0.5574993870667913,-0.002040159058871338,positive = alpha variant worse than alpha=16 baseline in bad-space,dumped/n7_alpha_sensitivity_sider_dora_alpha8_chemberta2_scaffold_seed2/model.pt,dumped/baseline_sider_dora_chemberta2_scaffold_seed2/model.pt
chemberta2,sider,dora,32,0,scaffold,mean_auc,classification,0.48573661629112724,0.4953334821618785,0.009596865870751259,positive = alpha variant worse than alpha=16 baseline in bad-space,dumped/n7_alpha_sensitivity_sider_dora_alpha32_chemberta2_scaffold_seed0/model.pt,dumped/baseline_sider_dora_chemberta2_scaffold_seed0/model.pt
chemberta2,sider,dora,32,1,scaffold,mean_auc,classification,0.5525375887154803,0.5746667869650818,0.022129198249601467,positive = alpha variant worse than alpha=16 baseline in bad-space,dumped/n7_alpha_sensitivity_sider_dora_alpha32_chemberta2_scaffold_seed1/model.pt,dumped/baseline_sider_dora_chemberta2_scaffold_seed1/model.pt
chemberta2,sider,dora,32,2,scaffold,mean_auc,classification,0.5627756908055158,0.5574993870667913,-0.005276303738724564,positive = alpha variant worse than alpha=16 baseline in bad-space,dumped/n7_alpha_sensitivity_sider_dora_alpha32_chemberta2_scaffold_seed2/model.pt,dumped/baseline_sider_dora_chemberta2_scaffold_seed2/model.pt
molformer_c3,freesolv,lora,8,0,scaffold,rmse,regression,1.76609782411763,1.6782125695252592,0.08788525459237073,positive = alpha variant worse than alpha=16 baseline in bad-space,dumped/n7_alpha_sensitivity_freesolv_lora_alpha8_molformer_c3_scaffold_seed0/model.pt,dumped/baseline_freesolv_lora_molformer_c3_scaffold_seed0/model.pt
molformer_c3,freesolv,lora,8,1,scaffold,rmse,regression,3.01105021813614,3.048959498290654,-0.037909280154514224,positive = alpha variant worse than alpha=16 baseline in bad-space,dumped/n7_alpha_sensitivity_freesolv_lora_alpha8_molformer_c3_scaffold_seed1/model.pt,dumped/baseline_freesolv_lora_molformer_c3_scaffold_seed1/model.pt
molformer_c3,freesolv,lora,8,2,scaffold,rmse,regression,1.5142987928057072,1.7749547979482525,-0.2606560051425453,positive = alpha variant worse than alpha=16 baseline in bad-space,dumped/n7_alpha_sensitivity_freesolv_lora_alpha8_molformer_c3_scaffold_seed2/model.pt,dumped/baseline_freesolv_lora_molformer_c3_scaffold_seed2/model.pt
molformer_c3,freesolv,lora,32,0,scaffold,rmse,regression,1.8691647965513554,1.6782125695252592,0.19095222702609616,positive = alpha variant worse than alpha=16 baseline in bad-space,dumped/n7_alpha_sensitivity_freesolv_lora_alpha32_molformer_c3_scaffold_seed0/model.pt,dumped/baseline_freesolv_lora_molformer_c3_scaffold_seed0/model.pt
molformer_c3,freesolv,lora,32,1,scaffold,rmse,regression,3.0468031654693037,3.048959498290654,-0.002156332821350304,positive = alpha variant worse than alpha=16 baseline in bad-space,dumped/n7_alpha_sensitivity_freesolv_lora_alpha32_molformer_c3_scaffold_seed1/model.pt,dumped/baseline_freesolv_lora_molformer_c3_scaffold_seed1/model.pt
molformer_c3,freesolv,lora,32,2,scaffold,rmse,regression,1.5926665569021687,1.7749547979482525,-0.18228824104608377,positive = alpha variant worse than alpha=16 baseline in bad-space,dumped/n7_alpha_sensitivity_freesolv_lora_alpha32_molformer_c3_scaffold_seed2/model.pt,dumped/baseline_freesolv_lora_molformer_c3_scaffold_seed2/model.pt
molformer_c3,freesolv,dora,8,0,scaffold,rmse,regression,1.640767772456826,1.9376164678207706,-0.29684869536394465,positive = alpha variant worse than alpha=16 baseline in bad-space,dumped/n7_alpha_sensitivity_freesolv_dora_alpha8_molformer_c3_scaffold_seed0/model.pt,dumped/baseline_freesolv_dora_molformer_c3_scaffold_seed0/model.pt
molformer_c3,freesolv,dora,8,1,scaffold,rmse,regression,3.2073795998291037,3.185688326728035,0.021691273101068553,positive = alpha variant worse than alpha=16 baseline in bad-space,dumped/n7_alpha_sensitivity_freesolv_dora_alpha8_molformer_c3_scaffold_seed1/model.pt,dumped/baseline_freesolv_dora_molformer_c3_scaffold_seed1/model.pt
molformer_c3,freesolv,dora,8,2,scaffold,rmse,regression,1.579724398369756,1.5082239567983509,0.07150044157140512,positive = alpha variant worse than alpha=16 baseline in bad-space,dumped/n7_alpha_sensitivity_freesolv_dora_alpha8_molformer_c3_scaffold_seed2/model.pt,dumped/baseline_freesolv_dora_molformer_c3_scaffold_seed2/model.pt
molformer_c3,freesolv,dora,32,0,scaffold,rmse,regression,1.9315111446666404,1.9376164678207706,-0.006105323154130149,positive = alpha variant worse than alpha=16 baseline in bad-space,dumped/n7_alpha_sensitivity_freesolv_dora_alpha32_molformer_c3_scaffold_seed0/model.pt,dumped/baseline_freesolv_dora_molformer_c3_scaffold_seed0/model.pt
molformer_c3,freesolv,dora,32,1,scaffold,rmse,regression,3.090348348395163,3.185688326728035,-0.09533997833287211,positive = alpha variant worse than alpha=16 baseline in bad-space,dumped/n7_alpha_sensitivity_freesolv_dora_alpha32_molformer_c3_scaffold_seed1/model.pt,dumped/baseline_freesolv_dora_molformer_c3_scaffold_seed1/model.pt
molformer_c3,freesolv,dora,32,2,scaffold,rmse,regression,1.435901084330224,1.5082239567983509,-0.07232287246812685,positive = alpha variant worse than alpha=16 baseline in bad-space,dumped/n7_alpha_sensitivity_freesolv_dora_alpha32_molformer_c3_scaffold_seed2/model.pt,dumped/baseline_freesolv_dora_molformer_c3_scaffold_seed2/model.pt
molformer_c3,esol,lora,8,0,scaffold,rmse,regression,0.9072972199320785,0.8471421823232395,0.060155037608839,positive = alpha variant worse than alpha=16 baseline in bad-space,dumped/n7_alpha_sensitivity_esol_lora_alpha8_molformer_c3_scaffold_seed0/model.pt,dumped/baseline_esol_lora_molformer_c3_scaffold_seed0/model.pt
molformer_c3,esol,lora,8,1,scaffold,rmse,regression,1.0525462702640453,0.954651438879548,0.0978948313844974,positive = alpha variant worse than alpha=16 baseline in bad-space,dumped/n7_alpha_sensitivity_esol_lora_alpha8_molformer_c3_scaffold_seed1/model.pt,dumped/baseline_esol_lora_molformer_c3_scaffold_seed1/model.pt
molformer_c3,esol,lora,8,2,scaffold,rmse,regression,1.0001186062093865,0.9357313320714231,0.06438727413796341,positive = alpha variant worse than alpha=16 baseline in bad-space,dumped/n7_alpha_sensitivity_esol_lora_alpha8_molformer_c3_scaffold_seed2/model.pt,dumped/baseline_esol_lora_molformer_c3_scaffold_seed2/model.pt
molformer_c3,esol,lora,32,0,scaffold,rmse,regression,0.8532659309435696,0.8471421823232395,0.0061237486203301605,positive = alpha variant worse than alpha=16 baseline in bad-space,dumped/n7_alpha_sensitivity_esol_lora_alpha32_molformer_c3_scaffold_seed0/model.pt,dumped/baseline_esol_lora_molformer_c3_scaffold_seed0/model.pt
molformer_c3,esol,lora,32,1,scaffold,rmse,regression,0.9918646099313172,0.954651438879548,0.037213171051769245,positive = alpha variant worse than alpha=16 baseline in bad-space,dumped/n7_alpha_sensitivity_esol_lora_alpha32_molformer_c3_scaffold_seed1/model.pt,dumped/baseline_esol_lora_molformer_c3_scaffold_seed1/model.pt
molformer_c3,esol,lora,32,2,scaffold,rmse,regression,0.9742847888286512,0.9357313320714231,0.0385534567572281,positive = alpha variant worse than alpha=16 baseline in bad-space,dumped/n7_alpha_sensitivity_esol_lora_alpha32_molformer_c3_scaffold_seed2/model.pt,dumped/baseline_esol_lora_molformer_c3_scaffold_seed2/model.pt
molformer_c3,esol,dora,8,0,scaffold,rmse,regression,0.8900437717175038,0.8032846537029855,0.0867591180145183,positive = alpha variant worse than alpha=16 baseline in bad-space,dumped/n7_alpha_sensitivity_esol_dora_alpha8_molformer_c3_scaffold_seed0/model.pt,dumped/baseline_esol_dora_molformer_c3_scaffold_seed0/model.pt
molformer_c3,esol,dora,8,1,scaffold,rmse,regression,1.0130806964880639,1.0358808752265953,-0.022800178738531462,positive = alpha variant worse than alpha=16 baseline in bad-space,dumped/n7_alpha_sensitivity_esol_dora_alpha8_molformer_c3_scaffold_seed1/model.pt,dumped/baseline_esol_dora_molformer_c3_scaffold_seed1/model.pt
molformer_c3,esol,dora,8,2,scaffold,rmse,regression,0.9639562316392344,0.9269931120673182,0.036963119571916225,positive = alpha variant worse than alpha=16 baseline in bad-space,dumped/n7_alpha_sensitivity_esol_dora_alpha8_molformer_c3_scaffold_seed2/model.pt,dumped/baseline_esol_dora_molformer_c3_scaffold_seed2/model.pt
molformer_c3,esol,dora,32,0,scaffold,rmse,regression,0.824374035132641,0.8032846537029855,0.02108938142965544,positive = alpha variant worse than alpha=16 baseline in bad-space,dumped/n7_alpha_sensitivity_esol_dora_alpha32_molformer_c3_scaffold_seed0/model.pt,dumped/baseline_esol_dora_molformer_c3_scaffold_seed0/model.pt
molformer_c3,esol,dora,32,1,scaffold,rmse,regression,0.9554228677283602,1.0358808752265953,-0.08045800749823517,positive = alpha variant worse than alpha=16 baseline in bad-space,dumped/n7_alpha_sensitivity_esol_dora_alpha32_molformer_c3_scaffold_seed1/model.pt,dumped/baseline_esol_dora_molformer_c3_scaffold_seed1/model.pt
molformer_c3,esol,dora,32,2,scaffold,rmse,regression,0.9657493387803143,0.9269931120673182,0.03875622671299617,positive = alpha variant worse than alpha=16 baseline in bad-space,dumped/n7_alpha_sensitivity_esol_dora_alpha32_molformer_c3_scaffold_seed2/model.pt,dumped/baseline_esol_dora_molformer_c3_scaffold_seed2/model.pt
molformer_c3,lipo,lora,8,0,scaffold,rmse,regression,0.6642331072490184,0.7138818825436888,-0.04964877529467038,positive = alpha variant worse than alpha=16 baseline in bad-space,dumped/n7_alpha_sensitivity_lipo_lora_alpha8_molformer_c3_scaffold_seed0/model.pt,dumped/baseline_lipo_lora_molformer_c3_scaffold_seed0/model.pt
molformer_c3,lipo,lora,8,1,scaffold,rmse,regression,0.7600203138698413,0.7547963081727462,0.005224005697095024,positive = alpha variant worse than alpha=16 baseline in bad-space,dumped/n7_alpha_sensitivity_lipo_lora_alpha8_molformer_c3_scaffold_seed1/model.pt,dumped/baseline_lipo_lora_molformer_c3_scaffold_seed1/model.pt
molformer_c3,lipo,lora,8,2,scaffold,rmse,regression,0.7850768395496025,0.7095989579567252,0.07547788159287727,positive = alpha variant worse than alpha=16 baseline in bad-space,dumped/n7_alpha_sensitivity_lipo_lora_alpha8_molformer_c3_scaffold_seed2/model.pt,dumped/baseline_lipo_lora_molformer_c3_scaffold_seed2/model.pt
molformer_c3,lipo,lora,32,0,scaffold,rmse,regression,0.669816389759726,0.7138818825436888,-0.04406549278396277,positive = alpha variant worse than alpha=16 baseline in bad-space,dumped/n7_alpha_sensitivity_lipo_lora_alpha32_molformer_c3_scaffold_seed0/model.pt,dumped/baseline_lipo_lora_molformer_c3_scaffold_seed0/model.pt
molformer_c3,lipo,lora,32,1,scaffold,rmse,regression,0.6953851683286513,0.7547963081727462,-0.05941113984409496,positive = alpha variant worse than alpha=16 baseline in bad-space,dumped/n7_alpha_sensitivity_lipo_lora_alpha32_molformer_c3_scaffold_seed1/model.pt,dumped/baseline_lipo_lora_molformer_c3_scaffold_seed1/model.pt
molformer_c3,lipo,lora,32,2,scaffold,rmse,regression,0.7203787717308423,0.7095989579567252,0.010779813774117075,positive = alpha variant worse than alpha=16 baseline in bad-space,dumped/n7_alpha_sensitivity_lipo_lora_alpha32_molformer_c3_scaffold_seed2/model.pt,dumped/baseline_lipo_lora_molformer_c3_scaffold_seed2/model.pt
molformer_c3,lipo,dora,8,0,scaffold,rmse,regression,0.690911304455216,0.6747392106481535,0.016172093807062526,positive = alpha variant worse than alpha=16 baseline in bad-space,dumped/n7_alpha_sensitivity_lipo_dora_alpha8_molformer_c3_scaffold_seed0/model.pt,dumped/baseline_lipo_dora_molformer_c3_scaffold_seed0/model.pt
molformer_c3,lipo,dora,8,1,scaffold,rmse,regression,0.7627881099891465,0.7523448369700659,0.010443273019080546,positive = alpha variant worse than alpha=16 baseline in bad-space,dumped/n7_alpha_sensitivity_lipo_dora_alpha8_molformer_c3_scaffold_seed1/model.pt,dumped/baseline_lipo_dora_molformer_c3_scaffold_seed1/model.pt
molformer_c3,lipo,dora,8,2,scaffold,rmse,regression,0.7575792956630855,0.7306481615348694,0.026931134128216017,positive = alpha variant worse than alpha=16 baseline in bad-space,dumped/n7_alpha_sensitivity_lipo_dora_alpha8_molformer_c3_scaffold_seed2/model.pt,dumped/baseline_lipo_dora_molformer_c3_scaffold_seed2/model.pt
molformer_c3,lipo,dora,32,0,scaffold,rmse,regression,0.6769558835509942,0.6747392106481535,0.0022166729028407772,positive = alpha variant worse than alpha=16 baseline in bad-space,dumped/n7_alpha_sensitivity_lipo_dora_alpha32_molformer_c3_scaffold_seed0/model.pt,dumped/baseline_lipo_dora_molformer_c3_scaffold_seed0/model.pt
molformer_c3,lipo,dora,32,1,scaffold,rmse,regression,0.7060768050110307,0.7523448369700659,-0.04626803195903528,positive = alpha variant worse than alpha=16 baseline in bad-space,dumped/n7_alpha_sensitivity_lipo_dora_alpha32_molformer_c3_scaffold_seed1/model.pt,dumped/baseline_lipo_dora_molformer_c3_scaffold_seed1/model.pt
molformer_c3,lipo,dora,32,2,scaffold,rmse,regression,0.7587554806380946,0.7306481615348694,0.02810731910322517,positive = alpha variant worse than alpha=16 baseline in bad-space,dumped/n7_alpha_sensitivity_lipo_dora_alpha32_molformer_c3_scaffold_seed2/model.pt,dumped/baseline_lipo_dora_molformer_c3_scaffold_seed2/model.pt
molformer_c3,bace,lora,8,0,scaffold,auc,classification,0.826865671641791,0.7952589991220369,-0.03160667251975413,positive = alpha variant worse than alpha=16 baseline in bad-space,dumped/n7_alpha_sensitivity_bace_lora_alpha8_molformer_c3_scaffold_seed0/model.pt,dumped/baseline_bace_lora_molformer_c3_scaffold_seed0/model.pt
molformer_c3,bace,lora,8,1,scaffold,auc,classification,0.8534843205574912,0.8949477351916376,0.04146341463414638,positive = alpha variant worse than alpha=16 baseline in bad-space,dumped/n7_alpha_sensitivity_bace_lora_alpha8_molformer_c3_scaffold_seed1/model.pt,dumped/baseline_bace_lora_molformer_c3_scaffold_seed1/model.pt
molformer_c3,bace,lora,8,2,scaffold,auc,classification,0.8186274509803921,0.8011764705882353,-0.017450980392156867,positive = alpha variant worse than alpha=16 baseline in bad-space,dumped/n7_alpha_sensitivity_bace_lora_alpha8_molformer_c3_scaffold_seed2/model.pt,dumped/baseline_bace_lora_molformer_c3_scaffold_seed2/model.pt
molformer_c3,bace,lora,32,0,scaffold,auc,classification,0.8126426690079017,0.7952589991220369,-0.017383669885864816,positive = alpha variant worse than alpha=16 baseline in bad-space,dumped/n7_alpha_sensitivity_bace_lora_alpha32_molformer_c3_scaffold_seed0/model.pt,dumped/baseline_bace_lora_molformer_c3_scaffold_seed0/model.pt
molformer_c3,bace,lora,32,1,scaffold,auc,classification,0.8804878048780488,0.8949477351916376,0.014459930313588831,positive = alpha variant worse than alpha=16 baseline in bad-space,dumped/n7_alpha_sensitivity_bace_lora_alpha32_molformer_c3_scaffold_seed1/model.pt,dumped/baseline_bace_lora_molformer_c3_scaffold_seed1/model.pt
molformer_c3,bace,lora,32,2,scaffold,auc,classification,0.798235294117647,0.8011764705882353,0.002941176470588225,positive = alpha variant worse than alpha=16 baseline in bad-space,dumped/n7_alpha_sensitivity_bace_lora_alpha32_molformer_c3_scaffold_seed2/model.pt,dumped/baseline_bace_lora_molformer_c3_scaffold_seed2/model.pt
molformer_c3,bace,dora,8,0,scaffold,auc,classification,0.8256365232660229,0.7759438103599648,-0.049692712906058034,positive = alpha variant worse than alpha=16 baseline in bad-space,dumped/n7_alpha_sensitivity_bace_dora_alpha8_molformer_c3_scaffold_seed0/model.pt,dumped/baseline_bace_dora_molformer_c3_scaffold_seed0/model.pt
molformer_c3,bace,dora,8,1,scaffold,auc,classification,0.8777003484320558,0.8879790940766551,0.010278745644599296,positive = alpha variant worse than alpha=16 baseline in bad-space,dumped/n7_alpha_sensitivity_bace_dora_alpha8_molformer_c3_scaffold_seed1/model.pt,dumped/baseline_bace_dora_molformer_c3_scaffold_seed1/model.pt
molformer_c3,bace,dora,8,2,scaffold,auc,classification,0.8166666666666667,0.8037254901960784,-0.012941176470588234,positive = alpha variant worse than alpha=16 baseline in bad-space,dumped/n7_alpha_sensitivity_bace_dora_alpha8_molformer_c3_scaffold_seed2/model.pt,dumped/baseline_bace_dora_molformer_c3_scaffold_seed2/model.pt
molformer_c3,bace,dora,32,0,scaffold,auc,classification,0.8180860403863037,0.7759438103599648,-0.04214223002633888,positive = alpha variant worse than alpha=16 baseline in bad-space,dumped/n7_alpha_sensitivity_bace_dora_alpha32_molformer_c3_scaffold_seed0/model.pt,dumped/baseline_bace_dora_molformer_c3_scaffold_seed0/model.pt
molformer_c3,bace,dora,32,1,scaffold,auc,classification,0.9,0.8879790940766551,-0.012020905923344927,positive = alpha variant worse than alpha=16 baseline in bad-space,dumped/n7_alpha_sensitivity_bace_dora_alpha32_molformer_c3_scaffold_seed1/model.pt,dumped/baseline_bace_dora_molformer_c3_scaffold_seed1/model.pt
molformer_c3,bace,dora,32,2,scaffold,auc,classification,0.8337254901960784,0.8037254901960784,-0.030000000000000027,positive = alpha variant worse than alpha=16 baseline in bad-space,dumped/n7_alpha_sensitivity_bace_dora_alpha32_molformer_c3_scaffold_seed2/model.pt,dumped/baseline_bace_dora_molformer_c3_scaffold_seed2/model.pt
molformer_c3,bbbp,lora,8,0,scaffold,auc,classification,0.9712879409351928,0.9588460486737763,-0.012441892261416454,positive = alpha variant worse than alpha=16 baseline in bad-space,dumped/n7_alpha_sensitivity_bbbp_lora_alpha8_molformer_c3_scaffold_seed0/model.pt,dumped/baseline_bbbp_lora_molformer_c3_scaffold_seed0/model.pt
molformer_c3,bbbp,lora,8,1,scaffold,auc,classification,0.9413333333333334,0.945939393939394,0.0046060606060606135,positive = alpha variant worse than alpha=16 baseline in bad-space,dumped/n7_alpha_sensitivity_bbbp_lora_alpha8_molformer_c3_scaffold_seed1/model.pt,dumped/baseline_bbbp_lora_molformer_c3_scaffold_seed1/model.pt
molformer_c3,bbbp,lora,8,2,scaffold,auc,classification,0.9863945578231292,0.983814215341309,-0.0025803424818202636,positive = alpha variant worse than alpha=16 baseline in bad-space,dumped/n7_alpha_sensitivity_bbbp_lora_alpha8_molformer_c3_scaffold_seed2/model.pt,dumped/baseline_bbbp_lora_molformer_c3_scaffold_seed2/model.pt
molformer_c3,bbbp,lora,32,0,scaffold,auc,classification,0.9598031173092699,0.9588460486737763,-0.0009570686354936075,positive = alpha variant worse than alpha=16 baseline in bad-space,dumped/n7_alpha_sensitivity_bbbp_lora_alpha32_molformer_c3_scaffold_seed0/model.pt,dumped/baseline_bbbp_lora_molformer_c3_scaffold_seed0/model.pt
molformer_c3,bbbp,lora,32,1,scaffold,auc,classification,0.939030303030303,0.945939393939394,0.006909090909090976,positive = alpha variant worse than alpha=16 baseline in bad-space,dumped/n7_alpha_sensitivity_bbbp_lora_alpha32_molformer_c3_scaffold_seed1/model.pt,dumped/baseline_bbbp_lora_molformer_c3_scaffold_seed1/model.pt
molformer_c3,bbbp,lora,32,2,scaffold,auc,classification,0.9889749003049496,0.983814215341309,-0.005160684963640638,positive = alpha variant worse than alpha=16 baseline in bad-space,dumped/n7_alpha_sensitivity_bbbp_lora_alpha32_molformer_c3_scaffold_seed2/model.pt,dumped/baseline_bbbp_lora_molformer_c3_scaffold_seed2/model.pt
molformer_c3,bbbp,dora,8,0,scaffold,auc,classification,0.9574788077659283,0.9641782882143833,0.006699480448455031,positive = alpha variant worse than alpha=16 baseline in bad-space,dumped/n7_alpha_sensitivity_bbbp_dora_alpha8_molformer_c3_scaffold_seed0/model.pt,dumped/baseline_bbbp_dora_molformer_c3_scaffold_seed0/model.pt
molformer_c3,bbbp,dora,8,1,scaffold,auc,classification,0.9416969696969697,0.9461818181818182,0.004484848484848536,positive = alpha variant worse than alpha=16 baseline in bad-space,dumped/n7_alpha_sensitivity_bbbp_dora_alpha8_molformer_c3_scaffold_seed1/model.pt,dumped/baseline_bbbp_dora_molformer_c3_scaffold_seed1/model.pt
molformer_c3,bbbp,dora,8,2,scaffold,auc,classification,0.9863945578231292,0.9836969270466808,-0.0026976307764484675,positive = alpha variant worse than alpha=16 baseline in bad-space,dumped/n7_alpha_sensitivity_bbbp_dora_alpha8_molformer_c3_scaffold_seed2/model.pt,dumped/baseline_bbbp_dora_molformer_c3_scaffold_seed2/model.pt
molformer_c3,bbbp,dora,32,0,scaffold,auc,classification,0.9581624282198523,0.9641782882143833,0.006015859994531025,positive = alpha variant worse than alpha=16 baseline in bad-space,dumped/n7_alpha_sensitivity_bbbp_dora_alpha32_molformer_c3_scaffold_seed0/model.pt,dumped/baseline_bbbp_dora_molformer_c3_scaffold_seed0/model.pt
molformer_c3,bbbp,dora,32,1,scaffold,auc,classification,0.9412121212121212,0.9461818181818182,0.004969696969697068,positive = alpha variant worse than alpha=16 baseline in bad-space,dumped/n7_alpha_sensitivity_bbbp_dora_alpha32_molformer_c3_scaffold_seed1/model.pt,dumped/baseline_bbbp_dora_molformer_c3_scaffold_seed1/model.pt
molformer_c3,bbbp,dora,32,2,scaffold,auc,classification,0.9801782782078349,0.9836969270466808,0.0035186488388458947,positive = alpha variant worse than alpha=16 baseline in bad-space,dumped/n7_alpha_sensitivity_bbbp_dora_alpha32_molformer_c3_scaffold_seed2/model.pt,dumped/baseline_bbbp_dora_molformer_c3_scaffold_seed2/model.pt
molformer_c3,sider,lora,8,0,scaffold,mean_auc,classification,0.5750476009669798,0.5764097098433578,0.0013621088763779987,positive = alpha variant worse than alpha=16 baseline in bad-space,dumped/n7_alpha_sensitivity_sider_lora_alpha8_molformer_c3_scaffold_seed0/model.pt,dumped/baseline_sider_lora_molformer_c3_scaffold_seed0/model.pt
molformer_c3,sider,lora,8,1,scaffold,mean_auc,classification,0.5783518887019184,0.607502351005624,0.02915046230370555,positive = alpha variant worse than alpha=16 baseline in bad-space,dumped/n7_alpha_sensitivity_sider_lora_alpha8_molformer_c3_scaffold_seed1/model.pt,dumped/baseline_sider_lora_molformer_c3_scaffold_seed1/model.pt
molformer_c3,sider,lora,8,2,scaffold,mean_auc,classification,0.5545457564786894,0.5494050441400998,-0.0051407123385895925,positive = alpha variant worse than alpha=16 baseline in bad-space,dumped/n7_alpha_sensitivity_sider_lora_alpha8_molformer_c3_scaffold_seed2/model.pt,dumped/baseline_sider_lora_molformer_c3_scaffold_seed2/model.pt
molformer_c3,sider,lora,32,0,scaffold,mean_auc,classification,0.5815773398988888,0.5764097098433578,-0.005167630055531003,positive = alpha variant worse than alpha=16 baseline in bad-space,dumped/n7_alpha_sensitivity_sider_lora_alpha32_molformer_c3_scaffold_seed0/model.pt,dumped/baseline_sider_lora_molformer_c3_scaffold_seed0/model.pt
molformer_c3,sider,lora,32,1,scaffold,mean_auc,classification,0.6034173071956568,0.607502351005624,0.004085043809967215,positive = alpha variant worse than alpha=16 baseline in bad-space,dumped/n7_alpha_sensitivity_sider_lora_alpha32_molformer_c3_scaffold_seed1/model.pt,dumped/baseline_sider_lora_molformer_c3_scaffold_seed1/model.pt
molformer_c3,sider,lora,32,2,scaffold,mean_auc,classification,0.5639743766064123,0.5494050441400998,-0.014569332466312424,positive = alpha variant worse than alpha=16 baseline in bad-space,dumped/n7_alpha_sensitivity_sider_lora_alpha32_molformer_c3_scaffold_seed2/model.pt,dumped/baseline_sider_lora_molformer_c3_scaffold_seed2/model.pt
molformer_c3,sider,dora,8,0,scaffold,mean_auc,classification,0.5758943927474451,0.5739636256738426,-0.0019307670736025129,positive = alpha variant worse than alpha=16 baseline in bad-space,dumped/n7_alpha_sensitivity_sider_dora_alpha8_molformer_c3_scaffold_seed0/model.pt,dumped/baseline_sider_dora_molformer_c3_scaffold_seed0/model.pt
molformer_c3,sider,dora,8,1,scaffold,mean_auc,classification,0.5878479923242526,0.6017814184908042,0.013933426166551688,positive = alpha variant worse than alpha=16 baseline in bad-space,dumped/n7_alpha_sensitivity_sider_dora_alpha8_molformer_c3_scaffold_seed1/model.pt,dumped/baseline_sider_dora_molformer_c3_scaffold_seed1/model.pt
molformer_c3,sider,dora,8,2,scaffold,mean_auc,classification,0.5535911364484511,0.550279131560163,-0.0033120048882882003,positive = alpha variant worse than alpha=16 baseline in bad-space,dumped/n7_alpha_sensitivity_sider_dora_alpha8_molformer_c3_scaffold_seed2/model.pt,dumped/baseline_sider_dora_molformer_c3_scaffold_seed2/model.pt
molformer_c3,sider,dora,32,0,scaffold,mean_auc,classification,0.5904247682661375,0.5739636256738426,-0.01646114259229492,positive = alpha variant worse than alpha=16 baseline in bad-space,dumped/n7_alpha_sensitivity_sider_dora_alpha32_molformer_c3_scaffold_seed0/model.pt,dumped/baseline_sider_dora_molformer_c3_scaffold_seed0/model.pt
molformer_c3,sider,dora,32,1,scaffold,mean_auc,classification,0.6038199174777232,0.6017814184908042,-0.0020384989869189907,positive = alpha variant worse than alpha=16 baseline in bad-space,dumped/n7_alpha_sensitivity_sider_dora_alpha32_molformer_c3_scaffold_seed1/model.pt,dumped/baseline_sider_dora_molformer_c3_scaffold_seed1/model.pt
molformer_c3,sider,dora,32,2,scaffold,mean_auc,classification,0.5637141775594185,0.550279131560163,-0.013435045999255602,positive = alpha variant worse than alpha=16 baseline in bad-space,dumped/n7_alpha_sensitivity_sider_dora_alpha32_molformer_c3_scaffold_seed2/model.pt,dumped/baseline_sider_dora_molformer_c3_scaffold_seed2/model.pt
