dataset,method,seed,final_epoch,split,layer,top1_energy,top4_energy,top8_energy,erank_norm,spectral_entropy_norm,alignment_A4,alignment_A8,final_snapshot_loss,logit_mean,logit_std,logit_min,logit_max,sha256_integrity_pass,checkpoint_sha256,matrix_rows,matrix_cols,curve_final_epoch,final_val_loss,final_val_metric,final_val_metric_name,final_train_loss,rank1_final
bbbp,DoRA,0,30,val_first_batch,encoder.layers.11.self_attn.linear_k,0.5888225102366808,0.8557598481838105,0.957925543180552,0.0494905705696443,0.5475514364793013,0.0004028361704804,0.0023287350973406,0.0090423105284571,7.3984375,3.070014238357544,2.9375,13.0,True,5b9241630f1cf0b173fb06d1e76096e5daf5f91c3e51b066ba69524dafe60e35,768,768,30,0.9949441629736472,0.8601495430628635,AUROC,0.2016939795171021,False
bbbp,DoRA,0,30,val_first_batch,encoder.layers.11.self_attn.linear_q,0.9811893952012624,0.98910694660499,0.9933440963961108,0.0475990612549367,0.5416859410402268,0.0048025599914069,0.006348489043379,0.0090423105284571,7.3984375,3.070014238357544,2.9375,13.0,True,5b9241630f1cf0b173fb06d1e76096e5daf5f91c3e51b066ba69524dafe60e35,768,768,30,0.9949441629736472,0.8601495430628635,AUROC,0.2016939795171021,False
bbbp,DoRA,0,30,val_first_batch,encoder.layers.11.self_attn.linear_v,0.7270577191098239,0.9474002155608652,0.983470124253332,0.0620412735266062,0.5815708315532064,0.0006354362808606,0.0045076655387417,0.0090423105284571,7.3984375,3.070014238357544,2.9375,13.0,True,5b9241630f1cf0b173fb06d1e76096e5daf5f91c3e51b066ba69524dafe60e35,768,768,30,0.9949441629736472,0.8601495430628635,AUROC,0.2016939795171021,False
bbbp,DoRA,1,30,val_first_batch,encoder.layers.11.self_attn.linear_k,0.6272756659567477,0.9326806306316692,0.9763410706559792,0.0370199789606818,0.5038528200683652,0.0011588778353133,0.0033728121894538,0.0438008345663547,6.79638671875,2.7633485794067383,0.93359375,9.75,True,5b9241630f1cf0b173fb06d1e76096e5daf5f91c3e51b066ba69524dafe60e35,768,768,30,0.6218982144530926,0.909375,AUROC,0.1942813963403786,False
bbbp,DoRA,1,30,val_first_batch,encoder.layers.11.self_attn.linear_q,0.9893570602801504,0.9933437962533348,0.9951922891777172,0.036582527732225,0.5020636308793738,0.0002962670485475,0.0013245530898547,0.0438008345663547,6.79638671875,2.7633485794067383,0.93359375,9.75,True,5b9241630f1cf0b173fb06d1e76096e5daf5f91c3e51b066ba69524dafe60e35,768,768,30,0.6218982144530926,0.909375,AUROC,0.1942813963403786,False
bbbp,DoRA,1,30,val_first_batch,encoder.layers.11.self_attn.linear_v,0.7438694989346125,0.942531664246858,0.9864011531493178,0.046446816092909,0.5379975158482765,0.001958089765543,0.0074069969113203,0.0438008345663547,6.79638671875,2.7633485794067383,0.93359375,9.75,True,5b9241630f1cf0b173fb06d1e76096e5daf5f91c3e51b066ba69524dafe60e35,768,768,30,0.6218982144530926,0.909375,AUROC,0.1942813963403786,False
bbbp,DoRA,2,30,val_first_batch,encoder.layers.11.self_attn.linear_k,0.3674583200974309,0.7016665911321335,0.8910806593609986,0.0530007226590038,0.5578653376413023,0.0002578349319911,0.0013756178608258,0.3109021186828613,6.8828125,4.21969747543335,-2.375,11.6875,True,5b9241630f1cf0b173fb06d1e76096e5daf5f91c3e51b066ba69524dafe60e35,768,768,30,0.5600699615919998,0.9045280960174578,AUROC,0.1712677223087007,False
bbbp,DoRA,2,30,val_first_batch,encoder.layers.11.self_attn.linear_q,0.9927149463949893,0.9951058844415692,0.9960276082581362,0.0434558413599973,0.5279787405077968,0.003912979611316,0.0057846210047667,0.3109021186828613,6.8828125,4.21969747543335,-2.375,11.6875,True,5b9241630f1cf0b173fb06d1e76096e5daf5f91c3e51b066ba69524dafe60e35,768,768,30,0.5600699615919998,0.9045280960174578,AUROC,0.1712677223087007,False
bbbp,DoRA,2,30,val_first_batch,encoder.layers.11.self_attn.linear_v,0.5564555430936435,0.8357515488449963,0.9235385129492072,0.0596795110939338,0.5757291202064435,8.712848580357507e-05,0.0009240127531825,0.3109021186828613,6.8828125,4.21969747543335,-2.375,11.6875,True,5b9241630f1cf0b173fb06d1e76096e5daf5f91c3e51b066ba69524dafe60e35,768,768,30,0.5600699615919998,0.9045280960174578,AUROC,0.1712677223087007,False
bbbp,FullFT,0,30,val_first_batch,encoder.layers.11.self_attn.linear_k,0.4571669726719477,0.9566882555243555,0.9938337535542676,0.0109172455459037,0.3200550045510027,0.0004023764166435,0.0009043785347649,0.2151719629764557,7.826171875,4.150705814361572,-1.515625,11.8125,True,5b9241630f1cf0b173fb06d1e76096e5daf5f91c3e51b066ba69524dafe60e35,768,768,30,1.073322950997233,0.8780808640265855,AUROC,0.1026858173664953,False
bbbp,FullFT,0,30,val_first_batch,encoder.layers.11.self_attn.linear_q,0.9999782120009166,0.9999982286148648,0.99999885469345,0.0015075738191977,0.022056096961262,0.0001337143674909,0.0006721082185065,0.2151719629764557,7.826171875,4.150705814361572,-1.515625,11.8125,True,5b9241630f1cf0b173fb06d1e76096e5daf5f91c3e51b066ba69524dafe60e35,768,768,30,1.073322950997233,0.8780808640265855,AUROC,0.1026858173664953,True
bbbp,FullFT,0,30,val_first_batch,encoder.layers.11.self_attn.linear_v,0.5360305812662142,0.8815373555986924,0.982593683516415,0.0138150047965231,0.3554883364164879,0.0004252780133785,0.0038430177874138,0.2151719629764557,7.826171875,4.150705814361572,-1.515625,11.8125,True,5b9241630f1cf0b173fb06d1e76096e5daf5f91c3e51b066ba69524dafe60e35,768,768,30,1.073322950997233,0.8780808640265855,AUROC,0.1026858173664953,False
bbbp,FullFT,1,30,val_first_batch,encoder.layers.11.self_attn.linear_k,0.4383743273148124,0.9738786889878324,0.9979055757831752,0.0087355362663652,0.2864981983399922,0.0004512218514614,0.0010674677143469,1.218887209892273,7.27734375,6.559475421905518,-9.75,11.125,True,5b9241630f1cf0b173fb06d1e76096e5daf5f91c3e51b066ba69524dafe60e35,768,768,30,1.3182773603359517,0.8711482558139535,AUROC,0.0968733770242104,False
bbbp,FullFT,1,30,val_first_batch,encoder.layers.11.self_attn.linear_q,0.9999970549355602,0.9999980515327036,0.9999986945960376,0.0014692933732055,0.0181848080292506,0.0016944659819319,0.0091072074700326,1.218887209892273,7.27734375,6.559475421905518,-9.75,11.125,True,5b9241630f1cf0b173fb06d1e76096e5daf5f91c3e51b066ba69524dafe60e35,768,768,30,1.3182773603359517,0.8711482558139535,AUROC,0.0968733770242104,True
bbbp,FullFT,1,30,val_first_batch,encoder.layers.11.self_attn.linear_v,0.6375158750530691,0.8813898261040509,0.963723113448674,0.0138125833623771,0.355461952224012,0.0001708679799924,0.0013779180781674,1.218887209892273,7.27734375,6.559475421905518,-9.75,11.125,True,5b9241630f1cf0b173fb06d1e76096e5daf5f91c3e51b066ba69524dafe60e35,768,768,30,1.3182773603359517,0.8711482558139535,AUROC,0.0968733770242104,False
bbbp,FullFT,2,30,val_first_batch,encoder.layers.11.self_attn.linear_k,0.9255386225943856,0.998561602732532,0.999996897036859,0.0035845655656852,0.1524238093661699,0.0001644857083182,0.000640534223327,2.234738111495972,4.1484375,7.63528299331665,-8.9375,9.8125,True,5b9241630f1cf0b173fb06d1e76096e5daf5f91c3e51b066ba69524dafe60e35,768,768,30,0.7780456894832455,0.9097790507364976,AUROC,0.1849722412083567,True
bbbp,FullFT,2,30,val_first_batch,encoder.layers.11.self_attn.linear_q,0.9999979438391194,0.99999907308409,0.9999996357235534,0.0013817832011712,0.0089420791962624,0.0021032998128477,0.0117688652725383,2.234738111495972,4.1484375,7.63528299331665,-8.9375,9.8125,True,5b9241630f1cf0b173fb06d1e76096e5daf5f91c3e51b066ba69524dafe60e35,768,768,30,0.7780456894832455,0.9097790507364976,AUROC,0.1849722412083567,True
bbbp,FullFT,2,30,val_first_batch,encoder.layers.11.self_attn.linear_v,0.6951185177640546,0.964106065337576,0.9958965035252364,0.0094602769059094,0.2984947127607473,0.0001125932871168,0.00174061426392,2.234738111495972,4.1484375,7.63528299331665,-8.9375,9.8125,True,5b9241630f1cf0b173fb06d1e76096e5daf5f91c3e51b066ba69524dafe60e35,768,768,30,0.7780456894832455,0.9097790507364976,AUROC,0.1849722412083567,False
bbbp,LoRA,0,30,val_first_batch,encoder.layers.11.self_attn.linear_k,0.3433119849697586,0.8152467922409169,0.9124119148224508,0.0379306342716087,0.5075105726278246,0.0011455023066548,0.0035704594249238,0.0027730523142963,7.98828125,3.4009757041931152,4.5,15.6875,True,5b9241630f1cf0b173fb06d1e76096e5daf5f91c3e51b066ba69524dafe60e35,768,768,30,0.9529637023039798,0.8634034893381335,AUROC,0.2024943622691932,False
bbbp,LoRA,0,30,val_first_batch,encoder.layers.11.self_attn.linear_q,0.9698805273670512,0.9996359830685212,0.9999990029657309,0.0031685435216622,0.1338553017634187,0.0058369059572995,0.0104502327398614,0.0027730523142963,7.98828125,3.4009757041931152,4.5,15.6875,True,5b9241630f1cf0b173fb06d1e76096e5daf5f91c3e51b066ba69524dafe60e35,768,768,30,0.9529637023039798,0.8634034893381335,AUROC,0.2024943622691932,True
bbbp,LoRA,0,30,val_first_batch,encoder.layers.11.self_attn.linear_v,0.758473904303959,0.9617466658809872,0.985264264709731,0.0237795089873967,0.437229173974132,0.0009401253255731,0.0068188895848447,0.0027730523142963,7.98828125,3.4009757041931152,4.5,15.6875,True,5b9241630f1cf0b173fb06d1e76096e5daf5f91c3e51b066ba69524dafe60e35,768,768,30,0.9529637023039798,0.8634034893381335,AUROC,0.2024943622691932,False
bbbp,LoRA,1,30,val_first_batch,encoder.layers.11.self_attn.linear_k,0.5563565300989933,0.8708345076846936,0.9407821584138673,0.0265485913612775,0.4538089351821055,0.0010110287913578,0.00262303576303,0.0058503607288002,8.15625,3.505889415740967,3.6875,12.125,True,5b9241630f1cf0b173fb06d1e76096e5daf5f91c3e51b066ba69524dafe60e35,768,768,30,0.6480260395679719,0.8950581395348837,AUROC,0.217469487142736,False
bbbp,LoRA,1,30,val_first_batch,encoder.layers.11.self_attn.linear_q,0.9900369934643768,0.9999983821083002,0.9999993254033732,0.0023975100240301,0.0918850817811053,0.0041076603712674,0.0070774891894884,0.0058503607288002,8.15625,3.505889415740967,3.6875,12.125,True,5b9241630f1cf0b173fb06d1e76096e5daf5f91c3e51b066ba69524dafe60e35,768,768,30,0.6480260395679719,0.8950581395348837,AUROC,0.217469487142736,True
bbbp,LoRA,1,30,val_first_batch,encoder.layers.11.self_attn.linear_v,0.6985403926664479,0.9560269825169488,0.9798996927763164,0.0213408746817242,0.4209432868025573,0.0009120358202286,0.0069181626081078,0.0058503607288002,8.15625,3.505889415740967,3.6875,12.125,True,5b9241630f1cf0b173fb06d1e76096e5daf5f91c3e51b066ba69524dafe60e35,768,768,30,0.6480260395679719,0.8950581395348837,AUROC,0.217469487142736,False
bbbp,LoRA,2,30,val_first_batch,encoder.layers.11.self_attn.linear_k,0.3916252080380228,0.6971704067147488,0.8824949813099782,0.0266199720518767,0.4542130829613574,0.0004819337893989,0.0015923499497577,0.7403398156166077,5.9921875,4.832314014434815,-5.90625,10.25,True,5b9241630f1cf0b173fb06d1e76096e5daf5f91c3e51b066ba69524dafe60e35,768,768,30,0.6105211553636204,0.9072558647026732,AUROC,0.1982125573998857,False
bbbp,LoRA,2,30,val_first_batch,encoder.layers.11.self_attn.linear_q,0.9999726695806682,0.9999983609649464,0.999998719665371,0.0016135253140234,0.0322791485064648,0.0068646046725854,0.008374612689465,0.7403398156166077,5.9921875,4.832314014434815,-5.90625,10.25,True,5b9241630f1cf0b173fb06d1e76096e5daf5f91c3e51b066ba69524dafe60e35,768,768,30,0.6105211553636204,0.9072558647026732,AUROC,0.1982125573998857,True
bbbp,LoRA,2,30,val_first_batch,encoder.layers.11.self_attn.linear_v,0.6298931986190824,0.8991968222838471,0.9525706341433386,0.0215564468800326,0.4224560827292478,0.0001282087521914,0.0011048053189893,0.7403398156166077,5.9921875,4.832314014434815,-5.90625,10.25,True,5b9241630f1cf0b173fb06d1e76096e5daf5f91c3e51b066ba69524dafe60e35,768,768,30,0.6105211553636204,0.9072558647026732,AUROC,0.1982125573998857,False
esol,DoRA,0,30,val_first_batch,encoder.layers.11.self_attn.linear_k,0.5500497002043444,0.916864818238001,0.959732080520358,0.0628011813709971,0.5834032223753824,0.0067557162406651,0.0118534420235266,0.2850538194179535,-0.61962890625,0.2539489567279815,-0.9765625,-0.294921875,True,5b9241630f1cf0b173fb06d1e76096e5daf5f91c3e51b066ba69524dafe60e35,768,768,30,0.1969056765415839,0.9225197434425354,RMSE,0.116727748078055,False
esol,DoRA,0,30,val_first_batch,encoder.layers.11.self_attn.linear_q,0.9794092630160522,0.9910378165731046,0.9950771296812828,0.0355684061343183,0.4978321654810094,0.0009162376178581,0.0017919193719173,0.2850538194179535,-0.61962890625,0.2539489567279815,-0.9765625,-0.294921875,True,5b9241630f1cf0b173fb06d1e76096e5daf5f91c3e51b066ba69524dafe60e35,768,768,30,0.1969056765415839,0.9225197434425354,RMSE,0.116727748078055,False
esol,DoRA,0,30,val_first_batch,encoder.layers.11.self_attn.linear_v,0.8844861660846037,0.9802903721110016,0.9892478452857012,0.0668477589276617,0.5928020589825678,0.000312305089819,0.0030977934672011,0.2850538194179535,-0.61962890625,0.2539489567279815,-0.9765625,-0.294921875,True,5b9241630f1cf0b173fb06d1e76096e5daf5f91c3e51b066ba69524dafe60e35,768,768,30,0.1969056765415839,0.9225197434425354,RMSE,0.116727748078055,False
esol,DoRA,1,30,val_first_batch,encoder.layers.11.self_attn.linear_k,0.8179769888359542,0.9272124141472472,0.9598797947527806,0.0614569414412362,0.5801464825668283,0.0015301028102163,0.0034190929795763,0.1703665107488632,-0.81640625,1.261928915977478,-2.890625,1.0859375,True,5b9241630f1cf0b173fb06d1e76096e5daf5f91c3e51b066ba69524dafe60e35,768,768,30,0.2343285073127065,0.9172259569168092,RMSE,0.1541441257021068,False
esol,DoRA,1,30,val_first_batch,encoder.layers.11.self_attn.linear_q,0.9642060169982792,0.991529833565519,0.996386142205082,0.0300104743898912,0.4722577094163229,0.0030072925084216,0.0043174974361254,0.1703665107488632,-0.81640625,1.261928915977478,-2.890625,1.0859375,True,5b9241630f1cf0b173fb06d1e76096e5daf5f91c3e51b066ba69524dafe60e35,768,768,30,0.2343285073127065,0.9172259569168092,RMSE,0.1541441257021068,False
esol,DoRA,1,30,val_first_batch,encoder.layers.11.self_attn.linear_v,0.8541454555563485,0.964806939772299,0.9755297172096532,0.0774086878791211,0.6148800065993181,0.0001127060112297,0.0012256377424007,0.1703665107488632,-0.81640625,1.261928915977478,-2.890625,1.0859375,True,5b9241630f1cf0b173fb06d1e76096e5daf5f91c3e51b066ba69524dafe60e35,768,768,30,0.2343285073127065,0.9172259569168092,RMSE,0.1541441257021068,False
esol,DoRA,2,30,val_first_batch,encoder.layers.11.self_attn.linear_k,0.9326827607686772,0.9754737851753044,0.9894420273085186,0.037169566692472,0.504459791108692,0.0003250641226552,0.0031454844012178,0.0972688347101211,0.010528564453125,0.1156095117330551,-0.1923828125,0.09716796875,True,5b9241630f1cf0b173fb06d1e76096e5daf5f91c3e51b066ba69524dafe60e35,768,768,30,0.1186300395056605,0.7221519351005554,RMSE,0.1096262071957498,False
esol,DoRA,2,30,val_first_batch,encoder.layers.11.self_attn.linear_q,0.994142283984962,0.9985972826570954,0.9993746375240796,0.0113776391694998,0.3262722774288255,0.000127505419845,0.0004442068773929,0.0972688347101211,0.010528564453125,0.1156095117330551,-0.1923828125,0.09716796875,True,5b9241630f1cf0b173fb06d1e76096e5daf5f91c3e51b066ba69524dafe60e35,768,768,30,0.1186300395056605,0.7221519351005554,RMSE,0.1096262071957498,False
esol,DoRA,2,30,val_first_batch,encoder.layers.11.self_attn.linear_v,0.861795828132351,0.9746796462581524,0.9893711778893526,0.0621390952471858,0.5818079670445848,0.0002357034927576,0.0016098238708732,0.0972688347101211,0.010528564453125,0.1156095117330551,-0.1923828125,0.09716796875,True,5b9241630f1cf0b173fb06d1e76096e5daf5f91c3e51b066ba69524dafe60e35,768,768,30,0.1186300395056605,0.7221519351005554,RMSE,0.1096262071957498,False
esol,FullFT,0,30,val_first_batch,encoder.layers.11.self_attn.linear_k,0.4370380817622831,0.7612835000241396,0.8801677909913427,0.0545937552941137,0.5623227267162088,0.0005687102226899,0.0015165026089915,0.3695663213729858,-0.51971435546875,0.274529367685318,-0.9140625,-0.08447265625,True,5b9241630f1cf0b173fb06d1e76096e5daf5f91c3e51b066ba69524dafe60e35,768,768,30,0.1252721915952861,0.7358238697052002,RMSE,0.0363907310369927,False
esol,FullFT,0,30,val_first_batch,encoder.layers.11.self_attn.linear_q,0.6635044302780249,0.9813331590587936,0.9999976961569506,0.0068694676245698,0.2503271673868185,0.0005389366532707,0.0030127299342505,0.3695663213729858,-0.51971435546875,0.274529367685318,-0.9140625,-0.08447265625,True,5b9241630f1cf0b173fb06d1e76096e5daf5f91c3e51b066ba69524dafe60e35,768,768,30,0.1252721915952861,0.7358238697052002,RMSE,0.0363907310369927,False
esol,FullFT,0,30,val_first_batch,encoder.layers.11.self_attn.linear_v,0.8348696146046773,0.9657514099944178,0.987600505073739,0.0271650643600773,0.4572640504013742,0.0006086596849193,0.0019150423163583,0.3695663213729858,-0.51971435546875,0.274529367685318,-0.9140625,-0.08447265625,True,5b9241630f1cf0b173fb06d1e76096e5daf5f91c3e51b066ba69524dafe60e35,768,768,30,0.1252721915952861,0.7358238697052002,RMSE,0.0363907310369927,False
esol,FullFT,1,30,val_first_batch,encoder.layers.11.self_attn.linear_k,0.2178497594266548,0.613604818729048,0.8433344988183538,0.0595654544894154,0.5754411850897891,0.0012788543261822,0.0017394366889634,0.3188032507896423,-0.6053466796875,1.435186743736267,-3.21875,1.21875,True,5b9241630f1cf0b173fb06d1e76096e5daf5f91c3e51b066ba69524dafe60e35,768,768,30,0.2219504788517952,0.8926717042922974,RMSE,0.035223705150121,False
esol,FullFT,1,30,val_first_batch,encoder.layers.11.self_attn.linear_q,0.7242519237176264,0.9978719853659564,0.9999985743769144,0.0049242729797277,0.2002187234985417,0.0020387730887458,0.0031513044473794,0.3188032507896423,-0.6053466796875,1.435186743736267,-3.21875,1.21875,True,5b9241630f1cf0b173fb06d1e76096e5daf5f91c3e51b066ba69524dafe60e35,768,768,30,0.2219504788517952,0.8926717042922974,RMSE,0.035223705150121,True
esol,FullFT,1,30,val_first_batch,encoder.layers.11.self_attn.linear_v,0.8914951346984512,0.967176382324816,0.9873429710597338,0.027932597304482,0.4614578345037783,0.0006167430268076,0.0035686153863882,0.3188032507896423,-0.6053466796875,1.435186743736267,-3.21875,1.21875,True,5b9241630f1cf0b173fb06d1e76096e5daf5f91c3e51b066ba69524dafe60e35,768,768,30,0.2219504788517952,0.8926717042922974,RMSE,0.035223705150121,False
esol,FullFT,2,30,val_first_batch,encoder.layers.11.self_attn.linear_k,0.4950748936206056,0.838696368191505,0.9301290106862812,0.0374211615855125,0.5054751807707908,0.0052590284612238,0.008781625190278,0.0548751205205917,0.156890869140625,0.2478607296943664,-0.361328125,0.50390625,True,5b9241630f1cf0b173fb06d1e76096e5daf5f91c3e51b066ba69524dafe60e35,768,768,30,0.1014999390712806,0.6679810881614685,RMSE,0.032476391115811,False
esol,FullFT,2,30,val_first_batch,encoder.layers.11.self_attn.linear_q,0.9428557651619586,0.996540974304324,0.9999981995259912,0.004445302922621,0.1848165759602864,0.0080299492152906,0.0128947691391155,0.0548751205205917,0.156890869140625,0.2478607296943664,-0.361328125,0.50390625,True,5b9241630f1cf0b173fb06d1e76096e5daf5f91c3e51b066ba69524dafe60e35,768,768,30,0.1014999390712806,0.6679810881614685,RMSE,0.032476391115811,True
esol,FullFT,2,30,val_first_batch,encoder.layers.11.self_attn.linear_v,0.8780563206929035,0.975259933708865,0.988339741358982,0.0225078123112084,0.4289565190065713,0.0008861466101526,0.0020255613462274,0.0548751205205917,0.156890869140625,0.2478607296943664,-0.361328125,0.50390625,True,5b9241630f1cf0b173fb06d1e76096e5daf5f91c3e51b066ba69524dafe60e35,768,768,30,0.1014999390712806,0.6679810881614685,RMSE,0.032476391115811,False
esol,LoRA,0,30,val_first_batch,encoder.layers.11.self_attn.linear_k,0.491654531357681,0.9273193100303434,0.9669472753984178,0.0275606939269601,0.4594403497655525,0.0037842085489316,0.0070283331638498,0.4813574254512787,-0.45751953125,0.2937465310096741,-0.8125,-0.1328125,True,5b9241630f1cf0b173fb06d1e76096e5daf5f91c3e51b066ba69524dafe60e35,768,768,30,0.5015105179377964,1.4722667932510376,RMSE,0.1146273592536428,False
esol,LoRA,0,30,val_first_batch,encoder.layers.11.self_attn.linear_q,0.9870085452837264,0.998498827820816,0.9999984434380538,0.0032282234596309,0.1366639318910833,0.0167240654071152,0.01883577759062,0.4813574254512787,-0.45751953125,0.2937465310096741,-0.8125,-0.1328125,True,5b9241630f1cf0b173fb06d1e76096e5daf5f91c3e51b066ba69524dafe60e35,768,768,30,0.5015105179377964,1.4722667932510376,RMSE,0.1146273592536428,True
esol,LoRA,0,30,val_first_batch,encoder.layers.11.self_attn.linear_v,0.8061565341107195,0.9842202408406076,0.9922593935376468,0.0219569745885441,0.4252270775561348,0.000236284127532,0.0045654799130511,0.4813574254512787,-0.45751953125,0.2937465310096741,-0.8125,-0.1328125,True,5b9241630f1cf0b173fb06d1e76096e5daf5f91c3e51b066ba69524dafe60e35,768,768,30,0.5015105179377964,1.4722667932510376,RMSE,0.1146273592536428,False
esol,LoRA,1,30,val_first_batch,encoder.layers.11.self_attn.linear_k,0.7553527881468535,0.8974714358395764,0.9482294085426042,0.0426072118754207,0.525010291725493,0.0010316750897388,0.0049493715970765,0.4335920810699463,-0.46429443359375,1.3001325130462646,-2.75,1.1171875,True,5b9241630f1cf0b173fb06d1e76096e5daf5f91c3e51b066ba69524dafe60e35,768,768,30,0.3855536505579948,1.1765384674072266,RMSE,0.1635519084973936,False
esol,LoRA,1,30,val_first_batch,encoder.layers.11.self_attn.linear_q,0.9691932524789432,0.9942947434824893,0.9999983557015586,0.0042226043437646,0.1770806395424231,0.0076059799548712,0.013103354635016,0.4335920810699463,-0.46429443359375,1.3001325130462646,-2.75,1.1171875,True,5b9241630f1cf0b173fb06d1e76096e5daf5f91c3e51b066ba69524dafe60e35,768,768,30,0.3855536505579948,1.1765384674072266,RMSE,0.1635519084973936,True
esol,LoRA,1,30,val_first_batch,encoder.layers.11.self_attn.linear_v,0.8957015234200363,0.9844286243845456,0.9897779422125528,0.0275472180213177,0.4593667361530512,0.0001344558848168,0.0008844004696792,0.4335920810699463,-0.46429443359375,1.3001325130462646,-2.75,1.1171875,True,5b9241630f1cf0b173fb06d1e76096e5daf5f91c3e51b066ba69524dafe60e35,768,768,30,0.3855536505579948,1.1765384674072266,RMSE,0.1635519084973936,False
esol,LoRA,2,30,val_first_batch,encoder.layers.11.self_attn.linear_k,0.3821405898806627,0.7963282645416934,0.9248923921615732,0.0407905478976539,0.5184518140867077,0.0021725045391361,0.0061129806590067,0.0192609727382659,0.2202262878417968,0.1406123787164688,-0.007720947265625,0.400390625,True,5b9241630f1cf0b173fb06d1e76096e5daf5f91c3e51b066ba69524dafe60e35,768,768,30,0.1681316260780607,0.8597179055213928,RMSE,0.1892683941755542,False
esol,LoRA,2,30,val_first_batch,encoder.layers.11.self_attn.linear_q,0.9682105116398588,0.998168737942011,0.999998352708492,0.0039807042208396,0.1682011687010285,0.001282285095011,0.0027638226830446,0.0192609727382659,0.2202262878417968,0.1406123787164688,-0.007720947265625,0.400390625,True,5b9241630f1cf0b173fb06d1e76096e5daf5f91c3e51b066ba69524dafe60e35,768,768,30,0.1681316260780607,0.8597179055213928,RMSE,0.1892683941755542,True
esol,LoRA,2,30,val_first_batch,encoder.layers.11.self_attn.linear_v,0.8499701974675758,0.9578459265166896,0.9827432610737912,0.0251400024267814,0.4456033187034207,2.538376989088135e-05,0.0010424164022379,0.0192609727382659,0.2202262878417968,0.1406123787164688,-0.007720947265625,0.400390625,True,5b9241630f1cf0b173fb06d1e76096e5daf5f91c3e51b066ba69524dafe60e35,768,768,30,0.1681316260780607,0.8597179055213928,RMSE,0.1892683941755542,False
sider,DoRA,0,30,val_first_batch,encoder.layers.11.self_attn.linear_k,0.4171435876204957,0.7450409299609967,0.8437831003030801,0.1227769357386165,0.6843087778405894,0.0001534435937573,0.0008233785730731,0.7208059430122375,0.959668755531311,2.971587896347046,-8.875,7.375,True,5b9241630f1cf0b173fb06d1e76096e5daf5f91c3e51b066ba69524dafe60e35,768,768,30,0.6304993149307039,0.5864738285247488,AUROC,0.3711407728545315,False
sider,DoRA,0,30,val_first_batch,encoder.layers.11.self_attn.linear_q,0.6184527854693382,0.972117816339303,0.997635305373492,0.0303802299193263,0.4741008740393969,0.0006763192906715,0.0013472070103274,0.7208059430122375,0.959668755531311,2.971587896347046,-8.875,7.375,True,5b9241630f1cf0b173fb06d1e76096e5daf5f91c3e51b066ba69524dafe60e35,768,768,30,0.6304993149307039,0.5864738285247488,AUROC,0.3711407728545315,False
sider,DoRA,0,30,val_first_batch,encoder.layers.11.self_attn.linear_v,0.7272368163477672,0.8854221605886886,0.9239323172148804,0.1349289015726586,0.6985143457657956,0.0005377049623881,0.003018088873762,0.7208059430122375,0.959668755531311,2.971587896347046,-8.875,7.375,True,5b9241630f1cf0b173fb06d1e76096e5daf5f91c3e51b066ba69524dafe60e35,768,768,30,0.6304993149307039,0.5864738285247488,AUROC,0.3711407728545315,False
sider,DoRA,1,30,val_first_batch,encoder.layers.11.self_attn.linear_k,0.5403248723231507,0.8345408824796483,0.901370960284778,0.1243620529133946,0.6862395906811775,0.0001825290293563,0.0013861592009869,0.6604428291320801,-0.1313544362783432,2.676788091659546,-8.1875,7.40625,True,5b9241630f1cf0b173fb06d1e76096e5daf5f91c3e51b066ba69524dafe60e35,768,768,30,0.5585364136430953,0.6644078084430873,AUROC,0.3643711698013586,False
sider,DoRA,1,30,val_first_batch,encoder.layers.11.self_attn.linear_q,0.486605610394036,0.95156697063752,0.9977059451790328,0.02656963847506,0.4539282139362693,0.0008608697514718,0.0018770659684814,0.6604428291320801,-0.1313544362783432,2.676788091659546,-8.1875,7.40625,True,5b9241630f1cf0b173fb06d1e76096e5daf5f91c3e51b066ba69524dafe60e35,768,768,30,0.5585364136430953,0.6644078084430873,AUROC,0.3643711698013586,False
sider,DoRA,1,30,val_first_batch,encoder.layers.11.self_attn.linear_v,0.3058499508375275,0.7438073246354768,0.8343883329110597,0.1641404923330018,0.7280117779316047,0.0003141717240551,0.0012529603895291,0.6604428291320801,-0.1313544362783432,2.676788091659546,-8.1875,7.40625,True,5b9241630f1cf0b173fb06d1e76096e5daf5f91c3e51b066ba69524dafe60e35,768,768,30,0.5585364136430953,0.6644078084430873,AUROC,0.3643711698013586,False
sider,DoRA,2,30,val_first_batch,encoder.layers.11.self_attn.linear_k,0.2031770209536388,0.4769394838738357,0.6417693914531324,0.1771494616164182,0.739491832774351,0.0008218021727498,0.0022098921989216,0.469265878200531,0.5449264049530029,2.7608907222747803,-8.75,7.34375,True,5b9241630f1cf0b173fb06d1e76096e5daf5f91c3e51b066ba69524dafe60e35,768,768,30,0.5214332441488901,0.6311433568172569,AUROC,0.3945396213264732,False
sider,DoRA,2,30,val_first_batch,encoder.layers.11.self_attn.linear_q,0.3240789545169519,0.8310151240697896,0.9971463709325132,0.0372888642209878,0.5049421075368478,0.0004962766551266,0.0010902954105179,0.469265878200531,0.5449264049530029,2.7608907222747803,-8.75,7.34375,True,5b9241630f1cf0b173fb06d1e76096e5daf5f91c3e51b066ba69524dafe60e35,768,768,30,0.5214332441488901,0.6311433568172569,AUROC,0.3945396213264732,False
sider,DoRA,2,30,val_first_batch,encoder.layers.11.self_attn.linear_v,0.4804991202128973,0.7446855315004297,0.8169795366828065,0.1644310435308213,0.7282779772640602,7.204593305039433e-05,0.0007386403843182,0.469265878200531,0.5449264049530029,2.7608907222747803,-8.75,7.34375,True,5b9241630f1cf0b173fb06d1e76096e5daf5f91c3e51b066ba69524dafe60e35,768,768,30,0.5214332441488901,0.6311433568172569,AUROC,0.3945396213264732,False
sider,FullFT,0,30,val_first_batch,encoder.layers.11.self_attn.linear_k,0.3173606628156133,0.5636392095462905,0.7493381459716749,0.0418832340888737,0.5224307510247443,0.0001743629982659,0.0006464916106804,1.420238375663757,2.452139377593994,6.677205562591553,-12.125,14.0625,True,5b9241630f1cf0b173fb06d1e76096e5daf5f91c3e51b066ba69524dafe60e35,768,768,30,1.44953281349606,0.608951468482561,AUROC,0.0381301229763075,False
sider,FullFT,0,30,val_first_batch,encoder.layers.11.self_attn.linear_q,0.6663845411214243,0.99999738334052,0.999997865003727,0.0053294389140783,0.2121199607457618,0.0041290061374944,0.0065467282415824,1.420238375663757,2.452139377593994,6.677205562591553,-12.125,14.0625,True,5b9241630f1cf0b173fb06d1e76096e5daf5f91c3e51b066ba69524dafe60e35,768,768,30,1.44953281349606,0.608951468482561,AUROC,0.0381301229763075,False
sider,FullFT,0,30,val_first_batch,encoder.layers.11.self_attn.linear_v,0.4074824664429075,0.638271445903393,0.7672939798591283,0.0592253345025785,0.5745792695913794,5.129949639096072e-05,0.0005168778092695,1.420238375663757,2.452139377593994,6.677205562591553,-12.125,14.0625,True,5b9241630f1cf0b173fb06d1e76096e5daf5f91c3e51b066ba69524dafe60e35,768,768,30,1.44953281349606,0.608951468482561,AUROC,0.0381301229763075,False
sider,FullFT,1,30,val_first_batch,encoder.layers.11.self_attn.linear_k,0.2797872794296021,0.5721331572926961,0.7600602623611732,0.0588321090501864,0.5735765858597627,7.694625411510783e-05,0.000459930237571,1.8595571517944336,0.5392410755157471,8.511937141418457,-18.125,18.625,True,5b9241630f1cf0b173fb06d1e76096e5daf5f91c3e51b066ba69524dafe60e35,768,768,30,1.7055611146820917,0.623240911507613,AUROC,0.0252757068280573,False
sider,FullFT,1,30,val_first_batch,encoder.layers.11.self_attn.linear_q,0.4300193668922802,0.901427521558546,0.9999954301761108,0.0097443373951303,0.3029476957147851,0.0003598425768865,0.0033680098174037,1.8595571517944336,0.5392410755157471,8.511937141418457,-18.125,18.625,True,5b9241630f1cf0b173fb06d1e76096e5daf5f91c3e51b066ba69524dafe60e35,768,768,30,1.7055611146820917,0.623240911507613,AUROC,0.0252757068280573,False
sider,FullFT,1,30,val_first_batch,encoder.layers.11.self_attn.linear_v,0.2268835080165747,0.4593386960146572,0.6106264169645544,0.0964959671616675,0.6480541744247134,0.0002452279012002,0.0009699777625151,1.8595571517944336,0.5392410755157471,8.511937141418457,-18.125,18.625,True,5b9241630f1cf0b173fb06d1e76096e5daf5f91c3e51b066ba69524dafe60e35,768,768,30,1.7055611146820917,0.623240911507613,AUROC,0.0252757068280573,False
sider,FullFT,2,30,val_first_batch,encoder.layers.11.self_attn.linear_k,0.238513779157478,0.6533403005339286,0.8382502652395467,0.0402402659992499,0.5164074614126932,0.0001959289210491,0.0005995896162807,0.973863124847412,1.5720486640930176,11.07598114013672,-23.0,21.625,True,5b9241630f1cf0b173fb06d1e76096e5daf5f91c3e51b066ba69524dafe60e35,768,768,30,1.4778293553325863,0.6080061763778247,AUROC,0.03562093348327,False
sider,FullFT,2,30,val_first_batch,encoder.layers.11.self_attn.linear_q,0.5162984690051201,0.999997437016065,0.9999979341803884,0.0053086012871223,0.211530301240689,0.0008154552227329,0.0048837536338047,0.973863124847412,1.5720486640930176,11.07598114013672,-23.0,21.625,True,5b9241630f1cf0b173fb06d1e76096e5daf5f91c3e51b066ba69524dafe60e35,768,768,30,1.4778293553325863,0.6080061763778247,AUROC,0.03562093348327,False
sider,FullFT,2,30,val_first_batch,encoder.layers.11.self_attn.linear_v,0.3154239482401178,0.5734473442278849,0.7383794972794159,0.0617681087716662,0.5809066513477917,0.0003507403439233,0.0009984777999602,0.973863124847412,1.5720486640930176,11.07598114013672,-23.0,21.625,True,5b9241630f1cf0b173fb06d1e76096e5daf5f91c3e51b066ba69524dafe60e35,768,768,30,1.4778293553325863,0.6080061763778247,AUROC,0.03562093348327,False
sider,LoRA,0,30,val_first_batch,encoder.layers.11.self_attn.linear_k,0.3467333150149553,0.5866237059907232,0.7176124361976277,0.1070024600599333,0.6636101467179711,0.0009690621081251,0.0038851473571545,0.6708576083183289,1.0045199394226074,2.7668375968933105,-7.1875,8.3125,True,5b9241630f1cf0b173fb06d1e76096e5daf5f91c3e51b066ba69524dafe60e35,768,768,30,0.6087477720446057,0.5978816792570939,AUROC,0.3691776841878891,False
sider,LoRA,0,30,val_first_batch,encoder.layers.11.self_attn.linear_q,0.7125677283960079,0.9618017763473506,0.9999976698488816,0.0079109769700141,0.271574780590043,0.0009288163775993,0.0014295486869051,0.6708576083183289,1.0045199394226074,2.7668375968933105,-7.1875,8.3125,True,5b9241630f1cf0b173fb06d1e76096e5daf5f91c3e51b066ba69524dafe60e35,768,768,30,0.6087477720446057,0.5978816792570939,AUROC,0.3691776841878891,False
sider,LoRA,0,30,val_first_batch,encoder.layers.11.self_attn.linear_v,0.7616678965956358,0.8960604457586269,0.9310956539525322,0.0772094892959383,0.6144921778024687,0.0008726314841148,0.0038364965391069,0.6708576083183289,1.0045199394226074,2.7668375968933105,-7.1875,8.3125,True,5b9241630f1cf0b173fb06d1e76096e5daf5f91c3e51b066ba69524dafe60e35,768,768,30,0.6087477720446057,0.5978816792570939,AUROC,0.3691776841878891,False
sider,LoRA,1,30,val_first_batch,encoder.layers.11.self_attn.linear_k,0.6837994942956227,0.8091779006583162,0.8769375914898067,0.0940094009361933,0.6441247259893167,0.0001413467374413,0.0006367949327043,0.796303391456604,0.2513297796249389,2.9820713996887207,-7.59375,8.375,True,5b9241630f1cf0b173fb06d1e76096e5daf5f91c3e51b066ba69524dafe60e35,768,768,30,0.5710885425408682,0.664596708655141,AUROC,0.3774074641141025,False
sider,LoRA,1,30,val_first_batch,encoder.layers.11.self_attn.linear_q,0.5725310830090524,0.9052720242708464,0.9999952714347904,0.0096280355498883,0.301140425387256,0.0014429820890521,0.0034675297124533,0.796303391456604,0.2513297796249389,2.9820713996887207,-7.59375,8.375,True,5b9241630f1cf0b173fb06d1e76096e5daf5f91c3e51b066ba69524dafe60e35,768,768,30,0.5710885425408682,0.664596708655141,AUROC,0.3774074641141025,False
sider,LoRA,1,30,val_first_batch,encoder.layers.11.self_attn.linear_v,0.5273483450308792,0.7889163270937444,0.8401903661788941,0.1254311469927212,0.6875279947309436,0.0003097881794455,0.0017021135862986,0.796303391456604,0.2513297796249389,2.9820713996887207,-7.59375,8.375,True,5b9241630f1cf0b173fb06d1e76096e5daf5f91c3e51b066ba69524dafe60e35,768,768,30,0.5710885425408682,0.664596708655141,AUROC,0.3774074641141025,False
sider,LoRA,2,30,val_first_batch,encoder.layers.11.self_attn.linear_k,0.6176282822936043,0.7449272441436149,0.821434468236209,0.1176468594933973,0.6778844689911769,0.0005737901388704,0.0016316921660993,0.5454173684120178,0.6153705716133118,3.3368728160858154,-10.3125,9.0625,True,5b9241630f1cf0b173fb06d1e76096e5daf5f91c3e51b066ba69524dafe60e35,768,768,30,0.5274824715322919,0.6358636513807511,AUROC,0.376215122379623,False
sider,LoRA,2,30,val_first_batch,encoder.layers.11.self_attn.linear_q,0.6687992903897295,0.957192611917545,0.9999953689768368,0.0084403785957634,0.2813246195556181,0.0004383351069666,0.0008234586188894,0.5454173684120178,0.6153705716133118,3.3368728160858154,-10.3125,9.0625,True,5b9241630f1cf0b173fb06d1e76096e5daf5f91c3e51b066ba69524dafe60e35,768,768,30,0.5274824715322919,0.6358636513807511,AUROC,0.376215122379623,False
sider,LoRA,2,30,val_first_batch,encoder.layers.11.self_attn.linear_v,0.398089592228614,0.6858610826755678,0.8155886458346755,0.1186529993771105,0.6791662435394774,0.0001249265853892,0.0010391176914281,0.5454173684120178,0.6153705716133118,3.3368728160858154,-10.3125,9.0625,True,5b9241630f1cf0b173fb06d1e76096e5daf5f91c3e51b066ba69524dafe60e35,768,768,30,0.5274824715322919,0.6358636513807511,AUROC,0.376215122379623,False
