backbone,dataset,protocol,seed,target_set,layer_name,layer_group,layer_index,split_source,batch_size,task,matrix_rows,matrix_cols,n_batches,sha256_integrity_all_pass,loss_mean,loss_median,loss_std,loss_iqr,grad_erank_mean,grad_erank_median,grad_erank_std,grad_erank_iqr,grad_erank_norm_mean,grad_erank_norm_median,grad_erank_norm_std,grad_erank_norm_iqr,grad_stable_rank_mean,grad_stable_rank_median,grad_stable_rank_std,grad_stable_rank_iqr,grad_top4_energy_mean,grad_top4_energy_median,grad_top4_energy_std,grad_top4_energy_iqr,grad_top8_energy_mean,grad_top8_energy_median,grad_top8_energy_std,grad_top8_energy_iqr,grad_top16_energy_mean,grad_top16_energy_median,grad_top16_energy_std,grad_top16_energy_iqr,grad_sv_entropy_mean,grad_sv_entropy_median,grad_sv_entropy_std,grad_sv_entropy_iqr,grad_spectral_entropy_norm_mean,grad_spectral_entropy_norm_median,grad_spectral_entropy_norm_std,grad_spectral_entropy_norm_iqr,alignment_A4_mean,alignment_A4_median,alignment_A4_std,alignment_A4_iqr,alignment_A8_mean,alignment_A8_median,alignment_A8_std,alignment_A8_iqr,alignment_A16_mean,alignment_A16_median,alignment_A16_std,alignment_A16_iqr,fisher_target_fraction_mean,fisher_target_fraction_median,fisher_target_fraction_std,fisher_target_fraction_iqr,fisher_layer_trace_mean,fisher_layer_trace_median,fisher_layer_trace_std,fisher_layer_trace_iqr
unimol2_84m,bace,scaffold,0,historical,encoder.layers.11.self_attn.linear_k,attention_key,11,dumped/n4_full_ft_splits/bace_scaffold_seed0.json,1,classification,768,768,5,True,0.67721389534,0.6365283728,0.06730475382450243,0.0709280967,14.53043571,13.69995112,1.7941917721131624,2.679624089999999,0.0189198381640625,0.017838478020833333,0.002336187203272347,0.0034890938671874976,1.5161798236000001,1.476192081,0.28451808352418495,0.28799685099999994,0.90963543662,0.9064282014,0.0311907992484902,0.019893696599999955,0.9659349693599999,0.9677171974,0.012497454905808772,0.0016018358999999593,0.99406953398,0.99562775,0.002511506303028298,0.0025304924000000284,2.6689252346,2.617392265,0.11975989654976363,0.18778363799999997,0.4017172941648058,0.3939607317704711,0.018025840876969495,0.028264536588672617,0.0018252906725999998,0.001404468648,0.0007230164996722377,0.0009392202949999998,0.006977889113399999,0.00729251998,0.001754757297264978,0.0019812492900000006,0.010729174115600001,0.0112874695,0.002358127665969367,0.0030928527619999997,0.0089308662072,0.007767726779,0.003158392021566866,0.0054879405840000004,0.00028925730148,0.0002097575343,0.00013247984464096198,0.0001866589737
unimol2_84m,bace,scaffold,0,historical,encoder.layers.11.self_attn.linear_q,attention_query,11,dumped/n4_full_ft_splits/bace_scaffold_seed0.json,1,classification,768,768,5,True,0.67721389534,0.6365283728,0.06730475382450243,0.0709280967,1.0000038344,1.000003822,2.6636110830316035e-07,3.050000001447728e-07,0.0013020883260416666,0.0013020883098958335,3.468243597395321e-10,3.9713541678289277e-10,1.0,1.0,0.0,0.0,1.0,1.0,0.0,0.0,1.0,1.0,0.0,0.0,1.0,1.0,0.0,0.0,3.8346108946000005e-06,3.822487699e-06,2.6649120122698166e-07,3.0503385400000024e-07,5.771722237788599e-07,5.753474827670374e-07,4.011132379722746e-08,4.591262912462504e-08,0.0020508191654000003,0.002086382706,0.0004308163979663784,0.0008466460599999997,0.003178435943,0.003216974199,0.0006834301774531337,0.001028604073,0.0089584403114,0.008741586958,0.001085210541194475,0.0015615882669999994,0.014074785437999998,0.0117895481,0.00531131251632086,0.008501923869999999,0.00045991515800000005,0.0003499838058,0.000227088702302322,0.0002853809856
unimol2_84m,bace,scaffold,0,historical,encoder.layers.11.self_attn.linear_v,attention_value,11,dumped/n4_full_ft_splits/bace_scaffold_seed0.json,1,classification,768,768,5,True,0.67721389534,0.6365283728,0.06730475382450243,0.0709280967,7.0436475631999995,7.218225819,0.6352143063727305,1.073058789,0.009171416097916666,0.00939873153515625,0.0008271019614228262,0.001397211964843749,1.0429382854,1.044622391,0.0170381947042442,0.024225359999999974,0.9878187158599999,0.9878582928,0.004477903972378076,0.003942870199999948,0.9956659121400001,0.9960716638,0.0014104636779549444,0.001578705499999944,0.99908107572,0.9990665969,0.00023085570705824957,0.0002461526000000491,1.947960956,1.976609191,0.09181448433740633,0.15246024599999997,0.29320027186909503,0.2975123040300568,0.013819595144518037,0.022947783136382904,0.00063483386694,0.0007170775471,0.00016649027972902162,0.0003183162539,0.009377674454,0.009055583015,0.0015509901507667653,0.002799983943,0.038628217888,0.03875549487,0.004119785178917067,0.006760293140000005,0.9769943483400001,0.9804427251,0.00844161007567073,0.013989864400000052,0.030878080800000002,0.02744756266,0.005710794178215186,0.004876721649999999
unimol2_84m,bace,scaffold,1,historical,encoder.layers.11.self_attn.linear_k,attention_key,11,dumped/n4_full_ft_splits/bace_scaffold_seed1.json,1,classification,768,768,5,True,0.7315876603,0.7776019573,0.08457211528202449,0.15438842780000006,14.066717728,12.95332305,3.534423459311346,5.852963389999999,0.018316038708333333,0.0168663060546875,0.004602113879311649,0.007621046080729166,1.6309881076,1.580482163,0.3552708113639528,0.25220201600000003,0.8948386020199999,0.9064628169,0.03199679747053366,0.06001759309999999,0.96066930174,0.9674211615,0.020207305809609277,0.024988754799999957,0.9930893857199999,0.9955872249,0.005925808066377673,0.0066031710999999715,2.612704528,2.561352362,0.24839280425819,0.424737457,0.3932551499883428,0.3855258015196834,0.03738721636822593,0.06392999689331974,0.0008635603943399999,0.0008764972299,0.00036393615621951663,0.00044090332759999995,0.003953494221600001,0.003475230905,0.0008829655790603986,0.00019097735200000006,0.0062100814088,0.005958698297,0.0009914143749242313,0.00023352532100000007,0.009294719519600002,0.007947062224,0.004812103361241869,0.008600125812,0.00033781775272,0.0002278578031,0.00019685237912610333,0.0003437081031
unimol2_84m,bace,scaffold,1,historical,encoder.layers.11.self_attn.linear_q,attention_query,11,dumped/n4_full_ft_splits/bace_scaffold_seed1.json,1,classification,768,768,5,True,0.7315876603,0.7776019573,0.08457211528202449,0.15438842780000006,1.000004007,1.000004161,3.2647633910223736e-07,5.530000000142365e-07,0.00130208855078125,0.0013020887513020831,4.250993998874055e-10,7.200520834964308e-10,1.0,1.0,0.0,0.0,1.0,1.0,0.0,0.0,1.0,1.0,0.0,0.0,1.0,1.0,0.0,0.0,4.0068373276e-06,4.160655851e-06,3.2650172565995744e-07,5.523844839999996e-07,6.030951442681576e-07,6.262473705694443e-07,4.9143898102456755e-08,8.314298106756798e-08,0.0031711811822000002,0.003055762098,0.0012779807030349971,0.001008515478,0.004727689532,0.004033755738,0.001528115069667698,0.0026084752210000003,0.010298147115599999,0.008590324276,0.0027674555488959333,0.0031170296839999993,0.0163123830192,0.0171578988,0.008645954972221937,0.01293217639,0.0005849272712,0.0004919504863,0.00033865329180549726,0.0005370219879
unimol2_84m,bace,scaffold,1,historical,encoder.layers.11.self_attn.linear_v,attention_value,11,dumped/n4_full_ft_splits/bace_scaffold_seed1.json,1,classification,768,768,5,True,0.7315876603,0.7776019573,0.08457211528202449,0.15438842780000006,6.998650202200001,6.572976142,0.8450683257453409,0.2619877989999999,0.009112825784114584,0.008558562684895833,0.0011003493824809129,0.00034112994661458437,1.0585170768,1.061334288,0.02174087109245879,0.03243936700000005,0.9842873184800001,0.985032395,0.004358290313329022,0.004940662300000009,0.99518812416,0.9951747513,0.0010667022033217849,0.001720659099999966,0.9992350552400001,0.9993063173,0.0003855043036292924,0.0003548910999999766,1.939112153,1.88296672,0.11209166071478495,0.03921212800000018,0.2918683809822039,0.2834175667248118,0.016871644831793695,0.005902072397679925,0.00076530083494,0.0008466931068,0.00020809108684271844,0.0004082724232,0.0123832007032,0.01110226905,0.0025474274217812064,0.0041196001400000005,0.046990449776,0.0410214344,0.007765252831774633,0.013070924800000001,0.9743928974400001,0.974895039,0.013374219969634407,0.021638809699999983,0.034486292678,0.03527434543,0.005881151228243256,0.011541068549999998
unimol2_84m,bace,scaffold,2,historical,encoder.layers.11.self_attn.linear_k,attention_key,11,dumped/n4_full_ft_splits/bace_scaffold_seed2.json,1,classification,768,768,5,True,0.7053787231399999,0.748909533,0.06937138548606953,0.13767796759999995,14.353097195999998,15.43952334,1.590612288324629,2.12315113,0.018688928640624998,0.020103546015624998,0.0020711097504226934,0.0027645197005208323,1.8209714089999998,1.548324716,0.6108604333283396,0.41517784299999994,0.88635517452,0.8882420607,0.030557507444493592,0.03208932049999991,0.9630159485,0.9612995972,0.008884716788106846,0.004899316599999981,0.99419992944,0.9932307367,0.0018982235298201772,0.0027417452999999314,2.6574120006,2.736930673,0.11635302897414798,0.14716583000000005,0.3999843624402274,0.41195323496538566,0.017513051081919577,0.02215088615248456,0.00116648538312,0.001322908281,0.0004372530240131139,0.000168595412,0.0037706954598000003,0.003886360226,0.000964373541027107,0.0006491195100000002,0.00644829151,0.007599993005,0.0019181801117356542,0.0024163053790000003,0.008624918559999998,0.008360162355,0.0032979068425151984,0.0021515834400000003,0.00026756476436,0.0002400636586,8.047562634867795e-05,0.0001042248914
unimol2_84m,bace,scaffold,2,historical,encoder.layers.11.self_attn.linear_q,attention_query,11,dumped/n4_full_ft_splits/bace_scaffold_seed2.json,1,classification,768,768,5,True,0.7053787231399999,0.748909533,0.06937138548606953,0.13767796759999995,1.0000038113999998,1.000003863,2.0350390657818614e-07,3.2599999988391914e-07,0.00130208829609375,0.0013020883632812502,2.6497904503068394e-10,4.244791664432396e-10,1.0,1.0,0.0,0.0,1.0,1.0,0.0,0.0,1.0,1.0,0.0,0.0,1.0,1.0,0.0,0.0,3.8115322484000002e-06,3.862700213e-06,2.0331921387638518e-07,3.2584749800000005e-07,5.736985066494851e-07,5.814001297674939e-07,3.0602897147989245e-08,4.9045426042648225e-08,0.0027880462052000004,0.001931563787,0.0019311138911877292,0.0008833585740000002,0.0043503739046,0.003754600129,0.0019859805639312724,0.00031852030900000015,0.008696689419799999,0.008118486509,0.00346430040045115,0.0011926730299999999,0.0169693056668,0.01480367252,0.00793429523365696,0.0017339893099999996,0.0005238706246,0.0005168627249,0.00019532644430528596,0.00016955984760000001
unimol2_84m,bace,scaffold,2,historical,encoder.layers.11.self_attn.linear_v,attention_value,11,dumped/n4_full_ft_splits/bace_scaffold_seed2.json,1,classification,768,768,5,True,0.7053787231399999,0.748909533,0.06937138548606953,0.13767796759999995,7.442973481599999,7.306765382,0.6398850800117406,0.9263923890000001,0.009691371720833333,0.009514017424479167,0.0008331836979319536,0.0012062400898437495,1.0583605478,1.052282338,0.025881300771634946,0.03400829899999991,0.98398413172,0.9839051459,0.0037099095836451317,0.00364062069999993,0.9941101014599999,0.9941914911,0.000944760379136978,0.0007038870000000141,0.9990607203799999,0.9990693356,8.43862668772949e-05,8.16049999999846e-05,2.0036233262,1.988800684,0.08512987235137194,0.12520167999999976,0.3015783772029056,0.29934732492771904,0.012813450721752362,0.018844919094193224,0.00069786087422,0.0006103572331,0.00016322751950877048,0.00031188012090000003,0.0099832770576,0.00945827758,0.0018191495422239918,0.0010346355379999995,0.040224198765999995,0.03749526498,0.00487321046833274,0.008389656939999997,0.9744057758,0.9780051738,0.011158953341845804,0.002716564100000096,0.031399199738000004,0.03382243589,0.0054167831256357645,0.010408904400000002
unimol2_84m,bbbp,scaffold,0,historical,encoder.layers.11.self_attn.linear_k,attention_key,11,dumped/n4_full_ft_splits/bbbp_scaffold_seed0.json,1,classification,768,768,5,True,0.6517534494399999,0.671195507,0.046933442452277326,0.08759701249999996,8.5571896116,10.24584029,3.1644090118776624,3.398016846000001,0.011142173973437499,0.013340937877604167,0.004120324234215706,0.0044245011015625006,1.227907174,1.210135913,0.1163291907770022,0.16323506500000007,0.9555223826800001,0.9497778354,0.022363598560270224,0.01635590219999994,0.98661513428,0.983047203,0.009012620773166462,0.014972791099999938,0.99846956026,0.9978942155,0.0012706313063975177,0.0021781442999999623,2.0396751934,2.326871798,0.5183248819341756,0.3763052199999999,0.3070047781951175,0.3502326069096685,0.0780164488572105,0.05664014592793487,0.00184369098666,0.001184176032,0.0013981838131785602,0.000636593706,0.0053920689104,0.00531276152,0.0015987345295043246,0.0011802243609999995,0.00776628902,0.007069433599,0.0031852575758970925,0.0005466224919999998,0.018789519934,0.01364957248,0.00930391188140623,0.0036263560899999978,0.0006426149164800001,0.000419824064,0.0004609186945340647,2.810751900000002e-05
unimol2_84m,bbbp,scaffold,0,historical,encoder.layers.11.self_attn.linear_q,attention_query,11,dumped/n4_full_ft_splits/bbbp_scaffold_seed0.json,1,classification,768,768,5,True,0.6517534494399999,0.671195507,0.046933442452277326,0.08759701249999996,1.0000039026,1.000003906,2.654555330173666e-07,3.9399999995914925e-07,0.00130208841484375,0.0013020884192708334,3.4564522526598424e-10,5.130208332801423e-10,1.0,1.0,0.0,0.0,1.0,1.0,0.0,0.0,1.0,1.0,0.0,0.0,1.0,1.0,0.0,0.0,3.9023876182000004e-06,3.90603931e-06,2.654144001034716e-07,3.933971709999999e-07,5.873737392274665e-07,5.879233791087199e-07,3.9949247457252756e-08,5.921276662884662e-08,0.0042526331468,0.004247039315,0.0008200804251584194,0.0006057271490000002,0.0054800789927999995,0.005290675465,0.0005864333952337536,0.0006577924879999997,0.011349760732399999,0.01111993567,0.0016497519494192256,0.002440534789,0.031357526604,0.03456546599,0.009954347370594141,0.014823278899999997,0.0010164109640600002,0.0009003132,0.00044962277074034096,0.0003030477094
unimol2_84m,bbbp,scaffold,0,historical,encoder.layers.11.self_attn.linear_v,attention_value,11,dumped/n4_full_ft_splits/bbbp_scaffold_seed0.json,1,classification,768,768,5,True,0.6517534494399999,0.671195507,0.046933442452277326,0.08759701249999996,5.422387553,5.804348058,1.3362050366623235,1.1102141799999998,0.007060400459635416,0.0075577448671875005,0.0017398503081540672,0.0014455913802083331,1.0460035782000001,1.044720171,0.00961985237691737,0.019205070000000157,0.9893167571799999,0.9885304807,0.004298828761051563,0.0019529468000000216,0.9967703784599999,0.9962949149,0.0020642763509539225,0.0022430360999999843,0.9995788834600001,0.9994577178,0.0003517493940784213,0.0005956308000000243,1.6530104076,1.758607302,0.2892760404612184,0.19691213500000004,0.2488053466461592,0.26469942196181045,0.04354081812943924,0.029638526038467478,0.00076661239994,0.0007193633154,0.0002770480624021613,0.0003874396139,0.011884546773,0.01204911021,0.0021019848990564884,0.003344648990000001,0.044390497685999994,0.0439944798,0.006006070326740057,0.004721014540000006,0.94985295348,0.9484353372,0.017527348582781915,0.015432009400000002,0.030183454976,0.02983413078,0.004851296374544029,0.0048940032700000025
unimol2_84m,bbbp,scaffold,1,historical,encoder.layers.11.self_attn.linear_k,attention_key,11,dumped/n4_full_ft_splits/bbbp_scaffold_seed1.json,1,classification,768,768,5,True,0.6753699660400001,0.657499969,0.06584838555134283,0.12602758410000003,10.4139256938,9.479927158,3.557675146169561,5.021743648999999,0.013559799080468749,0.012343655153645834,0.004632389513241616,0.006538728709635415,1.5526904138,1.343561837,0.36334502265093543,0.5828359489999999,0.94025677838,0.954231588,0.03610218803699246,0.05404380270000009,0.98119289882,0.9867379795,0.014326097687207735,0.015234098400000007,0.9970941589199999,0.9986896579,0.003132552955630185,0.004084584800000068,2.2824546914,2.249176633,0.352558855842583,0.4875121370000004,0.34354709933281197,0.33853820234229365,0.05306592622634805,0.07337862222936853,0.00103244679106,0.0008679596173,0.0003494208917412107,2.9793213999999976e-06,0.0036475028379999996,0.003661902528,0.00017867180644677455,0.00016411330200000011,0.00576525326,0.005567627059,0.0007732618482762438,0.0015912458010000005,0.0139323400924,0.01200168246,0.007996423502601104,0.00208899257,0.00050222132116,0.0003824207815,0.0003530841822015002,0.00024520064470000003
unimol2_84m,bbbp,scaffold,1,historical,encoder.layers.11.self_attn.linear_q,attention_query,11,dumped/n4_full_ft_splits/bbbp_scaffold_seed1.json,1,classification,768,768,5,True,0.6753699660400001,0.657499969,0.06584838555134283,0.12602758410000003,1.0000039892,1.000004083,4.775593785403307e-07,9.890000001178123e-07,0.0013020885276041666,0.0013020886497395834,6.218221074723971e-10,1.287760416747788e-09,1.0,1.0,0.0,0.0,1.0,1.0,0.0,0.0,1.0,1.0,0.0,0.0,1.0,1.0,0.0,0.0,3.989321637e-06,4.083284319e-06,4.774905470839475e-07,9.890505729999997e-07,6.004587437642992e-07,6.146016781096164e-07,7.187020755663252e-08,1.4886843393994803e-07,0.0034864171060000003,0.00237438203,0.002153587940058894,0.0032578471169999994,0.005400802141200001,0.004692334126,0.0021916432385023998,0.002034562494,0.011204411226400002,0.01168909257,0.0039414946522526315,0.004151219968000001,0.0214520913178,0.02204803385,0.009277981638585266,0.0070754584100000024,0.00075168258344,0.0008295397856,0.00038129359796447627,0.00029856758199999997
unimol2_84m,bbbp,scaffold,1,historical,encoder.layers.11.self_attn.linear_v,attention_value,11,dumped/n4_full_ft_splits/bbbp_scaffold_seed1.json,1,classification,768,768,5,True,0.6753699660400001,0.657499969,0.06584838555134283,0.12602758410000003,6.3148592398000005,5.906020076,1.2956220369648985,2.6638866880000007,0.008222472968489583,0.007690130307291667,0.0016870078606313784,0.0034686024583333343,1.1167491128,1.052856014,0.10499386503410599,0.09232788000000003,0.9854152637199999,0.983361909,0.004091370327276844,0.005503038799999915,0.9964208084600001,0.9961749934,0.0019652171058562908,0.002879091399999978,0.9994782105199999,0.9994788873,0.00043203734289531243,0.0007008545000000144,1.8220083560000002,1.775972183,0.20386995266939764,0.42442740400000023,0.27424232692216394,0.2673131231319968,0.030685792425403695,0.06388332879988912,0.00030417816414,0.0003490812952,0.00013573294485222023,0.0002285343596,0.006760748613,0.007871147222,0.002655712859202319,0.005408465436000001,0.02878578034,0.02674710951,0.009492194546873814,0.008823224049999998,0.96461556858,0.9674384906,0.016445642776570044,0.007676244100000007,0.03265452236,0.02913295105,0.006311776408999375,0.009441927069999998
unimol2_84m,bbbp,scaffold,2,historical,encoder.layers.11.self_attn.linear_k,attention_key,11,dumped/n4_full_ft_splits/bbbp_scaffold_seed2.json,1,classification,768,768,5,True,0.67145266532,0.6617757082,0.028209638946805463,0.041344761899999916,8.389662196,5.683021646,5.095142135800459,7.193528559000001,0.010924039317708332,0.007399767768229167,0.00663429965599018,0.00936657364453125,1.3438154130000002,1.355172217,0.20270474696580568,0.3114593929999998,0.9474596669,0.9755519622,0.04837010013487867,0.08107857359999993,0.98621573154,0.9972696783,0.01508608491963779,0.027471843199999957,0.9980318178,1.0,0.0025616950432911507,0.0035496256999999476,1.90795225044,1.737483071,0.6973149046513469,0.8454047620000003,0.287178301402392,0.26151987657454373,0.10495740122121165,0.12724736873926734,0.0014758304144,0.001257119534,0.000663924960595149,0.000687780438,0.0039251248188,0.003690041375,0.001056031323455441,0.00152555231,0.0080740532258,0.007797669138,0.0009381117195626528,0.0011144767770000005,0.031557873911400004,0.02902393956,0.025392874483434302,0.02058887835,0.0011443724651999999,0.0009059073636,0.001054041553302938,0.0006923028559999999
unimol2_84m,bbbp,scaffold,2,historical,encoder.layers.11.self_attn.linear_q,attention_query,11,dumped/n4_full_ft_splits/bbbp_scaffold_seed2.json,1,classification,768,768,5,True,0.67145266532,0.6617757082,0.028209638946805463,0.041344761899999916,1.0000044228,1.000004108,6.552469458095776e-07,5.539999998749323e-07,0.0013020890921875,0.0013020886822916666,8.531861273165535e-10,7.213541665038181e-10,1.0,1.0,0.0,0.0,1.0,1.0,0.0,0.0,1.0,1.0,0.0,0.0,1.0,1.0,0.0,0.0,4.4226395988e-06,4.108131102e-06,6.552147292546043e-07,5.537121369999998e-07,6.656802482375759e-07,6.183415290076713e-07,9.862063002770243e-08,8.334281475486496e-08,0.0016179174698599998,0.001533788369,0.0007945566103376139,0.0008327359570000001,0.0037393517938,0.00439317937,0.0017199227715843232,0.0031098326270000004,0.0101980185304,0.01199891929,0.0026424853342846663,0.003958548604999999,0.050398995393,0.03803121358,0.04018415685081596,0.080091388071,0.00181329054478,0.001187046175,0.0015776074121873385,0.0027402226698
unimol2_84m,bbbp,scaffold,2,historical,encoder.layers.11.self_attn.linear_v,attention_value,11,dumped/n4_full_ft_splits/bbbp_scaffold_seed2.json,1,classification,768,768,5,True,0.67145266532,0.6617757082,0.028209638946805463,0.041344761899999916,5.723868692999999,4.968382628,1.8449751931522949,3.1278146089999996,0.00745295402734375,0.0064692482135416665,0.0024023114494170507,0.004072675272135416,1.1564316,1.127204217,0.08066476941156894,0.15073466000000013,0.9862174034999999,0.9859562357,0.007424365722665341,0.00624058389999993,0.99701564824,0.9984977643,0.0026428484766638774,0.0033995089999999673,0.9996458514800001,1.0,0.00043655499823067224,0.0008071327999999989,1.6892442098,1.60309436,0.33859074893965263,0.5108709839999999,0.2542591318584183,0.24129215769754522,0.0509634956161137,0.07689451420341098,0.00036231693448,0.0004095032728,0.0001147518206770397,0.0001927938784,0.0060430033033999995,0.005414506483,0.0025594070966429524,0.004495256867000001,0.025576073216,0.02644652435,0.008375869373388412,0.00703568773,0.9180431306999999,0.9329448469,0.06353690419814292,0.10068026639999994,0.030348473414,0.03021807782,0.003513398543153246,0.0035415664300000003
unimol2_84m,esol,scaffold,0,historical,encoder.layers.11.self_attn.linear_k,attention_key,11,dumped/n4_full_ft_splits/esol_scaffold_seed0.json,1,regression,768,768,5,True,1.565982518645271,0.6856592298,1.7229207243682467,2.825216288686,7.068321623600001,5.788123105,2.4735441815662695,4.844154313999999,0.009203543780729167,0.007536618626302084,0.0032207606530810797,0.006307492596354165,1.3675656308000002,1.326127814,0.08353410555741665,0.09548509900000002,0.96015966962,0.9752094303,0.029954104611380393,0.06102095610000002,0.9914381409599999,0.997396044,0.00924775536870501,0.016977661000000088,0.99969615624,1.0,0.0003762732810807606,0.0006715748000000188,1.8948785164,1.755808078,0.3466745263011879,0.6799227029999999,0.28521048866822746,0.26427809255307955,0.05218023751888692,0.10233958784211378,0.00150588611006,0.001511935168,0.000417952204225822,0.0003789029510000001,0.004579939392,0.005101688579,0.0012830297228849491,0.0015588250660000004,0.007457585962000001,0.007794508709,0.002235690033841301,0.00201304317,0.0190171477372,0.02160377957,0.005645643553166048,0.0010055395500000001,0.013350211500573025,0.008990297094,0.014333299376474033,0.019670451818994
unimol2_84m,esol,scaffold,0,historical,encoder.layers.11.self_attn.linear_q,attention_query,11,dumped/n4_full_ft_splits/esol_scaffold_seed0.json,1,regression,768,768,5,True,1.565982518645271,0.6856592298,1.7229207243682467,2.825216288686,1.0000044064,1.000004459,4.0566961932365965e-07,6.940000001343094e-07,0.0013020890708333333,0.0013020891393229165,5.282156501175833e-10,9.036458335082154e-10,1.0,1.0,0.0,0.0,1.0,1.0,0.0,0.0,1.0,1.0,0.0,0.0,1.0,1.0,0.0,0.0,4.4062769894e-06,4.458867907e-06,4.05450193671343e-07,6.937539830000005e-07,6.632174054840849e-07,6.711332065121653e-07,6.102694545681389e-08,1.0442142374534728e-07,0.0027918773272,0.002391244756,0.0011916450190283094,0.001506194584,0.0045288641117999994,0.004597019487,0.001206296053302381,0.0010935045870000002,0.011957363126,0.01140613162,0.0012199786192555408,0.0006295265199999997,0.03757226607,0.04360243171,0.01543549281315556,0.011771751980000002,0.026014841004707794,0.01400273293,0.03387730892498629,0.024933938048361
unimol2_84m,esol,scaffold,0,historical,encoder.layers.11.self_attn.linear_v,attention_value,11,dumped/n4_full_ft_splits/esol_scaffold_seed0.json,1,regression,768,768,5,True,1.565982518645271,0.6856592298,1.7229207243682467,2.825216288686,4.795198442799999,4.38332019,0.9744508987263818,1.5556298380000002,0.006243747972395833,0.0057074481640625,0.0012688162743833096,0.0020255596848958333,1.0844713062,1.08749459,0.010527888370677302,0.01288165199999991,0.98981356262,0.9896567281,0.004204467492212531,0.0031688080999999757,0.99815154984,0.9992393261,0.0020528133128949687,0.0013666319999999788,0.99993510264,1.0,9.055436793567585e-05,9.363959999997284e-05,1.5479297636000002,1.477806471,0.19598287910403556,0.33638231099999993,0.23298897553559797,0.22243426272610978,0.029498657690237202,0.0506310892594474,0.00061108551948,0.0005362798583,0.0003319025078602195,0.0003933227745,0.010463214851200001,0.01017940368,0.0024213995367808588,0.003234183741000001,0.040568906644,0.04236319761,0.006098827079453578,0.005184903800000001,0.9434105862,0.9346159719,0.020759639620942547,0.010944029199999927,0.8764791910899425,0.3931516111,0.9717413618986002,1.519435426869
unimol2_84m,esol,scaffold,1,historical,encoder.layers.11.self_attn.linear_k,attention_key,11,dumped/n4_full_ft_splits/esol_scaffold_seed1.json,1,regression,768,768,5,True,0.7515389616349999,0.1061649472,0.8640218335694403,1.70165346535,6.602437728,6.090964852,3.6792565878740486,5.770790883,0.008596924124999999,0.007930943817708333,0.004790698682127668,0.00751405062890625,1.4136969908,1.429855127,0.31847617276433604,0.482208371,0.96431230488,0.9538926802,0.025605538937199655,0.045628037499999996,0.9920646421799999,0.9991636141,0.010722074088560038,0.01121423180000003,0.99912799632,1.0,0.0015214934027400033,0.0004665648999999661,1.69343936912,1.806806501,0.6630352236162735,0.9489567120000002,0.254890572570497,0.27195419686227446,0.09979774349392947,0.14283364617417035,0.0010052612829199998,0.0008134552198,0.0004757454870968998,0.00010553856630000002,0.0030417164079999995,0.00282903777,0.0011198743688193536,0.0015688764249999995,0.005283299075599999,0.005853128341,0.0009920836684270953,0.0013835922200000003,0.033185777236,0.02177050152,0.022963941612597263,0.03294498563,0.012679257916418,0.001146787545,0.01849661098005499,0.012630569513000001
unimol2_84m,esol,scaffold,1,historical,encoder.layers.11.self_attn.linear_q,attention_query,11,dumped/n4_full_ft_splits/esol_scaffold_seed1.json,1,regression,768,768,5,True,0.7515389616349999,0.1061649472,0.8640218335694403,1.70165346535,1.0000038496,1.000003848,3.814774436507137e-07,3.7499999994139444e-07,0.0013020883458333334,0.00130208834375,4.967154214578297e-10,4.88281250068251e-10,1.0,1.0,0.0,0.0,1.0,1.0,0.0,0.0,1.0,1.0,0.0,0.0,1.0,1.0,0.0,0.0,3.84946153e-06,3.848352567e-06,3.8154903188384183e-07,3.7494867399999975e-07,5.794074894926296e-07,5.792405722594626e-07,5.742942615721114e-08,5.643596336730505e-08,0.0031844366046,0.00315554697,0.0018114349646362654,0.003808714001,0.0049318555958,0.004579053138,0.0018405861414025055,0.002611279928,0.010727608396799999,0.01198444326,0.0030435361631603475,0.0030230371899999994,0.044965183586,0.048623121,0.01455990163000686,0.02442167837,0.01963075598066,0.001438026782,0.026267541753310156,0.027138036849500002
unimol2_84m,esol,scaffold,1,historical,encoder.layers.11.self_attn.linear_v,attention_value,11,dumped/n4_full_ft_splits/esol_scaffold_seed1.json,1,regression,768,768,5,True,0.7515389616349999,0.1061649472,0.8640218335694403,1.70165346535,4.852252132399999,4.722336748,1.2579625707410127,2.1893957710000005,0.006318036630729167,0.006148875973958333,0.0016379720973190273,0.002850775743489584,1.1194654518,1.123052956,0.04413834192143944,0.05113447500000001,0.9887682352,0.9888738503,0.005228688930276269,0.0041288066000000345,0.99820590058,0.9992590681,0.0019317138615186319,0.0037026515000000426,0.99984700728,1.0,0.00021227645604083212,0.0002247547000000516,1.5435237026,1.552303751,0.27264635469136367,0.44087529599999997,0.23232579064008316,0.23364733282498915,0.04103777597461535,0.06635900799213335,0.00038646044124000003,0.0003228439456,0.00011491066150484025,0.00011333053630000004,0.0069734962608,0.007645522002,0.002618536354328995,0.002669434914,0.031106224961999995,0.03187828122,0.010828157345917437,0.009909648400000002,0.9218490391999999,0.9296063775,0.03520267191856301,0.06924149219999998,0.3796466409728,0.04994290322,0.43829402405045575,0.90108985365
unimol2_84m,esol,scaffold,2,historical,encoder.layers.11.self_attn.linear_k,attention_key,11,dumped/n4_full_ft_splits/esol_scaffold_seed2.json,1,regression,768,768,5,True,0.35346809327999995,0.3664236665,0.14591560806699785,0.2322919815,5.332119191,5.232111417,2.0136375047697688,2.7697064469999995,0.006942863529947917,0.006812645074218749,0.002621923834335636,0.0036063886028645823,1.193569573,1.161241788,0.13803808382506602,0.22972042999999998,0.97461762702,0.9824817991,0.02620508323409973,0.0261027707,0.9961709196199999,0.9990101842,0.004714956122718605,0.004712998199999929,1.0,1.0,0.0,0.0,1.6040280228000001,1.654814909,0.3718866324502287,0.6069261930000001,0.2414326893575618,0.24907695388727893,0.05597507557994879,0.0913524083960515,0.00118192246888,0.001197791655,0.00016728614989800544,0.0001229243949999999,0.0033144524764000005,0.003347451176,0.0007105057875021158,0.0012162042910000004,0.005535198989399999,0.005989705361,0.0012826355442032628,0.0016951623940000002,0.030025751410000003,0.0273924834,0.012926591119570934,0.01234147893,0.0061384060882,0.003816094249,0.004816553459232439,0.0007628519090000004
unimol2_84m,esol,scaffold,2,historical,encoder.layers.11.self_attn.linear_q,attention_query,11,dumped/n4_full_ft_splits/esol_scaffold_seed2.json,1,regression,768,768,5,True,0.35346809327999995,0.3664236665,0.14591560806699785,0.2322919815,1.000004116,1.000004044,2.66394444384869e-07,3.1599999994469385e-07,0.0013020886927083335,0.0013020885989583333,3.4686776611598393e-10,4.1145833333360027e-10,1.0,1.0,0.0,0.0,1.0,1.0,0.0,0.0,1.0,1.0,0.0,0.0,1.0,1.0,0.0,0.0,4.116105024e-06,4.043891297e-06,2.6632017867566423e-07,3.1521739100000005e-07,6.195417358655459e-07,6.086723781795692e-07,4.008558208079953e-08,4.744541950617352e-08,0.0018628820808,0.001937874919,0.00029426013190049434,0.00057505861,0.0035100653562000006,0.003397940764,0.0004946175126817169,0.00047574687699999995,0.0080596431226,0.006871258298,0.0018355382139272978,0.002489330217,0.049064964063999995,0.0468449839,0.018396633223899204,0.0400045549,0.009453243203199999,0.006526055746,0.005896573728918591,0.0014679436569999997
unimol2_84m,esol,scaffold,2,historical,encoder.layers.11.self_attn.linear_v,attention_value,11,dumped/n4_full_ft_splits/esol_scaffold_seed2.json,1,regression,768,768,5,True,0.35346809327999995,0.3664236665,0.14591560806699785,0.2322919815,4.541707602600001,4.62861307,1.136397837650903,1.372275829,0.00591368177421875,0.0060268399348958335,0.00147968468444128,0.0017868174856770832,1.0948704178,1.085861105,0.03431802534324807,0.03833315299999995,0.98872121972,0.9908549288,0.008786367601197623,0.013402677099999982,0.9984095929800001,0.998951206,0.0016741246147899235,0.001115981700000046,0.99999221496,1.0,1.5570080000015806e-05,0.0,1.4833465376,1.53225727,0.2423530468517457,0.33694187,0.2232681341793797,0.2306300065992685,0.03647813320198569,0.05071531212357694,0.00047894569045999993,0.0004851101592,0.0001191427954987859,0.00011788487079999994,0.009607699095,0.009716897985,0.0016963651271001288,0.0036748085059999996,0.038355029289999995,0.03838038707,0.005776054832162308,0.004960312389999999,0.9209092845400001,0.9257625327,0.03038086283618478,0.05353378180000001,0.18196352720400003,0.1943469495,0.0694545751655194,0.11554795510000002
unimol2_84m,freesolv,scaffold,0,historical,encoder.layers.11.self_attn.linear_k,attention_key,11,dumped/n4_full_ft_splits/freesolv_scaffold_seed0.json,1,regression,768,768,5,True,1.3061780036,0.8362555504,1.0581141744977234,0.4063883425999999,3.5604737794,3.672201944,1.0123014997423003,1.5041367380000001,0.004636033566927083,0.004781512947916667,0.0013181009111227868,0.001958511377604167,1.2123109464000001,1.107915063,0.16661737178258135,0.23780319799999994,0.9922569737,0.9918688481,0.0065587222251083325,0.010894446300000027,1.0,1.0,0.0,0.0,1.0,1.0,0.0,0.0,1.22511896042,1.300791467,0.3073906346550608,0.4273533460000001,0.1844006221791681,0.19579058327357923,0.04626736350812027,0.06432373135889868,0.0021359916737999996,0.001648607088,0.0008555275764548251,0.00158775752,0.0054940352624,0.006141693439,0.0008667580058856694,0.0012579013780000007,0.009548461127800001,0.009939880488,0.0018332959013163282,0.002213758990000001,0.034717988168,0.02562978735,0.018893687238139185,0.019085939920000003,0.022440775296,0.01271441206,0.012957698805112975,0.0242339233
unimol2_84m,freesolv,scaffold,0,historical,encoder.layers.11.self_attn.linear_q,attention_query,11,dumped/n4_full_ft_splits/freesolv_scaffold_seed0.json,1,regression,768,768,5,True,1.3061780036,0.8362555504,1.0581141744977234,0.4063883425999999,1.0000048056000002,1.000004797,3.518343928833591e-07,3.849999998806197e-07,0.0013020895906249998,0.0013020895794270831,4.5811769907574055e-10,5.013020831778903e-10,1.0,1.0,0.0,0.0,1.0,1.0,0.0,0.0,1.0,1.0,0.0,0.0,1.0,1.0,0.0,0.0,4.8057663052000004e-06,4.796767289e-06,3.517157779001639e-07,3.8480037900000074e-07,7.233471404464723e-07,7.219926399939517e-07,5.2939029082356174e-08,5.7918807556495503e-08,0.002428426857,0.00211138073,0.0009692672383754737,0.0002477600770000002,0.0038701711035999996,0.003314609052,0.0009757997497852867,0.002000775244,0.0108970188918,0.01104442704,0.0015215989655041617,0.001609118263,0.042598490162,0.04583054509,0.01931998344405319,0.025412484049999996,0.027564337478000002,0.02273559384,0.015187154537507998,0.021950575530000002
unimol2_84m,freesolv,scaffold,0,historical,encoder.layers.11.self_attn.linear_v,attention_value,11,dumped/n4_full_ft_splits/freesolv_scaffold_seed0.json,1,regression,768,768,5,True,1.3061780036,0.8362555504,1.0581141744977234,0.4063883425999999,3.5614394176000004,3.204467005,0.6316387897577362,0.6813078689999998,0.0046372909083333335,0.004172483079427083,0.0008224463408303858,0.0008871196210937498,1.1294158628,1.145038688,0.0427898432845628,0.03871038900000001,0.9940976669999999,0.9963085988,0.005329671967878976,0.00534649790000008,0.9997874626400002,1.0,0.0003551111934694029,0.00014942139999996051,1.0,1.0,0.0,0.0,1.2554083502,1.164545776,0.16908362855804146,0.194137118,0.18895967521916393,0.17528335826008531,0.025449876553804415,0.029220840182734437,0.00062244287342,0.0005550710215,0.00022628772638650402,0.00027266934029999995,0.0069248781722,0.006803909662,0.0016279556349585282,0.0017341505620000006,0.030428566620000003,0.03177040082,0.0049372314645887766,0.005282707979999999,0.92268352168,0.9285396676,0.03745949836339061,0.044498424000000036,0.73253514168,0.460629493,0.5891836979256415,0.16021895409999992
unimol2_84m,freesolv,scaffold,1,historical,encoder.layers.11.self_attn.linear_k,attention_key,11,dumped/n4_full_ft_splits/freesolv_scaffold_seed1.json,1,regression,768,768,5,True,1.0977348387119998,0.6681829691,1.1339382888003753,0.3110212684,3.5355235424,3.044310524,1.4754534320795796,1.0432539269999999,0.004603546279166666,0.0039639459947916665,0.0019211633230202855,0.0013584035507812502,1.1863476378,1.119756478,0.1720284577833715,0.08251592000000008,0.9927868209999999,0.9965676657,0.008879056293719819,0.0072317937999999415,0.9995566804599999,1.0,0.0008866390800000179,0.0,1.0,1.0,0.0,0.0,1.18904279972,1.113274446,0.36909377760142925,0.3431367195999999,0.17897056461428068,0.16756617694349524,0.055554704833586196,0.05164773922449678,0.0020465819936000005,0.002078427314,0.0003408612509050643,0.0005178080489999998,0.004494038486400001,0.004264670973,0.0006608713514507392,0.0009088127249999994,0.0083006923226,0.008126579853,0.0005500759644730816,0.0005520213520000001,0.05279909242999999,0.05369312155,0.028159037946528007,0.031419128410000004,0.03669571567846,0.02899202704,0.03294412639198284,0.044022744517
unimol2_84m,freesolv,scaffold,1,historical,encoder.layers.11.self_attn.linear_q,attention_query,11,dumped/n4_full_ft_splits/freesolv_scaffold_seed1.json,1,regression,768,768,5,True,1.0977348387119998,0.6681829691,1.1339382888003753,0.3110212684,1.0000042690000002,1.000004267,1.8166452598435012e-07,1.2100000001957767e-07,0.0013020888919270835,0.0013020888893229166,2.3654235151936397e-10,1.575520833588251e-10,1.0,1.0,0.0,0.0,1.0,1.0,0.0,0.0,1.0,1.0,0.0,0.0,1.0,1.0,0.0,0.0,4.2690359862e-06,4.26680258e-06,1.8189456416627303e-07,1.2166430200000035e-07,6.425603695584494e-07,6.422242050665394e-07,2.7378133786918567e-08,1.8312485326406976e-08,0.0028519981650000003,0.002669235917,0.0010823421991756719,0.000441857192,0.0042557674513999996,0.00362768441,0.001395902069164683,0.0011452258370000003,0.0097303068532,0.00806871608,0.0035993730804952384,0.004652248761,0.060657163128,0.04833258698,0.029706318842296398,0.007421198830000003,0.039365972043200005,0.02348371781,0.034247499623283176,0.046417948789999997
unimol2_84m,freesolv,scaffold,1,historical,encoder.layers.11.self_attn.linear_v,attention_value,11,dumped/n4_full_ft_splits/freesolv_scaffold_seed1.json,1,regression,768,768,5,True,1.0977348387119998,0.6681829691,1.1339382888003753,0.3110212684,3.6417764298,3.601379599,0.566778301715705,0.42009114599999986,0.00474189639296875,0.004689296352864583,0.0007379925803589907,0.0005469936796874998,1.1479096474,1.136961129,0.04591389309234667,0.06938931999999998,0.9956411929,0.9956830991,0.0031441020348565852,0.00410577599999995,0.9998115545200001,1.0,0.00030679049163237596,0.00015153249999999563,1.0,1.0,0.0,0.0,1.281281723,1.281316994,0.14671563695984025,0.12314411599999997,0.19285404482434737,0.19285935369193902,0.02208312467022189,0.01853522175537864,0.00037412231178,0.0003469419184,0.0001338343483525204,0.0002000462106,0.005058641311800001,0.004329775454,0.0023075765230997146,0.0038927232210000003,0.024002021342000003,0.0281618691,0.009408262164293397,0.01697551982,0.88654374448,0.8926724339,0.05673823640450924,0.032934829799999954,0.5397895269599999,0.4078323841,0.5121537216038977,0.14241325860000004
unimol2_84m,freesolv,scaffold,2,historical,encoder.layers.11.self_attn.linear_k,attention_key,11,dumped/n4_full_ft_splits/freesolv_scaffold_seed2.json,1,regression,768,768,5,True,1.4067243374211997,0.9756448865,1.2896010569377883,1.3994803727,4.185951537599999,3.944512188,0.6531359682955545,0.5178186980000006,0.0054504577312499995,0.005136083578125,0.0008504374587181699,0.0006742430963541674,1.1579411182,1.142848874,0.07834104251566508,0.09389462400000004,0.98923517788,0.9899460379,0.005324077869772304,0.006109564499999998,0.9995166381,0.9996611702,0.000498775262656671,0.0007760526000000212,1.0,1.0,0.0,0.0,1.4206038282,1.372325293,0.14590163457230093,0.12969638400000005,0.21382432094625475,0.20655760463837322,0.02196060387708509,0.019521446224119582,0.0012818355087999998,0.001169375175,0.00023358441204679778,0.00023008516299999988,0.0033442126666,0.003585839379,0.0007435222182966132,0.001209880874,0.006438412692200001,0.006799924243,0.0011174644751516798,0.0018231881459999993,0.030726964981999998,0.03071338256,0.0055039371318691376,0.008078228130000004,0.025051252235332,0.0208457429,0.02341178124717137,0.025899115486
unimol2_84m,freesolv,scaffold,2,historical,encoder.layers.11.self_attn.linear_q,attention_query,11,dumped/n4_full_ft_splits/freesolv_scaffold_seed2.json,1,regression,768,768,5,True,1.4067243374211997,0.9756448865,1.2896010569377883,1.3994803727,1.0000044129999999,1.000004394,2.495900638806238e-07,2.559999998652529e-07,0.0013020890794270836,0.0013020890546875002,3.2498706237942956e-10,3.333333331578814e-10,1.0,1.0,0.0,0.0,1.0,1.0,0.0,0.0,1.0,1.0,0.0,0.0,1.0,1.0,0.0,0.0,4.4129477382e-06,4.393930423e-06,2.494395157502622e-07,2.5589783200000014e-07,6.642214632685626e-07,6.613590434804834e-07,3.754476372208781e-08,3.8516846901890345e-08,0.0021325520017999996,0.002491709743,0.00061254753349729,0.0008474527879999997,0.0034006872564,0.003519978729,0.0011670845316536047,0.0006144814199999997,0.007614543805200001,0.007630614227,0.002849573067339359,0.002848467042000001,0.050898460193999996,0.05157549939,0.009361671676169544,0.008408231040000005,0.039170301737996,0.03133053705,0.031592589075566384,0.05150894449000001
unimol2_84m,freesolv,scaffold,2,historical,encoder.layers.11.self_attn.linear_v,attention_value,11,dumped/n4_full_ft_splits/freesolv_scaffold_seed2.json,1,regression,768,768,5,True,1.4067243374211997,0.9756448865,1.2896010569377883,1.3994803727,3.9057430650000002,3.926906139,0.3002880638663982,0.34251114299999985,0.005085602949218751,0.00511315903515625,0.00039100008315937285,0.0004459780507812495,1.0822871538,1.093402065,0.02093222026648258,0.03452806099999983,0.9930675026,0.9925922074,0.002780729848602235,0.002965878000000033,0.99949212824,0.9997225797,0.0005741432025401606,0.000741915400000015,1.0,1.0,0.0,0.0,1.359572811,1.367851874,0.07532055319489825,0.09046179899999984,0.20463814563798155,0.20588428125222197,0.011336986301523588,0.013615993677322635,0.0006525396427999999,0.0006021657517,0.00013527866887616565,0.00013233390130000001,0.0091932604416,0.009425846228,0.0014546721424343121,0.002228029551999999,0.036174927084000004,0.03574826306,0.0065722555491791,0.00897780427,0.91837457484,0.9162787422,0.012186800795304993,0.019628695099999982,0.7940009621385999,0.5003268123,0.8007594104280032,0.6919590234999999
unimol2_84m,lipo,scaffold,0,historical,encoder.layers.11.self_attn.linear_k,attention_key,11,dumped/n4_full_ft_splits/lipo_scaffold_seed0.json,1,regression,768,768,5,True,0.36051544146979997,0.2759323418,0.3360083271226687,0.56480138748,10.6094575262,10.6548063,1.6027197495336472,2.1341121019999996,0.013814397820572916,0.013873445703125,0.002086874673871937,0.002778791799479166,1.541958654,1.37920568,0.35742484866509816,0.11221431599999998,0.9229226412199999,0.9316257547,0.018451197040393788,0.02537371860000004,0.9784821774199999,0.9803074762,0.008947456740000614,0.0059626184999999055,0.99829448622,0.999141025,0.001825787376835322,0.001879297000000002,2.3504132062,2.366011086,0.1503576813662325,0.20684446099999976,0.3537759773571927,0.35612371568524026,0.022631312459522497,0.031133505018678842,0.00153209915564,0.001709834154,0.0006582421410222237,0.0010731803915000001,0.005244383446200001,0.005150699043,0.0014379792928489886,0.0014907816950000003,0.007556261049999999,0.007901157132,0.001596358691540777,0.0014976760239999998,0.01592789928,0.01486417953,0.006047810202505355,0.006852728270000002,0.00255569211953,0.003394613741,0.0019640111924716383,0.0038749525558999997
unimol2_84m,lipo,scaffold,0,historical,encoder.layers.11.self_attn.linear_q,attention_query,11,dumped/n4_full_ft_splits/lipo_scaffold_seed0.json,1,regression,768,768,5,True,0.36051544146979997,0.2759323418,0.3360083271226687,0.56480138748,1.000003881,1.000003915,1.7813702595143604e-07,3.4200000009754206e-07,0.00130208838671875,0.0013020884309895833,2.3194925255602646e-10,4.4531250019928803e-10,1.0,1.0,0.0,0.0,1.0,1.0,0.0,0.0,1.0,1.0,0.0,0.0,1.0,1.0,0.0,0.0,3.8808713392e-06,3.914909061e-06,1.7810539712676979e-07,3.4156871300000016e-07,5.841351841460723e-07,5.892584230153244e-07,2.680780161331018e-08,5.141172835374682e-08,0.004291756750400001,0.004530236835,0.0005750561340523945,0.00024325856499999958,0.00580605207,0.005637148844,0.0005581618563795837,0.0005609360729999999,0.013259922899600003,0.01368172629,0.0026014995300882968,0.0034437342300000003,0.031529849958,0.02616203808,0.011716879465216209,0.01088464666,0.00505226726522,0.007942426018,0.003849637086482489,0.007586166611600001
unimol2_84m,lipo,scaffold,0,historical,encoder.layers.11.self_attn.linear_v,attention_value,11,dumped/n4_full_ft_splits/lipo_scaffold_seed0.json,1,regression,768,768,5,True,0.36051544146979997,0.2759323418,0.3360083271226687,0.56480138748,6.7446945854,6.652445384,0.5623002012799535,0.7997919419999997,0.008782154408072916,0.008662038260416666,0.0007321617204166064,0.0010413957578125008,1.0790611956,1.070109044,0.016547160254627925,0.02372666000000012,0.9816418143,0.9827746858,0.006679566753139499,0.0033292155000000934,0.9946783704,0.995475201,0.0015504145427978728,0.002432172300000035,0.9995770996600001,0.9998372041,0.0003705502030468014,0.00047213359999997984,1.9053305574,1.894984514,0.08248201097735099,0.11971427800000001,0.2867836933330067,0.28522644305634887,0.01241490388623015,0.018018974532368615,0.0006807959680799999,0.0006227343512,0.00012914788744905495,0.0002480245836999999,0.012789288171999999,0.01230598623,0.0013493521443187796,0.0017867961299999988,0.046314231758,0.04440702194,0.0037400172767401464,0.005992205469999998,0.95254225076,0.9566954205,0.01728786871588059,0.015138486699999953,0.18620411977,0.1458920389,0.17166534448330253,0.2929280661
unimol2_84m,lipo,scaffold,1,historical,encoder.layers.11.self_attn.linear_k,attention_key,11,dumped/n4_full_ft_splits/lipo_scaffold_seed1.json,1,regression,768,768,5,True,0.565887332008,0.1951171458,0.8371824384016157,0.13327254353,14.154640988199997,14.89457196,2.956301690202486,3.706404189999999,0.018430522120052084,0.01939397390625,0.00384935115911782,0.0048260471223958296,2.1861205182,1.790284342,0.7284850520480856,1.4810569630000001,0.85517641986,0.8649764545,0.053150920769999714,0.07125407429999997,0.9528492534600002,0.944513205,0.021531896308547047,0.025537562899999977,0.99407730192,0.9929648744,0.0032785165057957187,0.00427264940000005,2.6245943715999998,2.700996848,0.23462571549597638,0.24996627800000004,0.3950447676730625,0.40654460127237213,0.035315042305653514,0.037624050134044795,0.0010185382541600002,0.001169028897,0.00032369705534626936,0.0004804557276000001,0.0038600529884,0.003876440984,0.0006665191456647662,0.0005658747689999996,0.0067799310098,0.006904624523,0.0006517866474647751,0.0004567280070000004,0.010380298037,0.009355303318,0.0038842966973957707,0.005100553446000001,0.0025796780712199997,0.001105503063,0.003367232610632981,0.0014669518861
unimol2_84m,lipo,scaffold,1,historical,encoder.layers.11.self_attn.linear_q,attention_query,11,dumped/n4_full_ft_splits/lipo_scaffold_seed1.json,1,regression,768,768,5,True,0.565887332008,0.1951171458,0.8371824384016157,0.13327254353,1.0000041458,1.000004142,2.392642054968038e-07,1.3800000009389635e-07,0.0013020887315104168,0.0013020887265625001,3.1154193422715665e-10,1.7968750012226087e-10,1.0,1.0,0.0,0.0,1.0,1.0,0.0,0.0,1.0,1.0,0.0,0.0,1.0,1.0,0.0,0.0,4.145835164e-06,4.142192421e-06,2.39314562183552e-07,1.3868674299999992e-07,6.240166125841252e-07,6.234683196449576e-07,3.602079111407557e-08,2.0874643625166757e-08,0.002712240858,0.002703272097,0.0008384764833287984,0.001185882671,0.004712197174,0.004440021497,0.000615468083015934,0.0007323538419999999,0.0106741566724,0.01084920071,0.0019814176167132643,0.0034515019920000004,0.014339115407,0.01310845051,0.00600187736314689,0.004507446930000001,0.0042108012295199995,0.0009309810703,0.006083154654610105,0.0021749762235
unimol2_84m,lipo,scaffold,1,historical,encoder.layers.11.self_attn.linear_v,attention_value,11,dumped/n4_full_ft_splits/lipo_scaffold_seed1.json,1,regression,768,768,5,True,0.565887332008,0.1951171458,0.8371824384016157,0.13327254353,7.6373918858,7.755366645,0.6509439373293427,0.24676792300000017,0.009944520684635418,0.010098133652343749,0.0008475832517309148,0.00032131239973958413,1.0860661592,1.080317662,0.028282743542824357,0.027749636000000022,0.98199962206,0.9816315981,0.0007596570507649443,0.0009078746999999776,0.9939421009,0.993153179,0.0014140675149759447,0.002018136100000012,0.9990001557799999,0.9988278634,0.0004218633926549838,6.477990000008926e-05,2.0291491946000004,2.048385074,0.09002538983502358,0.03137956999999991,0.30542044166088267,0.3083157589681158,0.013550306895755964,0.0047231431547929414,0.00041964361042000006,0.0004189556801,0.00022878789512327104,0.00022249247519999998,0.008349525947,0.009302066346,0.0024841675986340176,0.0005588595140000006,0.037590393942,0.04278724535,0.012009045468761782,0.00429898812,0.97528058654,0.9769093461,0.00942837028335241,0.0038760373999999764,0.300260088526,0.08615868539,0.45783022137278423,0.054808218080000005
unimol2_84m,lipo,scaffold,2,historical,encoder.layers.11.self_attn.linear_k,attention_key,11,dumped/n4_full_ft_splits/lipo_scaffold_seed2.json,1,regression,768,768,5,True,1.423987713462,0.9230675697,1.8499539077815066,1.0464967896500001,12.268187521,13.05711675,2.6792269540571803,3.7441227899999987,0.015974202501302083,0.0170014541015625,0.0034885767630952872,0.004875159882812499,1.4746783208,1.395060939,0.2109386195795376,0.15321104600000002,0.9126565019000001,0.9136840714,0.034589500257476334,0.042078630600000055,0.97518837044,0.9709712643,0.010150749061141886,0.004838793499999938,0.99617636322,0.9948848812,0.0024074206810575324,0.003976794399999983,2.479436348,2.56933333,0.24365219904143512,0.2946491820000001,0.3731960895194227,0.38672706891684094,0.03667367704697037,0.044349564606163794,0.0009541803477199999,0.0006989876466,0.0005737206454635235,0.0006636636945999999,0.0041072825474,0.002809225783,0.002583287472094362,0.003325594935,0.007737013727799999,0.00494170543,0.004655897114690395,0.004651607648,0.0118758006266,0.01064157688,0.0033749073508859734,0.0007840958399999987,0.008797222408259999,0.006680680439,0.009851193789321365,0.009691803192699999
unimol2_84m,lipo,scaffold,2,historical,encoder.layers.11.self_attn.linear_q,attention_query,11,dumped/n4_full_ft_splits/lipo_scaffold_seed2.json,1,regression,768,768,5,True,1.423987713462,0.9230675697,1.8499539077815066,1.0464967896500001,1.0000040994,1.000004239,2.9833712473362456e-07,6.280000000025154e-07,0.00130208867109375,0.0013020888528645833,3.8845979783024033e-10,8.177083333366086e-10,1.0,1.0,0.0,0.0,1.0,1.0,0.0,0.0,1.0,1.0,0.0,0.0,1.0,1.0,0.0,0.0,4.099273061800001e-06,4.238671173e-06,2.984042935267268e-07,6.281429940000003e-07,6.170082477697349e-07,6.379899640490002e-07,4.491477086306731e-08,9.454588709603863e-08,0.003022080411,0.003075199799,0.001344420433827466,0.001737119574,0.0049801550276,0.004866188093,0.0011378262938225342,0.0009812608810000007,0.0107954297544,0.01113502052,0.002037443345270334,0.0020834710599999997,0.019138150184000002,0.01918391666,0.004162087156454436,0.0023109242400000014,0.015701806568240002,0.01180771086,0.019253156604886967,0.013216977939
unimol2_84m,lipo,scaffold,2,historical,encoder.layers.11.self_attn.linear_v,attention_value,11,dumped/n4_full_ft_splits/lipo_scaffold_seed2.json,1,regression,768,768,5,True,1.423987713462,0.9230675697,1.8499539077815066,1.0464967896500001,6.878940631400001,7.276148654,0.8444376672828232,1.1837051890000003,0.008956953947135415,0.009474151893229166,0.001099528212607843,0.001541282798177085,1.0729410188,1.070409851,0.024430323364095296,0.01554973000000004,0.9853938550000001,0.9861745036,0.0015930532462425761,0.0022444639999998905,0.99564213582,0.9951926906,0.0013494540885965179,0.0009236072999999623,0.9992809592,0.9991358877,0.00039227326387561987,0.0005750388000000939,1.9204378257999999,1.984601691,0.12871950819378386,0.1710431389999998,0.289057586548595,0.29871530718353156,0.019374410293505704,0.025744815213916084,0.00064029458736,0.0006632991761,0.0001286227191758011,0.00012053772010000002,0.01119374297,0.01078085334,0.0013026858282923584,0.00055698964,0.045156487928,0.04586030696,0.004422209506086371,0.00803759977,0.96898604918,0.969619237,0.007266204609005996,0.0025397506000000014,0.727063320014,0.5144128799,0.9003948794615758,0.59901877307
